{"type":"FeatureCollection","features":[{"type":"Feature","properties":{"id":"13029","name":"Huichapan","slug":"huichapan","regionId":"11","regionName":"Huichapan"},"geometry":{"type":"MultiPolygon","coordinates":[[[[-99.53981897999995,20.511819280000054],[-99.53999001999995,20.509590650000064],[-99.53585267999995,20.508714619000045],[-99.53499654999996,20.504263550000076],[-99.53812417999995,20.499878740000042],[-99.54394407999996,20.495183910000037],[-99.54219785999999,20.49390408000005],[-99.54306488999998,20.487665970000023],[-99.54625075099995,20.479241020000075],[-99.54899134999994,20.47836891000003],[-99.54768795299998,20.47753413600003],[-99.54768564899996,20.477532661000055],[-99.54928838899997,20.47657732400006],[-99.54928993899995,20.476576399000066],[-99.54581691099997,20.47126166000004],[-99.54344942999995,20.471388280000042],[-99.53740870999997,20.46539006200004],[-99.53606459899999,20.457508309000048],[-99.53585839999994,20.45748535000007],[-99.53432167899996,20.457303850000073],[-99.53441488999994,20.461028181000074],[-99.52820284999996,20.46122697100003],[-99.52876276999996,20.462684860000024],[-99.52779,20.463140709000072],[-99.52678247999995,20.463637180000035],[-99.52187197099994,20.471913451000034],[-99.51977904999995,20.471658261000073],[-99.51159822999995,20.474214310000036],[-99.50732401799996,20.473539309000046],[-99.50469854999994,20.46732645900005],[-99.51440525899994,20.459673510000073],[-99.51439862899997,20.45857748900005],[-99.51866711899999,20.457462510000028],[-99.51879110799996,20.456208420000053],[-99.51441594899995,20.454867490000026],[-99.51279962899997,20.452065290000064],[-99.51039554899995,20.451260250000075],[-99.50774919899999,20.448492250000072],[-99.50542184899996,20.448393940000074],[-99.50374070899994,20.44512720000006],[-99.50754494899996,20.442027680000024],[-99.50783544899997,20.439851890000057],[-99.50586244899995,20.438091890000067],[-99.50277321799996,20.437516690000052],[-99.50054791999997,20.438507291000064],[-99.49846857899996,20.43746512000007],[-99.49582844899999,20.43018809000006],[-99.49761639899998,20.425794650000057],[-99.49775422899995,20.425646649000043],[-99.49972996899999,20.42507745000006],[-99.51361453899995,20.423933890000058],[-99.51630745899996,20.42556692000005],[-99.51823957999994,20.42418322900005],[-99.51551564899995,20.414956450000034],[-99.51628097899999,20.413251581000054],[-99.51562413899995,20.408946220000075],[-99.51400930899996,20.406347680000067],[-99.51605551999995,20.397330940000074],[-99.52015201899997,20.397510370000077],[-99.51879153899995,20.38973746000005],[-99.51710525999994,20.388763570000037],[-99.51865090899997,20.387353740000037],[-99.51630322899996,20.384909320000077],[-99.52116728899995,20.382128649000038],[-99.51879842999995,20.380851540000037],[-99.51947913899994,20.37856737000004],[-99.53348913899998,20.373501630000078],[-99.53587273899996,20.36889817900004],[-99.53426705899994,20.36546074000006],[-99.53477311899996,20.360376650000035],[-99.53315921899997,20.353673401000037],[-99.53357173899997,20.349481280000077],[-99.53440907999999,20.34686631900007],[-99.53764839899998,20.345797770000047],[-99.53909196899997,20.344031120000068],[-99.54194904999997,20.33256645000006],[-99.542209029,20.329478320000078],[-99.53751311899998,20.329906890000075],[-99.53792324999995,20.329148780000025],[-99.53242548799994,20.327460400000064],[-99.53108216899994,20.326166649000072],[-99.53080073999996,20.32590520100007],[-99.53156927999999,20.323295850000022],[-99.53311574999998,20.322665880000045],[-99.53426887899997,20.31968789000007],[-99.53677034899994,20.317469881000022],[-99.541181,20.305837650000058],[-99.54439497999994,20.305534420000072],[-99.54396421999996,20.304698060000078],[-99.54328242999998,20.303372570000022],[-99.54907564999996,20.30134811000005],[-99.55169210899999,20.296050740000055],[-99.55618974999999,20.294591230000037],[-99.56024845899998,20.29741518000003],[-99.56027013999994,20.295323749000033],[-99.56212672099997,20.295307570000034],[-99.56220265999997,20.295359740000038],[-99.56209011899995,20.294106140000054],[-99.56504457999995,20.294134949000068],[-99.56412968099994,20.292558450000058],[-99.56478730999999,20.292492280000033],[-99.56738576899994,20.29507662900005],[-99.57648634999998,20.294122050000055],[-99.57793544999998,20.29880182900007],[-99.58130581999995,20.30156862000007],[-99.57723944999998,20.310014230000036],[-99.58393364999995,20.31343183000007],[-99.58611610999998,20.31646606000004],[-99.58550483,20.31844755000003],[-99.58687039999995,20.32016746100004],[-99.59611157899997,20.314085431000024],[-99.59777562999994,20.314504340000042],[-99.59909905999996,20.314784830000065],[-99.603109481,20.309035539000035],[-99.60573301999995,20.307601309000063],[-99.60787323099999,20.29598598000007],[-99.60995394099996,20.293995110000026],[-99.61440444999994,20.292404480000073],[-99.61493126,20.289374830000042],[-99.62257533999997,20.288035920000027],[-99.62734045999997,20.28446457000007],[-99.63149694099997,20.28451084900007],[-99.63594214999995,20.28070586000007],[-99.64347230899995,20.281792820000078],[-99.64790161999997,20.279337660000067],[-99.65190185999995,20.281187600000067],[-99.65923325999995,20.286490480000055],[-99.66305642999998,20.291097380000053],[-99.66693176899997,20.291924851000033],[-99.66749013999998,20.293391350000036],[-99.66968213999996,20.294434780000074],[-99.67191819999994,20.297232],[-99.67163619999997,20.299372980000044],[-99.67367884999999,20.302566400000046],[-99.67660151999996,20.300012260000074],[-99.69200834999998,20.30247238000004],[-99.69343091999997,20.30254352000003],[-99.69339170999996,20.301234400000055],[-99.69384034999996,20.30098103000006],[-99.69788445999995,20.30321402000004],[-99.70229105999994,20.303830520000076],[-99.70013408999995,20.301982400000043],[-99.70308685999998,20.30228597100006],[-99.70615842999996,20.30059895000005],[-99.69877071999997,20.290526460000024],[-99.70131301999999,20.290074400000037],[-99.70175804999997,20.28204857000003],[-99.70739684999995,20.281007620000025],[-99.70890264999997,20.28103586000003],[-99.70920271999995,20.281204089000028],[-99.71024314999994,20.285779510000054],[-99.70974504999998,20.28868926000007],[-99.71434882999995,20.294106890000023],[-99.72013134899998,20.29552600100004],[-99.72163693899995,20.293902400000036],[-99.72338073999998,20.29393598000007],[-99.72848337,20.299694540000075],[-99.73136970999997,20.300212430000045],[-99.73233410999995,20.297073260000047],[-99.73372021999995,20.296199311000066],[-99.73605188,20.296621750000043],[-99.74058814999995,20.29264033900006],[-99.74114263099995,20.29062877000007],[-99.74014223099994,20.28923191000007],[-99.74155377999995,20.28854659900003],[-99.74090897999997,20.285603279000043],[-99.74210047999998,20.28399212000005],[-99.75707737999994,20.28936286000004],[-99.76801260099995,20.28986055000007],[-99.77906728,20.290307490000032],[-99.78568285999995,20.28799360000005],[-99.79387931999997,20.288533280000024],[-99.79271296999997,20.286654370000065],[-99.79342368999994,20.286528480000072],[-99.79394404999994,20.286217540000052],[-99.79692891899998,20.286814940000056],[-99.79801819899996,20.28889552000004],[-99.82420154,20.291467260000047],[-99.83145794999996,20.297202629000026],[-99.83832451999996,20.29026691000007],[-99.83657879999998,20.288671081000075],[-99.83719666099995,20.288058679000073],[-99.83764571999995,20.288075351000032],[-99.83942167999999,20.289223079000067],[-99.83946761999994,20.289216709000073],[-99.85809965899995,20.27065150900006],[-99.85910642099998,20.268470550000075],[-99.83507984999994,20.48103572100007],[-99.83330865,20.479151950000073],[-99.82936342999994,20.477826140000047],[-99.82391619999999,20.478014780000024],[-99.82014077999997,20.475440221000042],[-99.81580857999995,20.475534320000065],[-99.81128008999997,20.473811030000036],[-99.80767744999997,20.46906122000007],[-99.80701961999995,20.465747660000034],[-99.80393674099997,20.462339150000048],[-99.80346174999994,20.46009305000007],[-99.79718920099998,20.458094370000026],[-99.79196213999995,20.46007791900007],[-99.78989927999999,20.462226970000074],[-99.78576530899994,20.46208272000007],[-99.78611276999999,20.460465200000044],[-99.78256996899995,20.45694068000006],[-99.77659851999994,20.455721940000046],[-99.77227934099994,20.444500169000037],[-99.77666696999995,20.44356612000007],[-99.77711153999996,20.441390400000046],[-99.77031220099997,20.432903950000025],[-99.76902597999998,20.42968029000008],[-99.76562037999997,20.427889709000056],[-99.76602822999996,20.42429302000005],[-99.76124712099994,20.420234280000045],[-99.75485737999998,20.42263520100005],[-99.75211621999995,20.426426199000048],[-99.74499741999995,20.431133059000047],[-99.74256698,20.436449690000074],[-99.74328331999999,20.439317740000035],[-99.74238490999994,20.444149261000064],[-99.73779214999996,20.443980090000025],[-99.73848262999996,20.44604209000005],[-99.73198576999994,20.446395220000056],[-99.73529397999994,20.451042020000045],[-99.73451274999996,20.452471340000045],[-99.73307016999996,20.451550910000037],[-99.73106785999994,20.45238937000005],[-99.73330747999995,20.45558071000005],[-99.73267944999998,20.46028392000005],[-99.73830676999995,20.46054698000006],[-99.73755294999995,20.463160551000044],[-99.73504556999995,20.461056540000072],[-99.73216007999997,20.462139660000048],[-99.72920847999995,20.460286799000073],[-99.71278314999995,20.466533680000055],[-99.70481331999997,20.471147520000045],[-99.70110938,20.46970525000006],[-99.69718376999998,20.470281030000024],[-99.69726917999998,20.470845860000054],[-99.69725481999996,20.471197291000067],[-99.68687925099994,20.474211060000073],[-99.68803768999999,20.47746871000004],[-99.68041754999996,20.48180037000003],[-99.66734364999996,20.47866834000007],[-99.66439067999994,20.47988305000007],[-99.66229601999999,20.475764310000045],[-99.66286034999996,20.475411879000035],[-99.66332950999998,20.472624860000053],[-99.66074373999999,20.47104358000007],[-99.65695337999995,20.459848710000074],[-99.65297990899995,20.460809770000026],[-99.65193821999998,20.461077830000022],[-99.65217896999997,20.462634910000077],[-99.65059968999998,20.464902020000068],[-99.64864153899998,20.464984600000037],[-99.64798697999998,20.46742123000007],[-99.64472436999995,20.47099188100003],[-99.63733495099996,20.46132988000005],[-99.63705573999994,20.460354280000047],[-99.63856364999998,20.459049829000037],[-99.63769974999997,20.45505207900004],[-99.63004948999998,20.45056606000003],[-99.62653835099997,20.450280450000037],[-99.62469676999996,20.45423351000005],[-99.62302876999996,20.452862380000056],[-99.61873505099999,20.453626720000045],[-99.62086663799994,20.45766077600007],[-99.62088959999994,20.457704231000037],[-99.62008777899996,20.457985520000022],[-99.62004481999998,20.465715490000036],[-99.61908900099996,20.46818760000008],[-99.61362279899998,20.469271370000058],[-99.61858693999994,20.474136781000027],[-99.61819542099994,20.475507],[-99.61628111099998,20.475825180000072],[-99.61723153999998,20.478234780000037],[-99.61225732099996,20.47877120000004],[-99.60556321999996,20.47658751000006],[-99.60397647999997,20.478872049000074],[-99.60374179999997,20.481751580000036],[-99.60605173999994,20.481471310000074],[-99.607208201,20.484117600000047],[-99.60873182999995,20.48396106000007],[-99.60821822999998,20.485282220000045],[-99.61074685099999,20.486232400000063],[-99.60801436999998,20.486315829000034],[-99.60307097999998,20.488877940000066],[-99.60031885999996,20.488555770000062],[-99.59681307999995,20.49058426000005],[-99.59427193999994,20.495490520000033],[-99.59444107999997,20.503525230000037],[-99.58924436999996,20.50625462000005],[-99.58771701999996,20.509666910000078],[-99.57536837099997,20.500589080000054],[-99.56863285999998,20.503803860000062],[-99.56162208999996,20.50387672000005],[-99.55532830999994,20.508419520000075],[-99.54826253999994,20.509639551000078],[-99.54547545999998,20.511326050000037],[-99.53981897999995,20.511819280000054]]]]}},{"type":"Feature","properties":{"id":"13034","name":"Lolotla","slug":"lolotla","regionId":"4","regionName":"Huejutla"},"geometry":{"type":"MultiPolygon","coordinates":[[[[-98.741178371,21.19257354100006],[-98.73701952099998,21.18821711000004],[-98.73551174899995,21.182335219000038],[-98.72983066099994,21.18116199900004],[-98.72766076999994,21.179549421000047],[-98.72652961999995,21.181281480000052],[-98.72833651999997,21.18434282000004],[-98.72383487999997,21.183049569000048],[-98.72033851099997,21.187131],[-98.71890810899998,21.186361850000026],[-98.72210159999997,21.180384450000076],[-98.72032185999996,21.177107980000073],[-98.72227834999995,21.171946630000036],[-98.72102596999997,21.168524541000068],[-98.72415705099996,21.16602621900006],[-98.72437690999999,21.162338430000034],[-98.72878197999995,21.158314521000023],[-98.72781425099998,21.156360450000022],[-98.72454371999999,21.154972970000074],[-98.72574590999994,21.15323518100007],[-98.72965226099996,21.15152622000005],[-98.73280455099996,21.147830230000068],[-98.73224182999996,21.14470455000003],[-98.73339328999998,21.137048720000053],[-98.73235071,21.13345637900005],[-98.72950107899999,21.129402880000043],[-98.73040477999996,21.12147360000006],[-98.72957274999999,21.119365001000062],[-98.73073705999997,21.11558665000007],[-98.730724,21.101916350000067],[-98.73282319999998,21.098149170000056],[-98.73160768999998,21.093568020000077],[-98.73571708999998,21.087704029000065],[-98.73377621999998,21.080454340000074],[-98.73438904899996,21.076226940000026],[-98.73335539999994,21.070741140000052],[-98.73251867999994,21.070592890000057],[-98.73448688999997,21.06882525000003],[-98.73339505999996,21.06339538000003],[-98.73393536999998,21.059859369000037],[-98.73400233999996,21.059763110000063],[-98.73517911999994,21.05928465900007],[-98.73379177099997,21.056792490000078],[-98.73665390999997,21.05568709000005],[-98.73848188999995,21.05277939900003],[-98.73546454999996,21.05137588100007],[-98.73577388099994,21.049020580000047],[-98.73182103,21.04724894000003],[-98.73136568999996,21.04513005000007],[-98.73246805099996,21.044787151000037],[-98.73263856999995,21.04324808900003],[-98.73170693999998,21.041924540000025],[-98.73269550999999,21.041535630000055],[-98.73095250999995,21.03984082000005],[-98.73239311999998,21.039512400000035],[-98.73141742099995,21.034243290000063],[-98.72698681999998,21.028211549000048],[-98.72927607999998,21.018304090000072],[-98.73136467999996,21.01637586000004],[-98.72519688999995,21.009646020000048],[-98.72278261999998,21.00870015000004],[-98.72575937,21.004709020000064],[-98.72800311999998,21.003471770000033],[-98.73018394999997,20.998330770000052],[-98.72674630999995,20.991237510000076],[-98.72195464999999,20.987366490000056],[-98.71780657999994,20.976075601000048],[-98.72023759999996,20.97185374000003],[-98.71749616999995,20.950559430000055],[-98.71192679999996,20.947470680000038],[-98.71090070999998,20.94203857100007],[-98.70722650999994,20.938142950000042],[-98.70535853899997,20.93391494100007],[-98.70442255099994,20.927806710000027],[-98.70739488999999,20.914577570000063],[-98.70658148999996,20.914175971000077],[-98.70594133999998,20.913686060000032],[-98.70559330999998,20.911194340000065],[-98.70318061999996,20.907683650000024],[-98.70257436999998,20.903733571000032],[-98.70012745999998,20.905014660000063],[-98.69877065099996,20.902448570000047],[-98.69761451099998,20.903329520000057],[-98.69545041999999,20.90199432000003],[-98.693392,20.90233746000007],[-98.68991671099997,20.90383771000006],[-98.68829042999994,20.90919880000007],[-98.68796336999998,20.91589055000003],[-98.68506290999994,20.917356080000047],[-98.68419396999997,20.920958050000024],[-98.68121102099997,20.924335450000058],[-98.67872330999995,20.92017715000003],[-98.67033896999999,20.919736800000067],[-98.66718208999998,20.91755733900004],[-98.66257684999994,20.918208381000056],[-98.65866536999994,20.91652509000005],[-98.65553673899996,20.918150310000044],[-98.654839,20.917039620000025],[-98.65440065999996,20.917326310000078],[-98.65439830999998,20.918353430000025],[-98.65178247899996,20.918453260000035],[-98.64883011999996,20.92031977000005],[-98.64229168999998,20.915006710000057],[-98.63482185999999,20.91355997000005],[-98.63592167999997,20.90999732000006],[-98.63562670999994,20.90946075000005],[-98.63489609099997,20.908852800000034],[-98.62693401999996,20.906975970000076],[-98.62633213999999,20.906570401000067],[-98.62582165999999,20.90583126000007],[-98.63070602999994,20.89960289100003],[-98.62910594899995,20.898298020000027],[-98.63036368899998,20.896983030000058],[-98.63073908999996,20.896661450000067],[-98.63607800099999,20.89807078000007],[-98.64145727999994,20.897991340000033],[-98.65111621999995,20.893328350000047],[-98.65605982999995,20.895644090000076],[-98.66008765999999,20.899822510000035],[-98.66184830999998,20.89425243000005],[-98.66920174999996,20.889303820000066],[-98.66834959999994,20.887877381000067],[-98.66910185899997,20.88700528000004],[-98.66608761899994,20.885179180000023],[-98.66749762999996,20.88393712000004],[-98.66626655099998,20.882640380000055],[-98.66702496999994,20.879323740000075],[-98.66507604999998,20.879094421000048],[-98.66893638099998,20.874753510000062],[-98.66849813999994,20.869339350000075],[-98.66525365999996,20.867424420000077],[-98.66273274999998,20.861917650000066],[-98.65230024999994,20.861949],[-98.65345815099994,20.85565089000005],[-98.65148788999994,20.849886750000053],[-98.65237270999995,20.845647920000033],[-98.65289789099995,20.84558325000006],[-98.65320976999999,20.845151981000072],[-98.65997761999995,20.848230150000063],[-98.66203276999994,20.843193110000072],[-98.66314622899995,20.842572491000055],[-98.66384259999995,20.842622919000064],[-98.66666239899996,20.844261801000073],[-98.66874416999997,20.843924770000058],[-98.67234224899994,20.84126605000006],[-98.67346444899994,20.84149492000006],[-98.67288542899996,20.844706510000037],[-98.67416659899999,20.84458476900005],[-98.67390387999995,20.843740060000073],[-98.67501830999998,20.842887680000047],[-98.67869602999997,20.844612780000034],[-98.68631251799997,20.844760450000024],[-98.68632604799996,20.839877511000054],[-98.68970442999995,20.839317460000075],[-98.68957977899998,20.837968251000063],[-98.69378653899997,20.83385398000007],[-98.69329517899996,20.83212829000007],[-98.69491057999994,20.82966058100004],[-98.70221856899997,20.824277511000048],[-98.70966862999995,20.827183261000073],[-98.71841251999996,20.82757858100007],[-98.72827864899995,20.831534051000062],[-98.73458005799995,20.831640451000055],[-98.74225734899994,20.82930071100003],[-98.74585025799996,20.830367741000032],[-98.74749554899995,20.832700851000027],[-98.75074424899998,20.839826771000048],[-98.73903481799994,20.842408171000045],[-98.73656350799996,20.844555891000027],[-98.75226051999994,20.86012357100003],[-98.75225951399995,20.86012561600006],[-98.75177867799994,20.86110375000004],[-98.753394889,20.862793451000073],[-98.75332290899996,20.862977830000034],[-98.74219482899997,20.86848651100007],[-98.739476229,20.86564172100003],[-98.73764039899999,20.85174894100004],[-98.73017187899995,20.84707312100005],[-98.72701142899996,20.84797349100006],[-98.71929225899999,20.85776282100005],[-98.71460547899994,20.855258751000065],[-98.71065753899995,20.857932230000074],[-98.70636297899995,20.86382823100007],[-98.71193214899995,20.868693862000043],[-98.716416429,20.88160163200007],[-98.72218979899998,20.882279141000026],[-98.72260370899994,20.88118931100007],[-98.72110334999996,20.87963852100006],[-98.72005814899995,20.875724431000037],[-98.71845216899999,20.874396741000055],[-98.72235510899998,20.873503121000056],[-98.73716384899996,20.88026683100003],[-98.73882359899994,20.881441401000075],[-98.73910107899997,20.883878431000028],[-98.74194957899994,20.883773251000036],[-98.74467947899996,20.886003491000054],[-98.74580927899996,20.888601891000064],[-98.749060279,20.89028015100007],[-98.75285007899998,20.89024518100007],[-98.75475439899998,20.891686121000077],[-98.75811977899997,20.891217461000053],[-98.76146277899994,20.89412826100005],[-98.762149089,20.899250721000044],[-98.76370547899995,20.899752801000034],[-98.76341601899998,20.901747551000028],[-98.76551779899995,20.902539630000035],[-98.76505287899994,20.904162021000047],[-98.76687205899998,20.90481272100004],[-98.76783957899994,20.90724963100007],[-98.76760782899999,20.908643061000078],[-98.76448468899997,20.90922266000007],[-98.76745588899996,20.910423061000074],[-98.767848029,20.911588020000067],[-98.76650041999994,20.91177734000007],[-98.76732921999997,20.915631051000048],[-98.76636864899996,20.916588551000075],[-98.76915453899994,20.918440541000052],[-98.76734393899994,20.921002061000024],[-98.76994247899995,20.920912461000057],[-98.77046947899998,20.921975831000054],[-98.77002330899995,20.923339621000025],[-98.77029364899994,20.924219571000037],[-98.76882701999995,20.925180741000077],[-98.76855327899995,20.925545141000043],[-98.77067288899997,20.926233151000076],[-98.77153874899994,20.92708029100004],[-98.77276839799998,20.934004800000025],[-98.77472121899996,20.935378221000065],[-98.775140879,20.93816957100006],[-98.77572805899996,20.93879172100003],[-98.77707562899997,20.939259911000022],[-98.77808694899994,20.942969050000045],[-98.77642951899998,20.945002481000074],[-98.77448373799996,20.94487968100003],[-98.77259691899997,20.943052351000063],[-98.77191564899994,20.944741221000072],[-98.76548557899997,20.943741231000047],[-98.76621887899995,20.94549285100004],[-98.76296175099998,20.945905320000065],[-98.76334091899997,20.948192740000025],[-98.76165684999995,20.947226081000053],[-98.75925559999996,20.947619600000053],[-98.75720430999996,20.948717830000078],[-98.75668745999997,20.950575180000044],[-98.75366726099998,20.95097331000005],[-98.75204842999995,20.95405205000003],[-98.74740410899994,20.952995630000032],[-98.75042236999997,20.956018370000038],[-98.75122414999998,20.95833003100006],[-98.75162645999995,20.959356999000022],[-98.75144942999998,20.968456830000036],[-98.75277205999998,20.97069569100006],[-98.75717101999999,20.970770860000073],[-98.75416741999999,20.971890620000067],[-98.75183771999997,20.97434554000006],[-98.75016144999995,20.978843720000043],[-98.75299271999995,20.98559725000007],[-98.75517894999996,20.987188400000036],[-98.75439006,20.98903863000004],[-98.75576317999997,20.98989854000007],[-98.75012671099995,20.99505977000007],[-98.74846370999995,20.99601866000006],[-98.74611221999999,20.99598873900004],[-98.74489531999996,20.996712380000076],[-98.74527553999997,20.997634090000076],[-98.74254254099998,20.997856170000034],[-98.73819294999998,21.00145174900007],[-98.74007672,21.00393881900004],[-98.73900202999994,21.010749050000072],[-98.74979304899995,21.01289705100004],[-98.74960674999994,21.01737525900006],[-98.75157763099998,21.019419180000057],[-98.75170893999996,21.025571],[-98.75219332099994,21.025737030000073],[-98.75285457999996,21.025531340000043],[-98.75337745999997,21.029086621000033],[-98.758683,21.035431920000065],[-98.75955842999997,21.043035460000056],[-98.75795292099997,21.048189860000036],[-98.75511147999998,21.051702490000025],[-98.75713157999996,21.056998110000052],[-98.75618571999996,21.05819611100003],[-98.75640789,21.060757340000066],[-98.76632396999997,21.05924809000004],[-98.76954816899996,21.062054001000035],[-98.77141525999997,21.06609566000003],[-98.77319302099994,21.06732733900003],[-98.77600270999994,21.067506680000065],[-98.77961006099997,21.067341620000036],[-98.78058927999996,21.070400480000046],[-98.78374770999994,21.07248683000006],[-98.78284048999996,21.07383643000003],[-98.77896761899996,21.074123620000023],[-98.77771346099996,21.08084892000005],[-98.78354210899994,21.08797278000003],[-98.78355121899995,21.088334220000036],[-98.78279894999997,21.08924583000004],[-98.77913671899995,21.091798150000045],[-98.77564344999996,21.09072740000005],[-98.77080077099998,21.084175220000077],[-98.76576970999997,21.087637380000047],[-98.76253365999997,21.08427105000004],[-98.75903476999997,21.084323280000035],[-98.75776269099998,21.086740720000023],[-98.75797050999995,21.089291950000074],[-98.76070056999998,21.096563369000023],[-98.76036788,21.09806365000003],[-98.75978251999999,21.098682170000075],[-98.75906654,21.09909614000003],[-98.75446666,21.098451969000052],[-98.75340771999998,21.100118980000047],[-98.75349261999997,21.10522325000005],[-98.74993830999995,21.106194060000064],[-98.74533291999995,21.110704420000047],[-98.73956138099999,21.11351762000004],[-98.74004528899997,21.117712091000044],[-98.74818664999998,21.118238150000025],[-98.74954031999994,21.120928890000073],[-98.74930996999996,21.123355230000072],[-98.74339348999996,21.12523132000007],[-98.74608985999998,21.13073532100003],[-98.74602535099996,21.13111734000006],[-98.74510716999998,21.132848290000027],[-98.74058750899997,21.131991421000066],[-98.73751987999998,21.129545319000044],[-98.73565065999998,21.13093032000006],[-98.73631976999997,21.133041350000042],[-98.739673,21.133773690000055],[-98.74038170999995,21.135121060000074],[-98.74202561999994,21.152494830000023],[-98.74740853999998,21.157468579000067],[-98.75667890999995,21.160671629000035],[-98.76067126099997,21.163794540000026],[-98.76589485999995,21.16482005000006],[-98.76622611999994,21.166752940000038],[-98.76219507999997,21.168981030000054],[-98.76513697999997,21.174319750000052],[-98.76873279999995,21.174471080000046],[-98.76586624899994,21.17581197000004],[-98.76659882999996,21.176525350000077],[-98.76381264999998,21.180477600000074],[-98.76526108999997,21.183259830000054],[-98.76696395,21.183045751000066],[-98.76730345999994,21.184416660000068],[-98.76270271999994,21.186242480000033],[-98.75792170999995,21.185812140000053],[-98.75513779999994,21.186672550000026],[-98.74652870999995,21.184328291000043],[-98.74054110999998,21.18940685000007],[-98.74215864899998,21.19134217100003],[-98.741178371,21.19257354100006]]]]}},{"type":"Feature","properties":{"id":"13030","name":"Ixmiquilpan","slug":"ixmiquilpan","regionId":"8","regionName":"Ixmiquilpan"},"geometry":{"type":"MultiPolygon","coordinates":[[[[-99.17749408999998,20.70886003000004],[-99.17636217999996,20.708025380000038],[-99.17541622899995,20.70310477000004],[-99.17182564899997,20.69939966000004],[-99.16985807899994,20.674902880000047],[-99.17318101899997,20.668541309000034],[-99.17132870899997,20.666428460000077],[-99.17052353899999,20.662459220000073],[-99.17696124899999,20.663775890000068],[-99.17841377899998,20.662764320000065],[-99.17753119899999,20.660669260000077],[-99.17961604899995,20.659425940000062],[-99.17504314899998,20.655728031000024],[-99.17270945899998,20.651406250000036],[-99.17018687899997,20.65018843000007],[-99.16987345899997,20.647564351000028],[-99.16415167899999,20.64168182000003],[-99.15850145899998,20.632423540000048],[-99.16510213899994,20.626066320000064],[-99.15716405899997,20.624719280000022],[-99.15568733899994,20.61784803000006],[-99.15103041899994,20.61682680000007],[-99.15067477899998,20.609501430000023],[-99.15333444899994,20.60060874000004],[-99.15132461899998,20.59688698100007],[-99.15153805799997,20.590640180000037],[-99.15030739899998,20.592505350000067],[-99.14942785899996,20.590337120000072],[-99.14859317999998,20.592039490000047],[-99.14763436899995,20.59063842000006],[-99.14808881899995,20.568245800000057],[-99.14765110899998,20.566028310000036],[-99.14483962899999,20.563064831000077],[-99.15162007899994,20.562631571000054],[-99.15830087899997,20.55652845000003],[-99.15386910899997,20.551889910000057],[-99.15268330899994,20.555247370000075],[-99.14966396899996,20.554271650000032],[-99.14982402899994,20.54632440000006],[-99.148930668,20.54635313400007],[-99.14750964799998,20.546398830000044],[-99.14212084899998,20.549709220000068],[-99.13926045799997,20.54859675000006],[-99.13782087899995,20.543311860000074],[-99.13655482899998,20.543543509000074],[-99.13648679899995,20.536898350000058],[-99.12928954899996,20.536226550000038],[-99.12490424899994,20.53014272000007],[-99.11856570899994,20.530878200000075],[-99.113257649,20.533404650000023],[-99.11167222899996,20.536043549000055],[-99.109483448,20.530254110000044],[-99.10815142899997,20.530645310000068],[-99.108515061,20.52941392100007],[-99.10630207799994,20.52698201900006],[-99.10697190899998,20.525708019000035],[-99.10396504799996,20.525899279000043],[-99.10304525899994,20.523424170000055],[-99.09858819999994,20.52209565000004],[-99.10104021999996,20.514165201000026],[-99.10373514999998,20.51218988000005],[-99.10614008899995,20.513230320000048],[-99.10802419899994,20.511525950000078],[-99.10563985899995,20.508047460000057],[-99.10819739899995,20.502941690000057],[-99.11296571899999,20.502785799000037],[-99.11191993999995,20.49921794000005],[-99.10867887899997,20.498263800000075],[-99.10833862899995,20.497832060000064],[-99.10745270899997,20.49678182100007],[-99.10802619899994,20.492066820000048],[-99.11107822899999,20.49010560000005],[-99.11485673899995,20.492467050000073],[-99.11644027899996,20.491882030000056],[-99.1220358,20.485220049000077],[-99.12104111799994,20.483369350000032],[-99.12318837899994,20.478374220000035],[-99.12812130899994,20.47525894100005],[-99.12993833899998,20.475643599000023],[-99.13189559999995,20.472460350000063],[-99.12713271999996,20.463140231000068],[-99.12518824899996,20.461675059000072],[-99.12518570799995,20.45963794100004],[-99.11916485899997,20.459006740000063],[-99.11030007899996,20.455526660000032],[-99.09620234799996,20.453550110000037],[-99.09282124899994,20.451900140000077],[-99.09311457799998,20.449270510000076],[-99.10027970899995,20.448338490000026],[-99.10141104899998,20.446348830000034],[-99.09851371899998,20.441937540000026],[-99.097640088,20.438265220000062],[-99.09164657899998,20.434045721000075],[-99.09155924999999,20.429889141000046],[-99.09347061999995,20.425597921000076],[-99.09146287899995,20.42500835100003],[-99.09510468899998,20.420956140000044],[-99.09300634999994,20.41793148100004],[-99.09346597899997,20.416990381000062],[-99.09268494899999,20.417441260000032],[-99.09016030899994,20.41470688000004],[-99.08544665999995,20.414278581000076],[-99.07921169099995,20.407300460000044],[-99.08718011999997,20.400124081000058],[-99.091057,20.399650420000057],[-99.09145176899995,20.396759401000054],[-99.09036796999999,20.39481826100007],[-99.08552667899994,20.39143653900004],[-99.08646151899995,20.382477490000042],[-99.09616082899998,20.37892971100007],[-99.09612517999994,20.377049851000038],[-99.09701654999998,20.377187940000056],[-99.10313476999994,20.368566721000036],[-99.10443022899995,20.369747310000037],[-99.10602136899996,20.369253781000054],[-99.10595965999994,20.370890821000046],[-99.10982142999995,20.370763380000028],[-99.11072916899997,20.37270471000005],[-99.11239241899995,20.372704510000062],[-99.11495865899997,20.375003050000032],[-99.11549407899997,20.37940714100006],[-99.11296011999997,20.380385770000032],[-99.12061768899997,20.382780371000024],[-99.11830096999995,20.38655588000006],[-99.11412625999998,20.38966017100006],[-99.11344567999998,20.39452471100003],[-99.12984391899994,20.40719345100007],[-99.13266079899995,20.405885171000023],[-99.13967528999996,20.406568140000047],[-99.16343185899996,20.410721970000054],[-99.19417580099997,20.40892832000003],[-99.20063837999999,20.406194350000078],[-99.21047833999995,20.410888081000053],[-99.21809584899995,20.41052646000003],[-99.22379037899998,20.412999291000062],[-99.22723742999995,20.411808431000054],[-99.23062541899998,20.412740220000046],[-99.24230833899998,20.412037971000075],[-99.24552031899998,20.41338347900006],[-99.24778045999994,20.413091481000038],[-99.24980845799996,20.414722620000077],[-99.25046722099995,20.41291283100003],[-99.25221201899996,20.413291550000054],[-99.25337205899996,20.412127050000038],[-99.25442064999999,20.408635170000025],[-99.25718631999996,20.407629281000027],[-99.261392619,20.410039620000077],[-99.26596002999997,20.41002646100003],[-99.26782962899995,20.414154031000066],[-99.26775965999997,20.41676534000004],[-99.27944393899998,20.41264065100006],[-99.28260034999994,20.40858496900006],[-99.28967111999998,20.406476],[-99.29768644899997,20.440517141000043],[-99.29875821899998,20.447083080000027],[-99.29058817899994,20.45069772000005],[-99.28982725999998,20.452433719000055],[-99.28893394899995,20.452260710000076],[-99.28816068899994,20.452084800000023],[-99.28544293899995,20.459053290000043],[-99.28444465999996,20.468639690000032],[-99.28542834799998,20.469884880000052],[-99.28505068899995,20.473559890000047],[-99.28690610899997,20.474730780000073],[-99.28834933899998,20.47906591900005],[-99.29199834899998,20.48086703000007],[-99.29268825899999,20.482513121000068],[-99.27924899899995,20.485806601000036],[-99.27911699899994,20.49007122100005],[-99.28117467899995,20.490089741000077],[-99.28097113899997,20.493138980000026],[-99.28201150899997,20.49252942100003],[-99.28214704899995,20.494330281000032],[-99.28669497899995,20.498926401000062],[-99.28629879999994,20.50063743100003],[-99.28457897899995,20.50931348100005],[-99.28105947899996,20.511951741000075],[-99.27222227899995,20.509156891000032],[-99.26858705899997,20.51463711100007],[-99.26416451899996,20.51709617100005],[-99.26001691899995,20.51783197000003],[-99.25716185999994,20.51601437100004],[-99.25166205899995,20.51907532100006],[-99.24807833899996,20.518054921000044],[-99.24912474899998,20.523441582000032],[-99.247915219,20.526934151000034],[-99.26381576999995,20.531835631000035],[-99.26478207899999,20.536112341000035],[-99.26624604899996,20.53681245000007],[-99.26549819899998,20.538754351000023],[-99.26617345899996,20.540011631000027],[-99.27236851899994,20.53873954000005],[-99.27702827899998,20.541063181000027],[-99.28109611899998,20.539937690000045],[-99.28227708999998,20.548048080000058],[-99.28519070899995,20.55040052100003],[-99.28222308899996,20.55433983000006],[-99.27719904799994,20.556385351000074],[-99.27441741899997,20.564638891000072],[-99.27041448999995,20.56778317100003],[-99.27103322899995,20.569078821000062],[-99.26916982899996,20.57272222100005],[-99.27398274899997,20.579214620000073],[-99.27412087799996,20.582172221000064],[-99.27237953899999,20.58490543000005],[-99.27183651899998,20.589183880000064],[-99.26807281899994,20.593653480000057],[-99.26611708999997,20.593201220000026],[-99.26187237899995,20.596716620000052],[-99.26259087899996,20.59802060000004],[-99.26155902899995,20.600504600000022],[-99.25662321999994,20.605436120000036],[-99.25527090799994,20.610251491000042],[-99.25720188899999,20.616657450000048],[-99.26062524899999,20.617832140000075],[-99.26284196899996,20.620558379000045],[-99.26695613899994,20.62116948000005],[-99.26629976899994,20.623104401000035],[-99.27061901899998,20.629746520000026],[-99.26960491899996,20.635090520000062],[-99.27441465899994,20.636277380000024],[-99.27868459899997,20.641419780000035],[-99.27557601899997,20.64215554900005],[-99.27715024899999,20.64499623000006],[-99.277392379,20.64959883000006],[-99.27438047899994,20.65108472000003],[-99.27459545899995,20.652161200000023],[-99.28051824899995,20.650903200000073],[-99.28025510899994,20.653064879000055],[-99.28437136899998,20.654779080000026],[-99.282461459,20.65552425000004],[-99.281182689,20.659698320000075],[-99.27694056899998,20.66192286000006],[-99.27697688899997,20.666518490000044],[-99.27321150899996,20.675336770000058],[-99.27574464899999,20.67768602900003],[-99.27987499899996,20.67915423000005],[-99.28057785999994,20.68065426000004],[-99.28686104899998,20.682447980000063],[-99.27703310899994,20.683862710000028],[-99.27564648899994,20.68490932000003],[-99.27777750899997,20.69408543000003],[-99.27540553799997,20.697066740000025],[-99.27515107899995,20.69943784900005],[-99.26307497999994,20.699764350000066],[-99.25251176999996,20.70267466000007],[-99.25090430999995,20.704098140000042],[-99.24733011099994,20.703059950000068],[-99.24638171899994,20.703358800000046],[-99.24510213999997,20.703958310000075],[-99.24313439999997,20.703414080000073],[-99.23826539999999,20.706202420000068],[-99.237329919,20.707698550000032],[-99.23230657099998,20.701011779000055],[-99.22775197099998,20.69772480000006],[-99.22634865999999,20.695321660000047],[-99.22518793899997,20.693734970000037],[-99.22460373999996,20.690332450000028],[-99.21968395,20.69255368000006],[-99.21973626,20.695367],[-99.21739416999998,20.69816497000005],[-99.20537361999999,20.696636890000036],[-99.20030051899994,20.70324954000006],[-99.19286689099994,20.705789949000064],[-99.18219674999995,20.70697129000007],[-99.18049971999994,20.708611180000048],[-99.17749408999998,20.70886003000004]]]]}},{"type":"Feature","properties":{"id":"13031","name":"Jacala de Ledezma","slug":"jacala-de-ledezma","regionId":"12","regionName":"Jacala"},"geometry":{"type":"MultiPolygon","coordinates":[[[[-99.17427428999997,21.121598150000068],[-99.17203267999997,21.11724466100003],[-99.16976674999995,21.115451020000023],[-99.16840601999996,21.114430050000067],[-99.16126924999998,21.111336849000054],[-99.15959721999997,21.109531890000028],[-99.15862897999995,21.108885110000074],[-99.15627873999995,21.108369141000026],[-99.15545119999996,21.110053891000064],[-99.15226539999998,21.10345034000005],[-99.15253731999996,21.09904578000004],[-99.14949228999996,21.09464420100005],[-99.14852162899996,21.09140658000007],[-99.14299182999997,21.089597801000025],[-99.14088446099998,21.08369657000003],[-99.13507276999997,21.075410830000067],[-99.12550182099994,21.070085480000046],[-99.12636048899998,21.06777475000007],[-99.129051829,21.06568285000003],[-99.12083190999994,21.050522800000067],[-99.11520148099999,21.046906540000066],[-99.11480160099995,21.043736970000054],[-99.11030667999995,21.04389617000004],[-99.09507265999997,21.028637510000067],[-99.09396957999996,21.024506720000034],[-99.09477457899999,21.020438400000046],[-99.09899739999997,21.017743119000045],[-99.09273830999996,21.005897050000044],[-99.08772193999994,21.00127426000006],[-99.08785004999999,20.997768171000075],[-99.07886919999999,20.997340720000068],[-99.07835648899999,20.993740510000066],[-99.07207114999994,20.991705060000072],[-99.06289054099994,20.98105570900003],[-99.06095026099996,20.98052351000007],[-99.06291833999995,20.977255460000038],[-99.06691294099994,20.97429954000006],[-99.06554024999997,20.970577690000027],[-99.06601717999996,20.967806261000078],[-99.06301808899997,20.960962910000035],[-99.05751854,20.959236820000058],[-99.05968451999996,20.951861620000045],[-99.05683936999998,20.95120294000003],[-99.05462047999998,20.952875450000022],[-99.05196951,20.952527710000027],[-99.05118442899999,20.951848090000055],[-99.05092348999995,20.950654420000035],[-99.05444104999998,20.947980090000044],[-99.05388668999996,20.94445298000005],[-99.05399966099998,20.941821541000024],[-99.06494719899996,20.939108220000037],[-99.06716765999994,20.936536],[-99.06352467999994,20.932062400000063],[-99.06401290999997,20.930263740000044],[-99.06373864999995,20.92897086000005],[-99.06005456999998,20.92538938000007],[-99.05967808999998,20.92440263000003],[-99.06482423099999,20.920187940000062],[-99.06566834999995,20.91807515000005],[-99.05993853999996,20.912217449000025],[-99.06000454899998,20.911636220000048],[-99.06207693999994,20.91039229000006],[-99.05952822999996,20.906944430000067],[-99.06047197999999,20.90635300100007],[-99.06479987899996,20.903640750000022],[-99.06875577999995,20.903200690000062],[-99.06903436999994,20.902805939000075],[-99.06744037999994,20.895909430000074],[-99.06871244999996,20.89551700100003],[-99.06843148999997,20.894429450000075],[-99.06740227999995,20.893205950000038],[-99.06432310999998,20.892426310000076],[-99.06278865999997,20.891244150000034],[-99.06320567999995,20.88909965000005],[-99.06265923099994,20.88835098000004],[-99.06013781999997,20.88959269000003],[-99.05793585999999,20.89121102000007],[-99.05591291899998,20.890242090000072],[-99.05595710999995,20.88853098000004],[-99.05938810999999,20.88226166000004],[-99.05267011999996,20.873361179000028],[-99.04502482999999,20.873361979000038],[-99.04253617999996,20.871436180000046],[-99.03847674999997,20.871642090000023],[-99.03835913899997,20.875576970000054],[-99.03801010999996,20.87635582000007],[-99.03731168999997,20.876355970000077],[-99.03495037999994,20.87301928000005],[-99.03176231999998,20.865642060000027],[-99.03129291099998,20.862812400000053],[-99.03250965999996,20.862176719000047],[-99.03325361999998,20.862260510000056],[-99.03277405899996,20.860230020000074],[-99.01731653999997,20.828107060000036],[-99.02508587999995,20.819715780000024],[-99.02620871999994,20.819283770000027],[-99.03948585999996,20.825863420000076],[-99.05199110999996,20.82584428000007],[-99.06103745999997,20.820101089000048],[-99.06222237999998,20.822710030000053],[-99.06412704999997,20.822887140000034],[-99.06601579999995,20.827025800000058],[-99.07738292,20.815520139000057],[-99.08136185999996,20.81329641900004],[-99.08225173899996,20.81157771000005],[-99.08467887999996,20.811481580000077],[-99.08855334999998,20.806007770000065],[-99.09113857999995,20.806005580000033],[-99.09349285999997,20.80418577000006],[-99.10441168999995,20.80313428000005],[-99.10476402999996,20.80458266000005],[-99.10174030999997,20.80492606000007],[-99.09891268999996,20.808977120000065],[-99.10246695099994,20.81813746000006],[-99.10674374999996,20.822440940000035],[-99.10531717999999,20.827789780000046],[-99.10761917999997,20.828126750000024],[-99.10981827999996,20.82455334900004],[-99.11437187899998,20.824174370000037],[-99.122758149,20.829347320000068],[-99.12368377999996,20.835371420000058],[-99.12758351999997,20.838744079000037],[-99.13169991999996,20.836892770000077],[-99.13272211999998,20.83514260100003],[-99.13459329099999,20.83498560000004],[-99.13799801999994,20.829382400000043],[-99.14055384999995,20.83106254000006],[-99.14043891999995,20.83447952000006],[-99.14343250999997,20.839211250000062],[-99.14211693999994,20.842993620000072],[-99.14389881899996,20.845982520000064],[-99.14321822999995,20.84900975000005],[-99.13555097999995,20.852291880000053],[-99.13575756999995,20.855519250000043],[-99.13239182099994,20.857689780000044],[-99.12904694999997,20.863426950000076],[-99.11953884999997,20.867536089000055],[-99.11709170999995,20.869703250000043],[-99.11381159999996,20.86948565000006],[-99.11210805999997,20.87205128000005],[-99.11361218099995,20.87983122000003],[-99.11504025099998,20.881162370000027],[-99.11820106099998,20.879764419000026],[-99.12377438099998,20.874197351000078],[-99.13112485,20.87013594000007],[-99.13609085999997,20.87418106000007],[-99.13391565999996,20.874923550000062],[-99.13259454999996,20.877470080000023],[-99.12916289099996,20.87989734000007],[-99.13296824999998,20.88589975000008],[-99.14020659999994,20.888419570000053],[-99.15912554999994,20.887000569000065],[-99.15622088899994,20.88909571000005],[-99.15431449,20.89318263000007],[-99.15819652,20.897193550000054],[-99.16018824999998,20.89549752100004],[-99.16593228999994,20.894345200000032],[-99.16805653999995,20.894773180000072],[-99.17011159999998,20.898740049000025],[-99.17196549,20.898804090000056],[-99.17549462899996,20.895129061000034],[-99.17517591099994,20.893517689000078],[-99.18019461999995,20.892030259000023],[-99.18874897999996,20.89525849000006],[-99.19086297999996,20.893144680000034],[-99.19088771999998,20.892014720000077],[-99.190739,20.890515980000032],[-99.19863427999996,20.89448845000004],[-99.19931082899996,20.89763351000005],[-99.20384608899997,20.90532632000003],[-99.20438428899996,20.908709060000035],[-99.20339537899997,20.91240208000005],[-99.20943239899998,20.919015570000056],[-99.21041439899994,20.92227562000005],[-99.20796368899994,20.92408362900005],[-99.20935633899995,20.92690157900006],[-99.20564713899995,20.93322911100006],[-99.20651554899996,20.93567969000003],[-99.20931456899996,20.93604728100007],[-99.20872354899996,20.938998710000078],[-99.21076427899999,20.940712550000057],[-99.21094174999996,20.944160860000068],[-99.21256877899998,20.946556],[-99.21900117899997,20.950268970000025],[-99.22079919899994,20.95411943000005],[-99.22787057999994,20.94797594000005],[-99.22984430899999,20.949239199000033],[-99.23051697999995,20.956190511000045],[-99.23318593999994,20.96165251000008],[-99.23626107999996,20.962526510000032],[-99.24011674999997,20.965466580000054],[-99.24435022999995,20.965908890000037],[-99.24675102999998,20.968568880000078],[-99.24723921999998,20.972089120000078],[-99.24615425999997,20.973838430000058],[-99.24705023099995,20.975208030000033],[-99.24402625,20.975809119000075],[-99.24469947999995,20.977607551000062],[-99.24353228999996,20.978576910000072],[-99.24544411899996,20.98102565100004],[-99.25026954999998,20.97838974000007],[-99.25011905999997,20.98090595000008],[-99.25146149099999,20.98196843000005],[-99.25362565999995,20.98106204900006],[-99.25349051999996,20.982465400000024],[-99.25535082999994,20.983251949000078],[-99.25391077899997,20.986554510000076],[-99.25612324999997,20.986650170000075],[-99.25810817099995,20.988255709000043],[-99.25217819999995,20.991092060000028],[-99.24957640099996,20.99458480000004],[-99.24207673999996,20.99685338000006],[-99.23896525999999,20.999196550000022],[-99.23587250999998,21.003862309000056],[-99.23610748899995,21.008367030000045],[-99.23527266099995,21.009192920000032],[-99.23139697,21.01397797000004],[-99.23061542999994,21.017670340000052],[-99.23219574099994,21.021426620000057],[-99.23209137899994,21.02271894000006],[-99.22699405999998,21.022580660000074],[-99.22257663,21.032258170000034],[-99.23231148999997,21.036952060000033],[-99.23504170999996,21.033477090000076],[-99.23880151999998,21.031412680000074],[-99.24102114999994,21.036295090000067],[-99.2425874,21.035550150000063],[-99.24883413999999,21.040161940000075],[-99.25441483099996,21.040511740000056],[-99.26551277099998,21.04644282000004],[-99.26505330999998,21.053922460000024],[-99.26611656999995,21.060373691000052],[-99.25955294099998,21.066421370000057],[-99.25683965099995,21.06629737000003],[-99.24976187999994,21.07139054000004],[-99.24823185099996,21.074437199000045],[-99.24861488099998,21.07801954000007],[-99.24652298099994,21.08193428000004],[-99.24730721999998,21.087867259000063],[-99.24866379999997,21.089103710000074],[-99.24834662999996,21.092732139000077],[-99.24362622999996,21.095438779000062],[-99.24030957999997,21.099129220000066],[-99.24355879899997,21.10385092100006],[-99.24001731999994,21.10860469000005],[-99.23421610999998,21.11280368000007],[-99.23055531999995,21.107554420000042],[-99.22607004999998,21.10798309000006],[-99.22359461999997,21.105740860000026],[-99.21541894999996,21.106210540000063],[-99.20945934999997,21.11019680000004],[-99.20996594999997,21.11505391000003],[-99.20622539999994,21.118689720000077],[-99.19584136899994,21.12189022000007],[-99.18503624999994,21.122071290000065],[-99.18087588999998,21.126641050000046],[-99.17701559999995,21.124419980000027],[-99.17527928899995,21.12334830900005],[-99.17456711999995,21.122665910000023],[-99.17427428999997,21.121598150000068]]]]}},{"type":"Feature","properties":{"id":"13033","name":"Juárez Hidalgo","slug":"juarez-hidalgo","regionId":"9","regionName":"Zacualtipán"},"geometry":{"type":"MultiPolygon","coordinates":[[[[-98.85692499899994,20.888972481000053],[-98.85180524899994,20.883499631000063],[-98.85007407799998,20.876469650000047],[-98.84738876899996,20.882618081000032],[-98.84771442899995,20.885522981000065],[-98.84513819899996,20.888052751000032],[-98.84379628899995,20.88806746000006],[-98.82695047899995,20.86974574100003],[-98.82557661999994,20.870322051000073],[-98.82272724899997,20.868645982000032],[-98.81508393899998,20.86896678100004],[-98.81300937899994,20.872020831000043],[-98.80507648899999,20.87613631100004],[-98.803868879,20.877996341000028],[-98.79912150899997,20.87982726100006],[-98.79741914899995,20.87930263100003],[-98.79948434899995,20.875961351000058],[-98.799194119,20.871863231000077],[-98.79631097899994,20.870777711000073],[-98.79345964899994,20.865428851000047],[-98.79094185899999,20.865393121000068],[-98.79106459999997,20.862591830000042],[-98.78809651899996,20.861920741000063],[-98.78150281899997,20.854695801000048],[-98.78213181899997,20.85299383100005],[-98.783951259,20.852893281000036],[-98.78442788899997,20.85243426100004],[-98.78459227899998,20.85174315100005],[-98.78416633899997,20.833162431000062],[-98.78728681899997,20.827488781000056],[-98.78448219899997,20.82208317100003],[-98.78383936899996,20.816597081000054],[-98.78469631899998,20.81540860100006],[-98.78001147799995,20.805387230000065],[-98.78134579899995,20.80295571000005],[-98.78066702899997,20.80036717100006],[-98.77859054899994,20.79902762100005],[-98.78162822899998,20.79834652100004],[-98.78775534,20.792824691000078],[-98.79283021899994,20.792037340000036],[-98.79419781899998,20.78819842100006],[-98.79761801899997,20.786843860000033],[-98.79986530999997,20.783989261000045],[-98.81229131899994,20.779868151000073],[-98.81810105999995,20.775711690000037],[-98.83233659899997,20.769296121000025],[-98.84554001899994,20.768975381000075],[-98.85113069,20.775524621000045],[-98.85011696899994,20.780386090000036],[-98.85235028999995,20.785638220000067],[-98.85705011999994,20.785681510000074],[-98.87025791999997,20.789150169000038],[-98.87390610899996,20.787445511000044],[-98.87561025799994,20.788197481000054],[-98.87787876899995,20.787507221000055],[-98.87828522899997,20.78818545000007],[-98.87815416999996,20.788873291000073],[-98.87532107899995,20.793140340000036],[-98.87654359899994,20.79466314000007],[-98.87528565899999,20.794696780000038],[-98.87485054899997,20.79537349000003],[-98.87634407899998,20.79691591900007],[-98.87433257999999,20.796450200000038],[-98.87192453999995,20.80304614100004],[-98.87450850999994,20.811830831000066],[-98.87501302899994,20.81699928000006],[-98.87379288899996,20.819408431000056],[-98.87391764899996,20.823023462000037],[-98.88623527999994,20.836474550000048],[-98.88518021899995,20.840463750000026],[-98.88533701999995,20.841934680000065],[-98.88575601999997,20.84289558100005],[-98.89529111899998,20.84400334000003],[-98.89795880099996,20.841033740000057],[-98.89965869099996,20.844796479000024],[-98.89898779999999,20.847188020000033],[-98.90116854999997,20.850318550000054],[-98.89934505899998,20.851972200000034],[-98.89493839999994,20.850045720000026],[-98.89294382899999,20.85072352000003],[-98.89346357099998,20.854292120000025],[-98.89186854999997,20.85571686000003],[-98.89102376999995,20.85944431000007],[-98.88656897999994,20.85831372000007],[-98.88510019999995,20.86227228000007],[-98.88239170999998,20.86346246000005],[-98.88213744999996,20.86401857000004],[-98.88216316999996,20.86477971000005],[-98.88591951899997,20.865037030000053],[-98.88337108999997,20.874603570000033],[-98.87976910999998,20.881656830000054],[-98.87912006,20.88630397000003],[-98.87430217999997,20.888152690000027],[-98.86273517999996,20.90235614100004],[-98.85794004899998,20.893734620000032],[-98.85849430899998,20.89058115100005],[-98.85692499899994,20.888972481000053]]]]}},{"type":"Feature","properties":{"id":"13035","name":"Metepec","slug":"metepec","regionId":"2","regionName":"Tulancingo"},"geometry":{"type":"MultiPolygon","coordinates":[[[[-98.42232857,20.32780500100006],[-98.41914114899998,20.325057981000043],[-98.41796850999998,20.326118541000028],[-98.41359827999997,20.323494682000046],[-98.41256571599996,20.324466821000044],[-98.41256117999995,20.324471091000078],[-98.40803796999995,20.322594021000043],[-98.40908754999998,20.320123951000028],[-98.40904648999998,20.31972460000003],[-98.40805290999998,20.319256050000035],[-98.40934188999995,20.318517279000048],[-98.41025076999995,20.318709720000072],[-98.41045836999996,20.32058943000004],[-98.41181762999997,20.320801950000032],[-98.41140681999997,20.318229620000068],[-98.41515314999998,20.314041850000024],[-98.41734630999997,20.314299480000045],[-98.42087930999998,20.317023711000047],[-98.42564230999994,20.315325020000046],[-98.42666488999998,20.320193250000045],[-98.42582011999997,20.325501280000026],[-98.42623028999998,20.325306230000024],[-98.42707887999995,20.32656108900005],[-98.42502324999998,20.328097341000046],[-98.42232857,20.32780500100006]]],[[[-98.32323350999997,20.32929492100004],[-98.31996023699998,20.325316560000033],[-98.31995911999996,20.32531520200007],[-98.31099134999994,20.322446600000035],[-98.31175571099999,20.31926769000006],[-98.31622337099998,20.315908770000078],[-98.31668759999997,20.312306],[-98.31962445999994,20.311292750000064],[-98.31546742099994,20.30504940000003],[-98.31103341899995,20.303539260000036],[-98.31038816999995,20.301985450000075],[-98.30451605099995,20.30183678000003],[-98.30292058099997,20.299438859000077],[-98.30013959999997,20.299306940000065],[-98.29334956999998,20.29175420000007],[-98.29457947999998,20.289043880000065],[-98.29394725999998,20.28644371000007],[-98.290395,20.282569771000055],[-98.29029953999998,20.27918543100003],[-98.28907593999998,20.27817961900007],[-98.28914294999998,20.26967343000007],[-98.28494387999996,20.266955950000067],[-98.28421947799995,20.249979291000045],[-98.28138317899999,20.233649170000035],[-98.27654164899997,20.22050517100007],[-98.27054616799995,20.215806280000038],[-98.25974056899997,20.215263821000065],[-98.26586931999998,20.21033029000006],[-98.26677435,20.20749397000003],[-98.27060371999994,20.20842334100007],[-98.27583305899998,20.205441619000055],[-98.27897685999994,20.208873941000036],[-98.27915628899996,20.20879868000003],[-98.28337014799996,20.205235091000077],[-98.28936714999998,20.212298490000023],[-98.29903985899995,20.202523690000078],[-98.30157888999997,20.205591079000044],[-98.31094228899997,20.193373421000047],[-98.31459750999994,20.196936090000065],[-98.33018913899997,20.206940831000054],[-98.33374285899998,20.188183200000026],[-98.35460934999998,20.20222548000004],[-98.35559390799995,20.201892031000057],[-98.35561922899996,20.203808141000025],[-98.35935265099994,20.20430471000003],[-98.36012735099996,20.205908030000046],[-98.36125230899995,20.205752981000046],[-98.36118233899998,20.20709278100003],[-98.36589943099995,20.209856970000033],[-98.39364788999995,20.220076180000035],[-98.39814174099996,20.224963400000036],[-98.40760236799997,20.268240250000076],[-98.40707738099997,20.270971780000025],[-98.40479471999998,20.273736151000037],[-98.40784402999998,20.275994250000053],[-98.40391296999996,20.278758710000034],[-98.40611511999998,20.278819430000055],[-98.40859177099998,20.281235680000066],[-98.40975824999998,20.280992320000053],[-98.41161519999997,20.281335030000037],[-98.41142314999996,20.283195920000026],[-98.40982265999997,20.285321630000055],[-98.40881677999994,20.286542739000026],[-98.40671867999998,20.28841611000007],[-98.40246093999997,20.28980617900004],[-98.39961839999995,20.29593821800006],[-98.39291861999999,20.30071060100005],[-98.39461090999998,20.304764630000022],[-98.39339191999994,20.30511609100006],[-98.39349140399997,20.305606440000076],[-98.39358664899999,20.306075891000035],[-98.39658911999999,20.308864280000023],[-98.396655679,20.311212260000048],[-98.39759642999996,20.31100058000004],[-98.39790513999998,20.311215180000033],[-98.39358128999999,20.317556771000056],[-98.38900682999997,20.314929231000065],[-98.38951724799995,20.317306552000048],[-98.38656786099995,20.319204850000062],[-98.38345268999996,20.31826491100003],[-98.38468337999996,20.31715874100007],[-98.38425230999997,20.313650421000034],[-98.38302185999999,20.313656921000074],[-98.38193333899994,20.315289751000023],[-98.38163034899998,20.314851060000024],[-98.38223702,20.313838401000055],[-98.38107861899994,20.313023722000025],[-98.36970894999996,20.309447231000036],[-98.37109142999998,20.30581692100003],[-98.37047242999995,20.302919280000026],[-98.36932887999996,20.302216981000072],[-98.36522350999996,20.30581095100007],[-98.35823705099995,20.308171051000045],[-98.34464891099998,20.310465970000052],[-98.34194648999994,20.312372522000032],[-98.33799585999998,20.31228892100006],[-98.33800045899994,20.31417397100006],[-98.33493164999999,20.316598551000027],[-98.33700870999996,20.31870063100007],[-98.33588946099997,20.325801151000064],[-98.33409973999994,20.328885910000054],[-98.32323350999997,20.32929492100004]]]]}},{"type":"Feature","properties":{"id":"13036","name":"San Agustín Metzquititlán","slug":"san-agustin-metzquititlan","regionId":"9","regionName":"Zacualtipán"},"geometry":{"type":"MultiPolygon","coordinates":[[[[-98.52796597999998,20.627815379000026],[-98.52564228999995,20.625680861000035],[-98.51946257999998,20.626687141000048],[-98.51955387999999,20.624892430000045],[-98.51674714999996,20.621257770000057],[-98.50890956999996,20.615822371000036],[-98.50713971999994,20.608486520000042],[-98.50454119999995,20.606985140000063],[-98.50520615,20.60562168000007],[-98.50458117999995,20.605564380000033],[-98.50414107999995,20.60529586100006],[-98.50546405999995,20.600619680000023],[-98.50414537999995,20.601229861000036],[-98.50354676999996,20.600301340000044],[-98.50478870999996,20.59999017000007],[-98.50472533999994,20.597290890000068],[-98.50586395,20.596237749000068],[-98.50863533999996,20.595767520000038],[-98.51224801999996,20.594224349000058],[-98.52297864999997,20.581812601000024],[-98.52362291999998,20.579708290000042],[-98.52231657999994,20.577218650000077],[-98.52427925099994,20.575544770000022],[-98.52370393999996,20.57197689000003],[-98.52491532,20.570762170000023],[-98.52339719999998,20.567333260000055],[-98.52405674,20.560984520000034],[-98.52263600099997,20.559203350000075],[-98.52422967999996,20.556417080000074],[-98.52411729,20.552456090000078],[-98.52571588999996,20.551065380000068],[-98.52449233999994,20.548362230000066],[-98.52613729099994,20.54423103000005],[-98.53084354999999,20.540152599000066],[-98.53466516999998,20.530658180000046],[-98.5381698,20.528158020000035],[-98.53784302999998,20.527004649000048],[-98.54407955,20.523489141000027],[-98.54563970999999,20.521038220000037],[-98.55461408999997,20.518705950000026],[-98.55592614999995,20.517005710000035],[-98.55605533999994,20.514299480000034],[-98.55749681999998,20.51375317000003],[-98.55852137999995,20.51142838000004],[-98.55760622999998,20.509364770000047],[-98.56673093999996,20.507898220000072],[-98.57111916999997,20.509042690000058],[-98.57666557999994,20.504289080000035],[-98.58239557999997,20.50548949000006],[-98.58698676999995,20.50117503000007],[-98.59126497999995,20.499235971000076],[-98.59315030999994,20.499498750000043],[-98.59459141999997,20.496854220000046],[-98.59638361899994,20.49699068900003],[-98.59728568999998,20.49577086000005],[-98.59513204999996,20.494408400000054],[-98.59396073999994,20.489599030000022],[-98.58823820099997,20.487459150000063],[-98.58577404899995,20.484868310000024],[-98.58625264999995,20.482882110000048],[-98.58359004999994,20.480625280000027],[-98.57950425999996,20.479259460000037],[-98.57886150999997,20.476318801000048],[-98.57676014899994,20.476236950000043],[-98.57884762099997,20.473445570000024],[-98.57542408899997,20.47245231000005],[-98.57672227999996,20.470702320000044],[-98.57237988999998,20.466943540000045],[-98.57186284899996,20.463609380000037],[-98.55756811999998,20.451154950000046],[-98.55608028999995,20.448069820000057],[-98.55386774999994,20.446703770000056],[-98.55518387999996,20.44283506000005],[-98.55437034,20.43850425000005],[-98.55209834899995,20.436834630000078],[-98.55239627999998,20.43553054000006],[-98.54968914099999,20.435359170000027],[-98.54983954999994,20.432859420000057],[-98.55045585999994,20.433896280000056],[-98.55068568999997,20.43346968000003],[-98.55136253999996,20.43331217100007],[-98.56342677999999,20.436665540000035],[-98.56384649099994,20.43559526100006],[-98.56759577899999,20.435455280000042],[-98.57176462899997,20.437727420000044],[-98.57064557999996,20.43232137900003],[-98.57188847999998,20.434413120000045],[-98.58060590899998,20.436261],[-98.58372017,20.439941049000026],[-98.58903073999994,20.440437600000052],[-98.59366451999995,20.437274580000064],[-98.59955987899997,20.43713462000005],[-98.60201684999998,20.434154110000065],[-98.60301602899995,20.430699880000077],[-98.60627220099997,20.429119890000038],[-98.60492211999997,20.42862198000006],[-98.60480325999998,20.42527105000005],[-98.62376252099995,20.413779180000063],[-98.62940470999996,20.421600970000043],[-98.63675785099997,20.421635570000035],[-98.64139196999997,20.424531150000064],[-98.64592511899997,20.425572200000033],[-98.65215828999999,20.43055552000004],[-98.65391984999997,20.430033710000032],[-98.65709745999999,20.43116400100007],[-98.65539571099998,20.434328050000033],[-98.657419,20.43949372000003],[-98.66230276999994,20.437778370000046],[-98.66054182,20.441474181000046],[-98.65832871999999,20.442055510000046],[-98.65664908999997,20.44760578000006],[-98.65909213999998,20.44940314100006],[-98.66308053999995,20.459743351000043],[-98.66988761999994,20.462113740000063],[-98.67052477999994,20.467242170000077],[-98.66840324999998,20.467578630000048],[-98.66854631999996,20.47089434000003],[-98.67194560099995,20.473194],[-98.67300228,20.472055650000073],[-98.67455708999995,20.474383170000067],[-98.67689055099999,20.474277710000024],[-98.67493407999996,20.475877380000043],[-98.67748543099998,20.47598312100007],[-98.67783293899998,20.48061708000006],[-98.67973807999994,20.482255619000057],[-98.68194997999996,20.48150294100003],[-98.68270188899999,20.485547541000074],[-98.68163750999997,20.487065680000057],[-98.67740128999998,20.48844414100006],[-98.67645688999994,20.490474690000042],[-98.67895918099998,20.49288942000004],[-98.67862489099997,20.494217750000075],[-98.68179782999994,20.496427680000068],[-98.68330328099995,20.50077538000005],[-98.68977906099997,20.507281311000042],[-98.69356679999999,20.50941251000006],[-98.69015897899999,20.51139778000004],[-98.68938741999995,20.514482910000027],[-98.68737417999995,20.51493552000005],[-98.68751776999994,20.527090110000074],[-98.68452231999999,20.529721520000066],[-98.69312205999995,20.530238970000028],[-98.69811490999996,20.52724120000005],[-98.70810053999998,20.525053170000035],[-98.70810388999996,20.529326550000064],[-98.70600762999999,20.532020570000043],[-98.70508368999998,20.536085800000023],[-98.70672859899997,20.536849740000036],[-98.70900745999995,20.53809533900005],[-98.70723334999997,20.540400200000022],[-98.69994257099995,20.539055830000052],[-98.69602827999995,20.53997171900005],[-98.69029577899994,20.538548310000067],[-98.68736979899995,20.539408480000077],[-98.68688184999996,20.540802520000057],[-98.68808521999995,20.54222431000005],[-98.68160337999996,20.549266430000046],[-98.68115861999996,20.55090862000003],[-98.68180982999996,20.551277880000043],[-98.68270076999994,20.551730630000066],[-98.68257773999994,20.553241550000052],[-98.67889810999998,20.557751109000037],[-98.68153850999994,20.562705980000032],[-98.68112842999994,20.56517135000007],[-98.68561837999994,20.570783230000075],[-98.67951453899997,20.570734540000046],[-98.67628716999997,20.56489102000006],[-98.66958958099997,20.560566420000043],[-98.66857765999998,20.561504770000056],[-98.66928608999996,20.563766540000074],[-98.66543919999998,20.56782788000004],[-98.660678051,20.56152818000004],[-98.65504362999997,20.560796980000077],[-98.65312280099994,20.557673971000042],[-98.64713824899997,20.55520598000004],[-98.64708016999998,20.55945532000004],[-98.64576861999996,20.562665140000036],[-98.63931507999996,20.56957908000004],[-98.63861356999996,20.57525016900007],[-98.64022125999998,20.57751398100004],[-98.64114777999998,20.58210255000006],[-98.64447087999997,20.583083481000074],[-98.64286397899997,20.586686540000073],[-98.63958782999998,20.587263750000034],[-98.63585629,20.591141511000046],[-98.63235439999994,20.589881261000073],[-98.62918853999997,20.591542779000065],[-98.62688968999998,20.591293200000052],[-98.62580519999995,20.59316406000005],[-98.62616621999996,20.59724598100007],[-98.62312142999997,20.592958830000043],[-98.62097529,20.594812370000056],[-98.62023201999995,20.594089260000032],[-98.62047728999994,20.59284733900006],[-98.61772747999999,20.593151540000065],[-98.61468254999994,20.591356570000073],[-98.61574704999998,20.589386880000063],[-98.61220168999995,20.588538580000034],[-98.59884714899994,20.590734490000045],[-98.58754147999997,20.595393110000032],[-98.58055054,20.59482871000006],[-98.57258,20.598952120000035],[-98.57087828999994,20.601665910000065],[-98.56846450999996,20.60257862000003],[-98.56706413999996,20.60439635000006],[-98.56518982999995,20.61314691000007],[-98.55670517999994,20.61014294000006],[-98.55350590999996,20.605686280000043],[-98.55003391999998,20.60550611000008],[-98.54963750999997,20.607291290000035],[-98.54758242099996,20.60823406000003],[-98.54710944999994,20.610445150000032],[-98.54790085099995,20.61406905900003],[-98.54939231999998,20.614627060000032],[-98.54896019999995,20.619050859000026],[-98.54338905999998,20.62169614000004],[-98.54373710999994,20.623861370000043],[-98.53791578,20.627275030000078],[-98.52796597999998,20.627815379000026]]]]}},{"type":"Feature","properties":{"id":"13037","name":"Metztitlán","slug":"metztitlan","regionId":"9","regionName":"Zacualtipán"},"geometry":{"type":"MultiPolygon","coordinates":[[[[-98.74729191899996,20.740735651000023],[-98.74576285899997,20.73977392000006],[-98.744056689,20.735797431000037],[-98.73529033999995,20.729170492000037],[-98.73858410899999,20.72748965100004],[-98.73883099899996,20.72702722100007],[-98.73861185899995,20.723365401000024],[-98.72875330899996,20.721219801000075],[-98.72542808999998,20.722671861000038],[-98.72768737999996,20.719155111000077],[-98.72974431899996,20.709626740000033],[-98.72605865899999,20.704289781000057],[-98.72911587899995,20.699742251000032],[-98.72467153899998,20.69691806000003],[-98.72231193899995,20.697875920000058],[-98.71957707999997,20.694386420000058],[-98.71698148999997,20.692995890000077],[-98.71170316999996,20.69189669000008],[-98.71022494899995,20.69014897900007],[-98.71040328999999,20.688188479000075],[-98.70560597999997,20.686294460000056],[-98.70447525999998,20.685431050000034],[-98.70369322999994,20.681901121000067],[-98.70065050999995,20.679632680000054],[-98.69389765999995,20.678511910000054],[-98.69228338,20.683297980000077],[-98.68885314999994,20.679339940000034],[-98.68557666099997,20.679526140000064],[-98.68515971999994,20.678170910000063],[-98.68474114999998,20.67735605000007],[-98.68370265999994,20.67106595000007],[-98.68634831999998,20.668045179000046],[-98.68606813999997,20.66479152000005],[-98.68757621999998,20.66557375000008],[-98.69010507999997,20.664969881000047],[-98.69146084999994,20.662099940000076],[-98.69388207999998,20.661413940000045],[-98.69840622099997,20.662372220000066],[-98.70002513999998,20.659767319000025],[-98.70504917899996,20.664200120000032],[-98.70395019999995,20.65863322100006],[-98.70528736999995,20.656781180000053],[-98.70379720099999,20.65512688000007],[-98.70455171999998,20.65087009000007],[-98.70298250999997,20.646193310000058],[-98.70417052,20.644152680000047],[-98.70146965999999,20.640949920000025],[-98.70076977999997,20.63725997000006],[-98.69681373999998,20.631119820000038],[-98.69692381999994,20.630156450000072],[-98.69672808099995,20.629220280000027],[-98.69398417999997,20.62750759900007],[-98.69327664999997,20.624353771000074],[-98.68914288999997,20.624331260000076],[-98.68867251899997,20.615894310000044],[-98.68684688999997,20.61474651000003],[-98.68328713999995,20.61554674000007],[-98.68356102999996,20.611528030000045],[-98.68053395099997,20.609166711000057],[-98.68204816999997,20.604961140000057],[-98.68016041999994,20.601422480000053],[-98.68383351999995,20.598477221000053],[-98.68106081999997,20.59128498000007],[-98.68385159999997,20.587904681000055],[-98.68611771999997,20.58773443000007],[-98.68846728999995,20.585418880000077],[-98.68369257999996,20.57765315000006],[-98.680758,20.575239030000034],[-98.68734970999998,20.574284920000025],[-98.69000330999995,20.570553630000063],[-98.69326082999999,20.572328450000043],[-98.69684590999998,20.571820080000066],[-98.69643482999999,20.568125740000028],[-98.69812801999996,20.56604892000007],[-98.69419950899999,20.565731890000052],[-98.69216145999997,20.563343520000046],[-98.68811208999995,20.565562150000062],[-98.68120605999997,20.56418603000003],[-98.68123831999998,20.56383112000003],[-98.68153850999994,20.562705980000032],[-98.67896667899998,20.557149251000055],[-98.68230936999998,20.553869620000057],[-98.68270076999994,20.551730630000066],[-98.68180982999996,20.551277880000043],[-98.68115861999996,20.55090862000003],[-98.68160337999996,20.549266430000046],[-98.68808521999995,20.54222431000005],[-98.68688184999996,20.540802520000057],[-98.68815768999997,20.538817350000045],[-98.69602827999995,20.53997171900005],[-98.69994257099995,20.539055830000052],[-98.70723334999997,20.540400200000022],[-98.70900745999995,20.53809533900005],[-98.70672859899997,20.536849740000036],[-98.70508368999998,20.536085800000023],[-98.70600762999999,20.532020570000043],[-98.70810388999996,20.529326550000064],[-98.70831370999997,20.52578303000007],[-98.70810053999998,20.525053170000035],[-98.69913590999994,20.526909060000037],[-98.69252171999995,20.530339599000058],[-98.68452231999999,20.529721520000066],[-98.68751776999994,20.527090110000074],[-98.68737417999995,20.51493552000005],[-98.68938741999995,20.514482910000027],[-98.69015897899999,20.51139778000004],[-98.69356679999999,20.50941251000006],[-98.68977906099997,20.507281311000042],[-98.68330328099995,20.50077538000005],[-98.68179782999994,20.496427680000068],[-98.67862489099997,20.494217750000075],[-98.67895918099998,20.49288942000004],[-98.67645834999996,20.489482090000024],[-98.68173994999995,20.486969600000066],[-98.68272714999995,20.485302830000023],[-98.68194997999996,20.48150294100003],[-98.67973807999994,20.482255619000057],[-98.67783293899998,20.48061708000006],[-98.67748543099998,20.47598312100007],[-98.67493407999996,20.475877380000043],[-98.67689055099999,20.474277710000024],[-98.67455708999995,20.474383170000067],[-98.67300228,20.472055650000073],[-98.67194560099995,20.473194],[-98.66854631999996,20.47089434000003],[-98.66840324999998,20.467578630000048],[-98.67052477999994,20.467242170000077],[-98.66988761999994,20.462113740000063],[-98.66308053999995,20.459743351000043],[-98.66225642999996,20.455765450000058],[-98.65661630999995,20.44637926100006],[-98.65832871999999,20.442055510000046],[-98.66054182,20.441474181000046],[-98.66230276999994,20.437778370000046],[-98.66399670899995,20.438654580000048],[-98.66356021999997,20.439479061000043],[-98.66767184999998,20.444625770000073],[-98.67633017999998,20.445171800000026],[-98.68386011999996,20.440473890000078],[-98.68540151999997,20.432735450000052],[-98.68717141999997,20.432522430000063],[-98.68732314,20.432493949000047],[-98.68940898099999,20.429702220000024],[-98.69025567999995,20.431624],[-98.68941454099996,20.43320515000005],[-98.69287056999997,20.441130430000044],[-98.69378822899995,20.43901728900005],[-98.69846739899998,20.446478140000067],[-98.70685597,20.44682486000005],[-98.70768818,20.44546452000003],[-98.71045862899996,20.447083620000058],[-98.71061887999997,20.447216570000023],[-98.71630939999994,20.447589261000076],[-98.72209024999995,20.451642050000032],[-98.72418044999995,20.448605120000025],[-98.74331948999998,20.441925050000066],[-98.77274671999999,20.43659628000006],[-98.77316756999994,20.420487770000022],[-98.77379730999996,20.410912600000074],[-98.78504654099999,20.41447769000007],[-98.78909557999998,20.412708890000033],[-98.79165407999994,20.410683859000073],[-98.79238363099995,20.405101460000026],[-98.796971,20.403310419000036],[-98.80269117999995,20.394607480000047],[-98.80537180099998,20.392883620000077],[-98.80724490999995,20.38994629000007],[-98.81192387999994,20.388326720000066],[-98.81361068999996,20.38959655000008],[-98.81565719999998,20.389507920000028],[-98.81688421899997,20.393777311000065],[-98.81427168,20.394986290000077],[-98.81586733899996,20.396823950000055],[-98.81356748999997,20.397225450000064],[-98.81536844999994,20.40202228100003],[-98.81790477799996,20.40080780100004],[-98.81741405999998,20.403478541000027],[-98.81972877899995,20.404215830000055],[-98.81987322899994,20.40788088900007],[-98.82221453999995,20.40901603100008],[-98.82435533999995,20.412761450000062],[-98.82657697999997,20.41397765100004],[-98.82882849099997,20.412758800000063],[-98.82778951999995,20.410905230000026],[-98.83183841999994,20.41091175100007],[-98.83407648899998,20.407655490000025],[-98.83772014899995,20.40846526100006],[-98.84338568899994,20.40657634100006],[-98.84631105899996,20.407824550000043],[-98.84725485899997,20.41000932000003],[-98.84973004799997,20.409292850000043],[-98.84991656899996,20.411615460000064],[-98.85179044899996,20.41088858100005],[-98.85409744799995,20.413566150000065],[-98.86077401999995,20.414450771000077],[-98.861716619,20.415974581000057],[-98.861326,20.41864815100007],[-98.86539394,20.41748017900005],[-98.867646,20.418341859000066],[-98.86834457999998,20.419937850000053],[-98.87506731999997,20.420078459000024],[-98.87731904999998,20.41896666100007],[-98.87916559899998,20.420292570000072],[-98.88162107999995,20.419708650000075],[-98.88214613899999,20.421113481000077],[-98.88413877899995,20.420357981000052],[-98.88789150899999,20.42564094000005],[-98.89127313999995,20.426112200000034],[-98.89255308899999,20.42741835100003],[-98.89495790999996,20.426885690000063],[-98.89560962099995,20.428064430000063],[-98.90001614899995,20.429274710000072],[-98.90000764999996,20.43213035100007],[-98.90458431999997,20.435938651000072],[-98.90302581899994,20.438634910000076],[-98.90428828999995,20.442203549000055],[-98.90011262899998,20.444686141000034],[-98.89277277999997,20.44433932000004],[-98.89663277999995,20.450503371000025],[-98.89394473899995,20.462472320000074],[-98.89720156899995,20.46671555100005],[-98.90241073999994,20.46738146100006],[-98.90445831999995,20.46900019900005],[-98.91046441999998,20.469233890000055],[-98.91059334899995,20.47416080100004],[-98.91181842999998,20.477116221000074],[-98.90836834899994,20.485805541000047],[-98.91534565899997,20.496794511000076],[-98.92259401899997,20.497327021000046],[-98.92525610899997,20.499205651000068],[-98.94897210899995,20.499140621000038],[-98.94752962999996,20.50092948100007],[-98.949696739,20.501080020000074],[-98.95034545999994,20.502509341000064],[-98.94876815099997,20.502687111000057],[-98.94719433899996,20.506092201000058],[-98.94816239899995,20.507781771000055],[-98.94824087999996,20.51907809100004],[-98.94266344899995,20.518628171000046],[-98.94115750899994,20.516735631000074],[-98.93771054899997,20.51754345100005],[-98.94018708999994,20.529919171000074],[-98.94911777999994,20.526007020000065],[-98.95073596899994,20.52713010900004],[-98.95164976899997,20.525910150000072],[-98.95354125899996,20.52766052000004],[-98.95342247899998,20.528879820000043],[-98.955584849,20.529294750000076],[-98.95766168999995,20.531490311000027],[-98.95706592,20.533695290000026],[-98.95889962899997,20.533698650000076],[-98.95897990899994,20.535893481000073],[-98.96018564899998,20.53587746000005],[-98.96109128899997,20.54189125000005],[-98.96286410899995,20.542887380000025],[-98.96193902899995,20.544672220000052],[-98.96387781899995,20.545551059000047],[-98.96197776899999,20.548054420000028],[-98.96330022899997,20.548808550000047],[-98.96221581899994,20.552564850000067],[-98.96355851899995,20.552613660000077],[-98.96121987899994,20.55411231000005],[-98.96374750899997,20.555068350000056],[-98.96274245899997,20.556419520000077],[-98.96369921899998,20.558231800000044],[-98.96284407999997,20.560313690000044],[-98.96435899899996,20.56167658000004],[-98.96370602899998,20.562936600000057],[-98.96484956899997,20.564982830000076],[-98.96373990899997,20.567368980000026],[-98.96540368899997,20.56779614000004],[-98.96381551899998,20.568972280000025],[-98.96458787999995,20.570805980000046],[-98.96334550899996,20.57071934000004],[-98.96309621899997,20.573033200000054],[-98.960475939,20.57230695000004],[-98.95882996899996,20.572734230000037],[-98.95730011899997,20.575300750000054],[-98.95510968899998,20.574956180000072],[-98.95187876899996,20.581051509000076],[-98.94890407899999,20.580231080000033],[-98.94574244799998,20.580938380000077],[-98.94404799899996,20.582587200000034],[-98.94416059899999,20.58422980000006],[-98.94653651999994,20.584977749000075],[-98.94523011899997,20.586407250000036],[-98.94608939899996,20.589715170000034],[-98.94481419899995,20.591923140000063],[-98.94527251999995,20.59455519900007],[-98.94847379999999,20.595924550000063],[-98.95265773799997,20.60364154000007],[-98.94566850899997,20.60430112000006],[-98.94840828899999,20.610017430000028],[-98.94756593799997,20.615501620000032],[-98.94509968899996,20.618431850000036],[-98.94188345899994,20.619350750000024],[-98.93979150899997,20.625409140000045],[-98.93348465899999,20.629590939000025],[-98.93492924799995,20.631094260000054],[-98.93148239899995,20.63472758000006],[-98.932044379,20.63678888100003],[-98.92829579899995,20.63973260000006],[-98.92804079899997,20.645360780000033],[-98.93143094899995,20.649626539000053],[-98.93183322899995,20.65285331000007],[-98.93008144899994,20.65847769100003],[-98.91645245999996,20.657187950000036],[-98.91398313899998,20.65915422000006],[-98.91048392099998,20.660008821000076],[-98.90868936799995,20.664585771000077],[-98.90307596999997,20.66496852000006],[-98.90146194799996,20.66640534000004],[-98.90082201899997,20.66331389000004],[-98.89590561999995,20.662294201000066],[-98.89015557999994,20.663248551000038],[-98.88746096999995,20.666298340000026],[-98.8870988,20.667623632000073],[-98.88714317899996,20.668492310000033],[-98.89224870899994,20.67284335000005],[-98.89474873999995,20.677024311000025],[-98.89313859999999,20.681228799000053],[-98.89348845899997,20.683621020000032],[-98.89114390999998,20.686943631000076],[-98.89301726099995,20.689909430000057],[-98.89569357,20.690694421000046],[-98.89906593999996,20.693941540000026],[-98.89578962899998,20.698593480000056],[-98.89029964899999,20.700188480000065],[-98.89235401999997,20.70507420000007],[-98.88967954899994,20.711868091000042],[-98.89071431899998,20.71445914000003],[-98.89038817999995,20.714932430000033],[-98.88973614899999,20.715516940000043],[-98.87810875099996,20.707004980000022],[-98.87637490999998,20.708213689000047],[-98.86667501899996,20.704196290000027],[-98.86218612099998,20.708487860000048],[-98.85831754999998,20.716730119000033],[-98.85521048899994,20.715768721000074],[-98.85216231899994,20.717180550000023],[-98.84989950899995,20.71613240100004],[-98.85036608999997,20.714439711000068],[-98.84835940099998,20.711892170000056],[-98.84435027999996,20.712558691000027],[-98.84177278099997,20.703194661000055],[-98.84638668899998,20.700179861000038],[-98.84758167999996,20.696756780000044],[-98.84595091999995,20.696520431000067],[-98.84567857999997,20.69768571000003],[-98.84522710899995,20.698416510000072],[-98.84379368899994,20.69814751000007],[-98.83922367999998,20.69420235000007],[-98.83774314999994,20.69205817200003],[-98.83759388099998,20.68927185000007],[-98.84172028999996,20.68946862000007],[-98.84185633999994,20.685850260000052],[-98.84460985899995,20.685899651000057],[-98.84489797899994,20.682271650000075],[-98.84167851799998,20.682163479000053],[-98.84167588899999,20.682135450000033],[-98.84171187799996,20.68004415000007],[-98.85280233899994,20.67981689100003],[-98.85171634999995,20.67862406100005],[-98.84161302999996,20.676633740000057],[-98.83988664999998,20.677752720000058],[-98.83651585999996,20.67760177100007],[-98.83649737899998,20.67763657000006],[-98.83651771899997,20.679719680000062],[-98.83083561899997,20.67956602000004],[-98.83081368899997,20.68181880000003],[-98.82642807899998,20.681768060000024],[-98.82490373999997,20.685293139000066],[-98.82383330999994,20.686188430000072],[-98.82251567799995,20.685663169000065],[-98.82190671899997,20.688593431000072],[-98.82316165999998,20.690846622000038],[-98.81484332099996,20.69570432100005],[-98.81538461899999,20.69784371000003],[-98.81714765999999,20.699120151000045],[-98.81833288999997,20.708235581000054],[-98.82082079899999,20.706820580000056],[-98.82212384899998,20.707328879000045],[-98.821383229,20.709807400000045],[-98.82349817999994,20.708385520000036],[-98.82473785899998,20.712263290000067],[-98.82808948999997,20.71378168900003],[-98.82791176799998,20.71772665000003],[-98.822948479,20.71786048000007],[-98.82173885899994,20.71951985100003],[-98.81206747899995,20.719426741000063],[-98.807755279,20.721037971000044],[-98.79979659999998,20.721469221000063],[-98.79754401899999,20.723236691000068],[-98.79460950899994,20.723729691000074],[-98.78800188899999,20.722958711000047],[-98.78515961899996,20.721226021000064],[-98.782151479,20.722262021000063],[-98.78079921899996,20.724914289000026],[-98.77227328899994,20.728555651000022],[-98.77308921999997,20.729312630000038],[-98.77264853899999,20.731580740000027],[-98.77050296899995,20.73472655000006],[-98.76066439899995,20.740182710000056],[-98.74729191899996,20.740735651000023]]]]}},{"type":"Feature","properties":{"id":"13038","name":"Mineral del Chico","slug":"mineral-del-chico","regionId":"5","regionName":"M. de la Reforma"},"geometry":{"type":"MultiPolygon","coordinates":[[[[-98.73296219999997,20.29854085000005],[-98.73445137999994,20.29594965000007],[-98.73400085999998,20.293888120000076],[-98.73191185999997,20.292722880000042],[-98.73256728999996,20.289622490000056],[-98.72972633999996,20.290763140000024],[-98.72798724999996,20.289702980000072],[-98.72710264999995,20.285549149000076],[-98.72496179899997,20.28510686100003],[-98.72467096999998,20.28074214000003],[-98.72247737999999,20.280560249000075],[-98.72094134999998,20.27860005100007],[-98.71792811999995,20.278280799000072],[-98.71751025099996,20.279534770000055],[-98.71419168999995,20.279830480000044],[-98.71429428,20.281050080000057],[-98.71302247999995,20.281326660000047],[-98.712738259,20.280956710000055],[-98.71272061999997,20.27860842000007],[-98.70919394999999,20.280917720000048],[-98.70833061999997,20.280619880000074],[-98.70817151099999,20.28041360000003],[-98.70873751999994,20.277826920000052],[-98.70737879999996,20.27527218000006],[-98.70479370899994,20.277146740000035],[-98.70411676999998,20.275538820000065],[-98.70512059999999,20.274188370000047],[-98.70062954999997,20.27356308000003],[-98.69996811099998,20.272783680000032],[-98.70078931999996,20.27097408900005],[-98.69868553999999,20.272631740000065],[-98.69886205999995,20.26918537000006],[-98.69791650999997,20.269421970000053],[-98.69745959999995,20.27176374000004],[-98.69653573999994,20.27133297000006],[-98.69708316999998,20.26762303000004],[-98.70469921999995,20.256947920000073],[-98.71025801999997,20.257352770000068],[-98.70979325999997,20.252478310000072],[-98.71223259999994,20.24713028000002],[-98.71679865999994,20.246143800000027],[-98.71463648999998,20.242857400000048],[-98.71573156999995,20.24023248000003],[-98.714996,20.232850151000036],[-98.71125045999997,20.232531711000036],[-98.70422171799999,20.234744619000026],[-98.70378567999995,20.239498231000027],[-98.70328339999998,20.239675970000064],[-98.69999716999996,20.242569771000035],[-98.69847827999996,20.245814090000067],[-98.69414485099998,20.247335030000045],[-98.69358711899997,20.24922138000005],[-98.69300711999995,20.250356230000023],[-98.69076005999995,20.25204823000007],[-98.68959824999996,20.255326170000046],[-98.690876431,20.257573180000065],[-98.68959811999997,20.260744920000036],[-98.69096012099999,20.263941800000055],[-98.68933350999998,20.26281368100007],[-98.68896467899998,20.26452811000007],[-98.687092,20.264571170000067],[-98.68634230999999,20.263588180000056],[-98.68743385,20.263652380000053],[-98.68809959999999,20.262692],[-98.68806751099999,20.262372120000066],[-98.68742885999995,20.261905601000024],[-98.68774493999996,20.26232531000005],[-98.68722951099994,20.26294352000008],[-98.68594319999994,20.263312060000032],[-98.68483017999995,20.262796339000033],[-98.68504667999997,20.264091370000074],[-98.68636784999995,20.264238660000046],[-98.68431696999994,20.266555450000055],[-98.68374357999994,20.265979169000047],[-98.68370305999997,20.265319180000063],[-98.68113008999995,20.264726280000048],[-98.68058714999995,20.262157579000075],[-98.67888236899995,20.263098230000026],[-98.67528628999997,20.258681780000074],[-98.67231071999998,20.257615],[-98.67299556799998,20.25662303200005],[-98.67253445899996,20.25490686200004],[-98.67158432099995,20.25498022900007],[-98.67201182999997,20.253023650000046],[-98.66397708999995,20.245372290000034],[-98.66848516899995,20.24163254000007],[-98.67056714999995,20.23763568000004],[-98.66662191999995,20.229405290000045],[-98.66876879899996,20.22770255000006],[-98.67243636899997,20.226917710000066],[-98.67246233999998,20.22458690900004],[-98.67426776999997,20.222316],[-98.67005097999998,20.22266835000005],[-98.66619457999997,20.220478289000027],[-98.65933150999996,20.212548580000032],[-98.65844413999997,20.21100497900005],[-98.66065936999996,20.209092180000027],[-98.66041451999996,20.20397795100007],[-98.66131876999998,20.20717957000005],[-98.66288011999995,20.20706332000003],[-98.66496536999995,20.205026350000026],[-98.66517007999994,20.202692770000056],[-98.66724656999997,20.203202540000063],[-98.67528428999998,20.198286370000062],[-98.67811007999995,20.19081072000006],[-98.68000361999998,20.188809380000066],[-98.68381910999994,20.188040310000076],[-98.68669533999997,20.18488472100006],[-98.68981745999997,20.18456965000007],[-98.69074281999997,20.18187739900003],[-98.69333508999995,20.18107892000006],[-98.69648704999997,20.17806525000003],[-98.70143525999998,20.177612800000077],[-98.70253974999997,20.175698280000063],[-98.70740872099998,20.177066250000053],[-98.71122742999995,20.17956280100003],[-98.71414605099994,20.18376434100003],[-98.71764765899997,20.181862340000066],[-98.72277590999994,20.18187609100005],[-98.73110541799997,20.185362660000067],[-98.73099101899999,20.183899261000022],[-98.73099534099998,20.181373911000037],[-98.73110012099994,20.181353170000023],[-98.73757367899998,20.18152334000007],[-98.74812579999997,20.163484950000054],[-98.74950850799996,20.154720620000035],[-98.74763901899996,20.151607540000043],[-98.74872935099995,20.150802051000028],[-98.74832348999996,20.144320650000054],[-98.75697325899995,20.146806280000078],[-98.77302262099994,20.14927411000002],[-98.77749681999995,20.14589108000007],[-98.78697664799995,20.14237231100003],[-98.79639233999995,20.146336140000074],[-98.79463411999996,20.14704744900007],[-98.79154548099996,20.151604201000055],[-98.78685908899996,20.151210580000054],[-98.78074136899994,20.155498571000066],[-98.78077865999995,20.164536620000035],[-98.77880251899995,20.170485950000057],[-98.78063933899995,20.17340808000006],[-98.79379865999994,20.17396266000003],[-98.79443733799997,20.174344830000052],[-98.79904145999996,20.176357820000078],[-98.80308814999995,20.173046571000043],[-98.80601208999997,20.174746181000046],[-98.80638426699994,20.174265406000075],[-98.80665188899997,20.173919692000027],[-98.80965310999994,20.174879490000023],[-98.81634384899996,20.172194080000054],[-98.82310550899996,20.155701280000073],[-98.82876448899998,20.14964345100003],[-98.82872667899994,20.14721252000004],[-98.83673873999999,20.148634420000064],[-98.83672647999998,20.14871940000006],[-98.83698919799997,20.15273158100007],[-98.83010210899994,20.16257358000007],[-98.83041271899998,20.16515189000006],[-98.83327615099995,20.169553181000026],[-98.83208042899997,20.175155521000022],[-98.83012724899999,20.176708201000054],[-98.83224990899998,20.179777022000053],[-98.83241561999995,20.182322680000027],[-98.83474377999994,20.18195662000005],[-98.83825116999998,20.184082201000024],[-98.83911111899994,20.18611918000005],[-98.83796797799994,20.188270001000035],[-98.82759550799994,20.189691140000036],[-98.82456841899995,20.198947881000038],[-98.82458007899999,20.223118511000052],[-98.82329621999997,20.22497161900003],[-98.81807476999995,20.225069551000047],[-98.81670054099999,20.22795331100008],[-98.817219,20.22921172100007],[-98.81562959999997,20.229163571000072],[-98.81511468899998,20.231437200000073],[-98.81392890899997,20.231804150000073],[-98.81524271899997,20.235252451000065],[-98.813066,20.241990540000074],[-98.81512785999996,20.245918971000037],[-98.81433090999997,20.24939397000003],[-98.81331196899998,20.249251051000044],[-98.81246511999996,20.249525060000053],[-98.81271414999998,20.250222291000057],[-98.81294659999998,20.251504820000036],[-98.81130779999995,20.252344091000055],[-98.81227611899999,20.253196280000054],[-98.81020062899995,20.256814830000053],[-98.81037470999996,20.257412831000067],[-98.81140725999995,20.256920399000023],[-98.81160856899999,20.25802531100004],[-98.81125839999999,20.258733751000022],[-98.81320437899996,20.26082972000006],[-98.81284084899994,20.262630181000077],[-98.81476993899997,20.263445321000063],[-98.81821614899997,20.26208814000006],[-98.81742879999996,20.264673020000032],[-98.82040196999998,20.268603020000057],[-98.81492377799998,20.273122771000033],[-98.81420071999997,20.277464631000043],[-98.81046762899996,20.279671981000035],[-98.80906319899998,20.285255781000046],[-98.80674980099997,20.286509541000044],[-98.80505593899994,20.285811340000066],[-98.80358011899995,20.288929981000024],[-98.79798733899997,20.292210510000075],[-98.79369219999995,20.29040372000003],[-98.79120237099994,20.29122029100006],[-98.78966897999999,20.290563220000024],[-98.78657153999995,20.28698226000006],[-98.78691793999997,20.286217280000074],[-98.78240361899998,20.283807340000067],[-98.77956543,20.283218340000076],[-98.76934116999996,20.285703799000032],[-98.76459059999996,20.283998550000035],[-98.76305705999994,20.287263120000034],[-98.75653668999996,20.292217540000024],[-98.75078444999997,20.29321968100004],[-98.74809151999995,20.295577680000065],[-98.74481954999999,20.29544332000006],[-98.74181522999999,20.297177600000055],[-98.73835172099996,20.296538420000047],[-98.73633535,20.298549140000034],[-98.73296219999997,20.29854085000005]]]]}},{"type":"Feature","properties":{"id":"13006","name":"Alfajayucan","slug":"alfajayucan","regionId":"8","regionName":"Ixmiquilpan"},"geometry":{"type":"MultiPolygon","coordinates":[[[[-99.38449104899996,20.513485341000035],[-99.38346365899997,20.513298801000076],[-99.38279902899995,20.50665783100004],[-99.37786761999996,20.506083171000057],[-99.37310757899996,20.503344851000065],[-99.36586674899996,20.505208741000047],[-99.36631970899998,20.49446542100003],[-99.35357794899994,20.497423952000076],[-99.33187868899995,20.494166861000053],[-99.32818728799998,20.492731552000066],[-99.32794071899997,20.493791491000025],[-99.32790273899997,20.493755881000027],[-99.32635477899998,20.492181321000032],[-99.326442779,20.493392321000044],[-99.32453035699996,20.49260430000004],[-99.32447019899996,20.49257951100003],[-99.32455150899995,20.466761451000025],[-99.32259170899994,20.464999551000062],[-99.31671694899995,20.45221588100003],[-99.31329582899997,20.45587583200006],[-99.31284137899996,20.45565969100005],[-99.31242059899995,20.455483380000032],[-99.31184031899994,20.457075060000022],[-99.30915311899997,20.457766552000066],[-99.30616684899996,20.461158891000025],[-99.30504534999994,20.460483830000044],[-99.30460857899999,20.461972281000044],[-99.30291111899999,20.462093141000025],[-99.302395059,20.463717091000035],[-99.29993550899997,20.464678281000033],[-99.29917653899997,20.466318861000047],[-99.30038878,20.46947618100006],[-99.29990987799994,20.47218600100007],[-99.29830514899999,20.473514511000076],[-99.29537037899996,20.473036371000035],[-99.295013139,20.481015351000053],[-99.29268825899999,20.482513121000068],[-99.29199834899998,20.48086703000007],[-99.28999225899997,20.480502019000028],[-99.28824416799995,20.478927630000044],[-99.28611161899994,20.473556891000044],[-99.28585597599994,20.47355761400007],[-99.28505068899995,20.473559890000047],[-99.28542834799998,20.469884880000052],[-99.28444465999996,20.468639690000032],[-99.28630868899995,20.455575260000046],[-99.28816068899994,20.452084800000023],[-99.28893394899995,20.452260710000076],[-99.28982725999998,20.452433719000055],[-99.29058817899994,20.45069772000005],[-99.29875821899998,20.447083080000027],[-99.28883777899995,20.40287520100003],[-99.28696237799994,20.398394821000068],[-99.291017249,20.395282321000025],[-99.28603233899997,20.394498630000044],[-99.28384661799998,20.395923049000032],[-99.285325748,20.393487911000022],[-99.28548987799996,20.38861354100004],[-99.28693531799996,20.385118741000042],[-99.28709490799997,20.378945230000056],[-99.290802768,20.375152350000064],[-99.29231041799994,20.368696971000077],[-99.28894596899994,20.359361170000057],[-99.29074674899994,20.357953510000073],[-99.29032333899994,20.35354398100003],[-99.29313017799996,20.349808521000057],[-99.29371413799998,20.339123381000036],[-99.29524351799995,20.33704565000005],[-99.305413849,20.33666572100003],[-99.30533892099999,20.334661280000034],[-99.30356262799995,20.333781401000067],[-99.29979984699997,20.327746750000074],[-99.29891971799998,20.325379850000047],[-99.29966290799996,20.32349540000007],[-99.30976170899999,20.326272221000067],[-99.30998179899996,20.324322369000072],[-99.31235824799995,20.32388037000004],[-99.31524999799996,20.32052508000004],[-99.315589048,20.309180919000028],[-99.32160094899996,20.311107031000063],[-99.32535188799994,20.315556400000048],[-99.32999188799994,20.314877290000027],[-99.33289225799996,20.31653108100005],[-99.33197874799998,20.313461371000074],[-99.33278876799994,20.310781199000076],[-99.33631370799998,20.307276400000035],[-99.33951576899995,20.307059120000076],[-99.34238256799995,20.309698420000075],[-99.34590204899996,20.318047919000037],[-99.34913919899998,20.321137600000043],[-99.34951941999998,20.323231660000033],[-99.34642421899997,20.326430480000056],[-99.34690896999996,20.328162891000034],[-99.34565027899998,20.33242611000003],[-99.34725202899995,20.335773920000065],[-99.346446459,20.337123830000053],[-99.34867951899997,20.336905140000056],[-99.35177897799997,20.339351880000038],[-99.35590228899997,20.33779860100003],[-99.36346205899997,20.33931062000005],[-99.36713441899997,20.33731492000004],[-99.36987591899998,20.33798383100003],[-99.37416321799998,20.33357102100007],[-99.37970279899997,20.331682450000073],[-99.38136059899995,20.327552170000047],[-99.38662862899997,20.32573043000008],[-99.389252979,20.32323051000003],[-99.397163719,20.319553690000077],[-99.40195788799997,20.32462995000003],[-99.40366731899996,20.324910180000074],[-99.406038949,20.323500970000055],[-99.40958413199996,20.325163039000074],[-99.41071234899994,20.325691951000067],[-99.41120528899995,20.325170970000045],[-99.41236539899995,20.32390828000007],[-99.41486942899996,20.325161691000062],[-99.420374859,20.323686030000033],[-99.42487745899996,20.325044310000067],[-99.42682741899995,20.32356149000003],[-99.43324882899998,20.322441050000066],[-99.43552568899997,20.321046919000025],[-99.43993822899995,20.32642328000003],[-99.44160633899997,20.326989880000042],[-99.46372471899997,20.32880694000005],[-99.47161424899997,20.333508660000064],[-99.47479859899994,20.33259294900006],[-99.47723796799994,20.333962340000028],[-99.48031577999996,20.33139562100007],[-99.49674968999994,20.334606850000057],[-99.50285113899997,20.326546540000038],[-99.50365677999997,20.327082880000034],[-99.50407119899995,20.32626711000006],[-99.50448024899998,20.325458420000075],[-99.50886524899994,20.32491709100003],[-99.51070847899996,20.32519594000007],[-99.51333179899996,20.325341920000028],[-99.51530125899995,20.326913819000026],[-99.51711014899996,20.325804350000055],[-99.52375682899998,20.325463769000066],[-99.52649865899997,20.327550600000052],[-99.53080073999996,20.32590520100007],[-99.53108216899994,20.326166649000072],[-99.53242548799994,20.327460400000064],[-99.53792324999995,20.329148780000025],[-99.53751311899998,20.329906890000075],[-99.542209029,20.329478320000078],[-99.53953554899994,20.343079260000025],[-99.53764839899998,20.345797770000047],[-99.53440907999999,20.34686631900007],[-99.53357173899997,20.349481280000077],[-99.53315921899997,20.353673401000037],[-99.53477311899996,20.360376650000035],[-99.53426705899994,20.36546074000006],[-99.53587273899996,20.36889817900004],[-99.53348913899998,20.373501630000078],[-99.51947913899994,20.37856737000004],[-99.51879842999995,20.380851540000037],[-99.52116728899995,20.382128649000038],[-99.51630322899996,20.384909320000077],[-99.51865090899997,20.387353740000037],[-99.51710525999994,20.388763570000037],[-99.51879153899995,20.38973746000005],[-99.52015201899997,20.397510370000077],[-99.51605551999995,20.397330940000074],[-99.51400930899996,20.406347680000067],[-99.51562413899995,20.408946220000075],[-99.51628097899999,20.413251581000054],[-99.51551564899995,20.414956450000034],[-99.51823957999994,20.42418322900005],[-99.51630745899996,20.42556692000005],[-99.51361453899995,20.423933890000058],[-99.49972996899999,20.42507745000006],[-99.49775422899995,20.425646649000043],[-99.49761639899998,20.425794650000057],[-99.49589456899997,20.429654860000028],[-99.49582831899994,20.43185382000007],[-99.49846857899996,20.43746512000007],[-99.50054791999997,20.438507291000064],[-99.50277321799996,20.437516690000052],[-99.50586244899995,20.438091890000067],[-99.50783544899997,20.439851890000057],[-99.50754494899996,20.442027680000024],[-99.50374070899994,20.44512720000006],[-99.50542184899996,20.448393940000074],[-99.50774919899999,20.448492250000072],[-99.51039554899995,20.451260250000075],[-99.51279962899997,20.452065290000064],[-99.51441594899995,20.454867490000026],[-99.51879110799996,20.456208420000053],[-99.51866711899999,20.457462510000028],[-99.51439862899997,20.45857748900005],[-99.51440525899994,20.459673510000073],[-99.50469854999994,20.46732645900005],[-99.50732401799996,20.473539309000046],[-99.51001359999998,20.474188621000053],[-99.50301576899994,20.478267],[-99.49341651899994,20.480253381000068],[-99.48749271799994,20.48271771900005],[-99.47915914999999,20.487803659000065],[-99.46957771899997,20.489113950000046],[-99.47020639899995,20.493225980000034],[-99.46846954799997,20.494924860000026],[-99.46111048899996,20.491726890000052],[-99.45775094899994,20.48756251100008],[-99.45250102999995,20.488607881000064],[-99.45001622899997,20.488154371000064],[-99.44860425999997,20.486571281000067],[-99.44732034899994,20.488965750000034],[-99.44919854799997,20.494786091000037],[-99.44658113899999,20.49594306000006],[-99.44129385899998,20.50175566100006],[-99.43523861899996,20.503773352000053],[-99.430045969,20.50111258000004],[-99.426742059,20.505273721000037],[-99.41551079899995,20.50444451100003],[-99.41301894799994,20.50569132100003],[-99.40610627899997,20.504008371000054],[-99.40446162899997,20.50262058100003],[-99.40223585899997,20.50410675100005],[-99.39251437899998,20.503496141000028],[-99.38872301999999,20.505760460000033],[-99.38557554899995,20.509554911000066],[-99.38449104899996,20.513485341000035]]]]}},{"type":"Feature","properties":{"id":"13007","name":"Almoloya","slug":"almoloya","regionId":"10","regionName":"Apan"},"geometry":{"type":"MultiPolygon","coordinates":[[[[-98.27868002099996,19.848246430000074],[-98.27108008999994,19.84630875000005],[-98.26714911,19.84333600100007],[-98.26538884999997,19.83839258000006],[-98.26621051999996,19.834739150000075],[-98.26458218,19.82299929000004],[-98.261024,19.82025640100005],[-98.25665239999995,19.82026342000006],[-98.25488387999997,19.819186199000058],[-98.25085804999998,19.812757979000025],[-98.25317574899998,19.81175034900002],[-98.24970851999996,19.80606946000006],[-98.24972124999994,19.798761910000053],[-98.25102747999995,19.795064479000075],[-98.24469862999996,19.791924170000073],[-98.24268951999994,19.788045660000023],[-98.23720810999998,19.781987910000055],[-98.23481544999999,19.77704551000005],[-98.22983834899998,19.774483049000025],[-98.22583671999996,19.77659545000006],[-98.22563972099994,19.779787119000048],[-98.22097256999996,19.778141749000042],[-98.21615554999994,19.778416970000023],[-98.22070961799994,19.774232948000076],[-98.22142424999998,19.77357635100003],[-98.21947893999999,19.772935570000072],[-98.21474742899994,19.774865740000052],[-98.21071578099998,19.774266150000074],[-98.20264141999996,19.76795491000007],[-98.19448419999998,19.765589650000038],[-98.19351749099997,19.76295409000005],[-98.19779386,19.762059091000026],[-98.19866701999996,19.75823654000004],[-98.19551188099996,19.753366180000057],[-98.19622842099994,19.75031560000002],[-98.19784547999996,19.748787850000042],[-98.19569879999995,19.741619660000026],[-98.19860936999999,19.741541450000057],[-98.20437722999998,19.738593690000073],[-98.20860421999998,19.739152200000035],[-98.20934210999997,19.73835185100006],[-98.21510933999997,19.74131445000006],[-98.21738316999995,19.74014597000007],[-98.21896014999999,19.736986970000032],[-98.23136938,19.729234880000035],[-98.23626308999997,19.72333395000004],[-98.24430352099995,19.721541140000056],[-98.24862111999994,19.71918387900007],[-98.25450873999995,19.719040060000054],[-98.25957476799994,19.717209481000054],[-98.26563677899998,19.717013950000023],[-98.26698047699995,19.720117109000057],[-98.26813678099995,19.719992950000062],[-98.27198236899994,19.724579431000052],[-98.27619961999994,19.723989519000042],[-98.28052154999995,19.726321080000048],[-98.28206990999996,19.72588815000006],[-98.28195828999998,19.724768620000077],[-98.28229974999994,19.724035780000065],[-98.27967239999998,19.71688149000005],[-98.28053405999998,19.718542171000024],[-98.29332171999994,19.726229600000067],[-98.29269257999994,19.723924691000036],[-98.30155850999995,19.72307875000007],[-98.30732444899996,19.727020820000064],[-98.31108688999996,19.727726449000045],[-98.31316368999995,19.72721978000004],[-98.31505352,19.724711180000043],[-98.31548152099998,19.725589340000056],[-98.32261650999999,19.72325715000005],[-98.32508625099996,19.72369015000004],[-98.32772819999997,19.722224260000075],[-98.33166719999997,19.722319970000058],[-98.33273797899994,19.719736080000075],[-98.33179870999999,19.716068750000034],[-98.33192044899994,19.711642151000035],[-98.33313550999998,19.711764],[-98.33330922999994,19.70932798000007],[-98.32948161999997,19.703776050000045],[-98.33004673999994,19.699037460000056],[-98.32900934999998,19.698157570000035],[-98.32883787999998,19.698012120000044],[-98.32094917999996,19.701010890000077],[-98.32173239899998,19.693227681000053],[-98.32395702099996,19.688853220000055],[-98.32380313999994,19.685297650000052],[-98.36701079999995,19.628209490000074],[-98.37573397899996,19.636705880000022],[-98.38297932099994,19.631402880000053],[-98.38484056999994,19.632654910000042],[-98.38542463199997,19.63192146500006],[-98.38545014999994,19.63188942000005],[-98.38925205099997,19.63560595000007],[-98.38930664999998,19.633482429000026],[-98.39430493999998,19.636589780000065],[-98.39353985999998,19.638294619000078],[-98.39460701499996,19.637415693000037],[-98.39501650999995,19.637078420000023],[-98.39644816899994,19.63797038000007],[-98.39792463099997,19.63939232000007],[-98.39892564999997,19.640300541000045],[-98.39943524999995,19.642448200000047],[-98.40205491999996,19.64436563000004],[-98.40417965999995,19.64367783000006],[-98.41981788099997,19.647195520000025],[-98.43018317999997,19.64447314000006],[-98.43242297999996,19.641787451000027],[-98.43604219999997,19.644707260000075],[-98.43519668999994,19.645697821000056],[-98.42913534099995,19.65071738000006],[-98.42364577999996,19.653621230000056],[-98.41118728999999,19.665434620000042],[-98.40639801999998,19.665971910000053],[-98.40514910999997,19.668380830000046],[-98.40339782099994,19.668759399000066],[-98.39882482999997,19.67672759900006],[-98.40045451899994,19.680596509000054],[-98.40371011099995,19.68360571000005],[-98.40401487999998,19.687079380000057],[-98.40744901899996,19.69005063000003],[-98.40672462999999,19.694461569000055],[-98.41417988999996,19.696242140000038],[-98.41576170999997,19.69570911900007],[-98.41515565999998,19.698307972000066],[-98.43390179999994,19.694940031000044],[-98.43730734999997,19.695921630000043],[-98.44236130999997,19.701178510000034],[-98.44202019999994,19.70493522000004],[-98.43436627999995,19.71239722000007],[-98.44309873899994,19.719546150000042],[-98.42497148999996,19.733601919000023],[-98.41578465899994,19.736319050000077],[-98.40267939999995,19.743882321000058],[-98.40394055099995,19.75005138000006],[-98.40059784999994,19.75569371000006],[-98.39464116899995,19.756897980000076],[-98.39509854,19.75840425900003],[-98.392573,19.762652309000032],[-98.39398850899994,19.763353910000035],[-98.39399368999995,19.764801060000025],[-98.38945656899995,19.76596868000007],[-98.38665102999994,19.771211660000063],[-98.38453679999998,19.770090740000057],[-98.38254861899998,19.771255920000044],[-98.37944857999997,19.776411800000062],[-98.37388131999995,19.77624368000005],[-98.37169987999994,19.777649820000022],[-98.37017337099996,19.781219090000036],[-98.37202304999994,19.782334580000054],[-98.37253056999998,19.78496123000002],[-98.36681854999995,19.786405800000068],[-98.36154759999994,19.783461250000073],[-98.36128005999996,19.78349595000003],[-98.36016217999997,19.786284310000042],[-98.36223433999999,19.789294020000057],[-98.36005676999997,19.791314890000024],[-98.36147493999994,19.791798880000044],[-98.364328,19.79814366000005],[-98.35675411999995,19.803448380000077],[-98.35699271999994,19.80529148000005],[-98.34021722099999,19.81387692000004],[-98.34449056999995,19.820155880000073],[-98.34344864999997,19.822525340000027],[-98.33767876999997,19.825778799000034],[-98.33680631999994,19.824921970000048],[-98.33631096899995,19.824332350000077],[-98.335498853,19.824918163000063],[-98.33532927999994,19.82504048100003],[-98.33217853999997,19.82057148000007],[-98.32871625999996,19.819716620000065],[-98.32811806099994,19.820649640000056],[-98.32796656999994,19.820885920000023],[-98.32708456499995,19.819208392000064],[-98.32641972,19.817943859000025],[-98.32058350999995,19.81528682000004],[-98.31732157999994,19.816366800000026],[-98.31693556999994,19.81704601900003],[-98.31532336999999,19.819621260000076],[-98.31118530899994,19.818578570000057],[-98.30991802999995,19.819949200000053],[-98.30657491899996,19.81791601900005],[-98.30878062899995,19.82112488100006],[-98.30127676999996,19.82966674100004],[-98.29118035,19.831656980000048],[-98.28776119999998,19.835731400000043],[-98.28955679999996,19.838416290000055],[-98.29367064999997,19.841073400000028],[-98.29333074999994,19.841834661000064],[-98.28764852099994,19.843239200000028],[-98.28410873999997,19.846668230000034],[-98.27868002099996,19.848246430000074]]]]}},{"type":"Feature","properties":{"id":"13008","name":"Apan","slug":"apan","regionId":"10","regionName":"Apan"},"geometry":{"type":"MultiPolygon","coordinates":[[[[-98.35529984899995,19.859745651000026],[-98.35252282999994,19.858463520000043],[-98.35031145999994,19.860300511000048],[-98.34604602999997,19.858048220000057],[-98.34031410899996,19.857376490000036],[-98.33828422999994,19.852614491000054],[-98.33552939999998,19.851382370000067],[-98.33694433999995,19.846972292000032],[-98.32863145899995,19.844485831000043],[-98.32840642999997,19.845125061000033],[-98.32815953899996,19.84585325100005],[-98.32522601899996,19.844946970000024],[-98.32421524999995,19.84547114000003],[-98.323265199,19.845848110000077],[-98.32304373899996,19.84238029100004],[-98.31449701999998,19.85451474000007],[-98.30995434,19.852756921000037],[-98.30938156899998,19.851327120000064],[-98.30655702999996,19.851262849000022],[-98.30285379999998,19.84852852000006],[-98.301745,19.847377080000058],[-98.30530456999998,19.846184950000065],[-98.30367745999996,19.845538281000074],[-98.30254362999995,19.84625378000004],[-98.29947077999998,19.845408090000035],[-98.29644401999997,19.846396120000065],[-98.29599990999998,19.84758103000007],[-98.28501608,19.848735350000027],[-98.28354046099997,19.846969151000053],[-98.28529448999996,19.844647180000038],[-98.29370248999999,19.84127034000005],[-98.28955679999996,19.838416290000055],[-98.28776119999998,19.835731400000043],[-98.29118035,19.831656980000048],[-98.30127676999996,19.82966674100004],[-98.30878062899995,19.82112488100006],[-98.30657491899996,19.81791601900005],[-98.30991802999995,19.819949200000053],[-98.31118530899994,19.818578570000057],[-98.31532336999999,19.819621260000076],[-98.31693556999994,19.81704601900003],[-98.31732157999994,19.816366800000026],[-98.32058350999995,19.81528682000004],[-98.32641972,19.817943859000025],[-98.32708456499995,19.819208392000064],[-98.32796656999994,19.820885920000023],[-98.32811806099994,19.820649640000056],[-98.32871625999996,19.819716620000065],[-98.33217853999997,19.82057148000007],[-98.33532927999994,19.82504048100003],[-98.335498853,19.824918163000063],[-98.33631096899995,19.824332350000077],[-98.33680631999994,19.824921970000048],[-98.33767876999997,19.825778799000034],[-98.34344864999997,19.822525340000027],[-98.34449056999995,19.820155880000073],[-98.34021722099999,19.81387692000004],[-98.35699271999994,19.80529148000005],[-98.35675411999995,19.803448380000077],[-98.364328,19.79814366000005],[-98.36147493999994,19.791798880000044],[-98.36005676999997,19.791314890000024],[-98.36223433999999,19.789294020000057],[-98.36016217999997,19.786284310000042],[-98.36128005999996,19.78349595000003],[-98.36154759999994,19.783461250000073],[-98.36681854999995,19.786405800000068],[-98.37253056999998,19.78496123000002],[-98.37202304999994,19.782334580000054],[-98.37017337099996,19.781219090000036],[-98.37169987999994,19.777649820000022],[-98.37388131999995,19.77624368000005],[-98.37944857999997,19.776411800000062],[-98.38254861899998,19.771255920000044],[-98.38453679999998,19.770090740000057],[-98.38665102999994,19.771211660000063],[-98.38945656899995,19.76596868000007],[-98.39399368999995,19.764801060000025],[-98.39398850899994,19.763353910000035],[-98.392573,19.762652309000032],[-98.39509854,19.75840425900003],[-98.39464116899995,19.756897980000076],[-98.40059784999994,19.75569371000006],[-98.40394055099995,19.75005138000006],[-98.40267939999995,19.743882321000058],[-98.41578465899994,19.736319050000077],[-98.42497148999996,19.733601919000023],[-98.44309873899994,19.719546150000042],[-98.43436627999995,19.71239722000007],[-98.44202019999994,19.70493522000004],[-98.44236130999997,19.701178510000034],[-98.43730734999997,19.695921630000043],[-98.43390179999994,19.694940031000044],[-98.41515565999998,19.698307971000077],[-98.41576170999997,19.69570911900007],[-98.41417988999996,19.696242140000038],[-98.40672462999999,19.694461569000055],[-98.40744901899996,19.69005063000003],[-98.40401487999998,19.687079380000057],[-98.40371011099995,19.68360571000005],[-98.40045451899994,19.680596509000054],[-98.39882482999997,19.67672759900006],[-98.40339782099994,19.668759399000066],[-98.40514910999997,19.668380830000046],[-98.40639801999998,19.665971910000053],[-98.41118728999999,19.665434620000042],[-98.42364577999996,19.653621230000056],[-98.42913534099995,19.65071738000006],[-98.43604219999997,19.644707260000075],[-98.43242297999996,19.641787451000027],[-98.43018317999997,19.64447314000006],[-98.41981788099997,19.647195520000025],[-98.40417965999995,19.64367783000006],[-98.40205491999996,19.64436563000004],[-98.39943524999995,19.642448200000047],[-98.39892564999997,19.640300541000045],[-98.39792463099997,19.63939232000007],[-98.39644816899994,19.63797038000007],[-98.39501650999995,19.637078420000023],[-98.39460701499996,19.637415693000037],[-98.39353985999998,19.638294619000078],[-98.39430493999998,19.636589780000065],[-98.38930664999998,19.633482429000026],[-98.38925205099997,19.63560595000007],[-98.38545014999994,19.63188942000005],[-98.38542463199997,19.63192146500006],[-98.38484056999994,19.632654910000042],[-98.38297932099994,19.631402880000053],[-98.37573397899996,19.636705880000022],[-98.36701079999995,19.628209490000074],[-98.36987896999995,19.624527571000044],[-98.38169684999997,19.609361860000035],[-98.40956434999998,19.616688431000057],[-98.41266653999998,19.617499090000024],[-98.43009193999995,19.614145090000022],[-98.43878354999998,19.614325919000066],[-98.44142365099998,19.612580570000034],[-98.44238791999999,19.61277152100007],[-98.443256379,19.61290131000004],[-98.44403917999995,19.61568194000006],[-98.44580850999995,19.616730149000034],[-98.44904094999998,19.61660322000006],[-98.45070584999996,19.618087571000046],[-98.45409830999995,19.61830598000006],[-98.46037668999998,19.616081979000057],[-98.46125171099999,19.614417880000076],[-98.46600370999994,19.614922110000066],[-98.46675296899997,19.613708600000052],[-98.47319242899994,19.615145850000033],[-98.47851769,19.618002830000023],[-98.48022991999994,19.617500490000054],[-98.48377162999998,19.61877622000003],[-98.48750625999998,19.617513339000027],[-98.49019542999997,19.619953319000047],[-98.49018427999994,19.61752482000003],[-98.49270407899996,19.613837260000025],[-98.49089354899996,19.610164310000073],[-98.49161384899998,19.607367830000044],[-98.49540008899999,19.607467090000057],[-98.49570103099995,19.607443020000062],[-98.50231581999998,19.603202150000072],[-98.50824708,19.602730460000032],[-98.51442207899998,19.603972750000025],[-98.51923879999998,19.60239929000005],[-98.52826301999994,19.61431557000003],[-98.52595336999997,19.619437920000053],[-98.53557577899994,19.634418881000045],[-98.52458745999996,19.64695817000006],[-98.52809082999994,19.66093692000004],[-98.54199865099997,19.676021579000064],[-98.55999110999994,19.690179999000065],[-98.56019597999995,19.69101483000003],[-98.56058208999997,19.69238480000007],[-98.55436731999998,19.69550656900003],[-98.55277313999994,19.697641151000028],[-98.55157736999996,19.702153770000052],[-98.55372387999995,19.70488283000003],[-98.55263267899994,19.705916150000064],[-98.55394839999997,19.70936222000006],[-98.55620454999996,19.710406630000023],[-98.55251352,19.720880090000037],[-98.53510747999997,19.713481690000037],[-98.53391494899995,19.71908557000006],[-98.53655031999995,19.729590750000057],[-98.53574581999999,19.737946860000022],[-98.53911674099999,19.743993120000027],[-98.53882239999996,19.74743157000006],[-98.53453557999995,19.752048110000032],[-98.52784120099994,19.756766970000058],[-98.51900696999996,19.758001180000065],[-98.51621527999998,19.760255020000045],[-98.51598541999994,19.758866401000034],[-98.51415546099997,19.758699230000047],[-98.50380172099995,19.761111880000044],[-98.50381374099999,19.76364994000005],[-98.50291457999998,19.764007821000064],[-98.50035487999997,19.76186038000003],[-98.49541890999996,19.76552379900005],[-98.49478668999996,19.77108731000004],[-98.49186784999995,19.771497],[-98.48875245999994,19.776193600000056],[-98.47479361999996,19.785455290000073],[-98.47009196999994,19.78556300100007],[-98.46884855099995,19.786926660000063],[-98.46861274999998,19.787160680000056],[-98.46672928999999,19.786715310000034],[-98.46449369099997,19.791599940000026],[-98.46075850999995,19.794486220000067],[-98.45856934999995,19.792613630000062],[-98.45691574099999,19.79742342000003],[-98.45482793999997,19.79905326000005],[-98.45405205999998,19.79968468900006],[-98.42646187999998,19.80725386000006],[-98.42801616999998,19.808999691000054],[-98.42105668,19.811684120000052],[-98.40151193999998,19.826042740000048],[-98.39900622,19.82319116900004],[-98.38502114999994,19.837585680000075],[-98.38699854099997,19.84099389000005],[-98.38705317999995,19.848489820000054],[-98.38594622999994,19.849108400000034],[-98.38519490999994,19.849588770000025],[-98.38521762899995,19.85170923100003],[-98.38271445799995,19.852285480000035],[-98.38159959899997,19.848015661000034],[-98.38054413999998,19.847623971000075],[-98.37847244899996,19.84819826000006],[-98.37741139899998,19.851100321000047],[-98.37337405899996,19.852710370000068],[-98.37709457999995,19.853781351000066],[-98.37370832,19.857768451000027],[-98.37707708899995,19.85875758000003],[-98.37697010899996,19.859822030000032],[-98.37916833899999,19.861728151000023],[-98.37403948999997,19.85991725100007],[-98.37212371899994,19.861059951000072],[-98.37117658099999,19.85989358100005],[-98.36451373999995,19.85880222000003],[-98.36392686,19.86068589000007],[-98.36341005099996,19.86226275100006],[-98.35529984899995,19.859745651000026]]]]}},{"type":"Feature","properties":{"id":"13009","name":"El Arenal","slug":"el-arenal","regionId":"7","regionName":"Actopan"},"geometry":{"type":"MultiPolygon","coordinates":[[[[-98.86436428999997,20.29653557900002],[-98.86333768999998,20.293272091000063],[-98.86487904999996,20.290619140000047],[-98.86763554999999,20.288935150000043],[-98.86910781899996,20.28433762000003],[-98.86771887899994,20.28328435000003],[-98.86699108999994,20.279758540000046],[-98.86707514899996,20.27888100100006],[-98.86597331999997,20.27821152100006],[-98.86561704899998,20.277965821000066],[-98.86617448899995,20.271571451000057],[-98.86941250999996,20.270662291000065],[-98.86928993999999,20.27039435000006],[-98.86990127999997,20.269405061000043],[-98.87022944999995,20.270465509000076],[-98.87899067899997,20.268014220000055],[-98.88216051999996,20.265852890000076],[-98.88047122899997,20.264966401000038],[-98.88081707999999,20.26394694000004],[-98.87246219699995,20.26267341600004],[-98.86162522899997,20.25790100100005],[-98.86037985899998,20.255025200000034],[-98.85771454899998,20.25502780100004],[-98.85712110999998,20.251996741000028],[-98.85477501999998,20.25210837000003],[-98.85135139899995,20.246058770000047],[-98.84609977899999,20.249065459000064],[-98.83770748899997,20.244522661000076],[-98.83567551899995,20.245845451000037],[-98.82965256899996,20.245781690000058],[-98.82658519999995,20.246954550000055],[-98.82301816799998,20.250190020000048],[-98.81916349099998,20.250875031000078],[-98.81466022899997,20.247740520000036],[-98.81508539899994,20.245604121000042],[-98.81312036999998,20.24245331000003],[-98.81524271899997,20.235252451000065],[-98.81397925999994,20.231681140000035],[-98.81511468899998,20.231437200000073],[-98.81562959999997,20.229163571000072],[-98.817219,20.22921172100007],[-98.81670054099999,20.22795331100008],[-98.81807476999995,20.225069551000047],[-98.82329621999997,20.22497161900003],[-98.82458007899999,20.223118511000052],[-98.82456841899995,20.198947881000038],[-98.82759550799994,20.189691140000036],[-98.83796797799994,20.188270001000035],[-98.83911111899994,20.18611918000005],[-98.83825116999998,20.184082201000024],[-98.83474377999994,20.18195662000005],[-98.83241561999995,20.182322680000027],[-98.83224990899998,20.179777022000053],[-98.83012724899999,20.176708201000054],[-98.83208042899997,20.175155521000022],[-98.83327615099995,20.169553181000026],[-98.83041271899998,20.16515189000006],[-98.83010210899994,20.16257358000007],[-98.83698919799997,20.15273158100007],[-98.86254741999994,20.160436121000032],[-98.87179770999995,20.155420021000054],[-98.87141090899996,20.157470430000046],[-98.87316774999994,20.159110620000035],[-98.87308547899994,20.160501940000074],[-98.87723196999997,20.163088951000077],[-98.88232017099995,20.160491321000052],[-98.88586236899994,20.161395781000067],[-98.89087550899995,20.159012001000065],[-98.89435079899994,20.160803630000032],[-98.89356887899999,20.164418151000064],[-98.90311461899995,20.166791571000033],[-98.90451042099994,20.169739320000076],[-98.905148479,20.170855021000023],[-98.906473109,20.170698220000077],[-98.90648391899998,20.170507971000063],[-98.90574361999995,20.168009621000067],[-98.90771702899997,20.169363710000027],[-98.91603367899995,20.168738690000055],[-98.916119171,20.168775141000026],[-98.91632,20.171252890000062],[-98.91778454999996,20.17225288900005],[-98.91789041899995,20.172224621000055],[-98.92025128899996,20.17040448100005],[-98.92159822099995,20.170933941000044],[-98.92138757999999,20.17101806000005],[-98.92034184899995,20.17226943000003],[-98.92322499899996,20.172837920000063],[-98.92385085099994,20.171712340000056],[-98.92685722899995,20.172657080000022],[-98.92721451899996,20.171892351000054],[-98.92631679899995,20.17408874100005],[-98.92660336899996,20.175023830000043],[-98.92668281999994,20.175787180000043],[-98.92792065999998,20.176258801000074],[-98.92680885999994,20.177616691000026],[-98.92668925899994,20.17801785000006],[-98.93513764999994,20.182159281000054],[-98.94353874999996,20.181237141000054],[-98.94682113999994,20.18232615100004],[-98.94925251899997,20.18481631000003],[-98.94443982999996,20.184486880000065],[-98.94111708899999,20.19140155100007],[-98.94682870999998,20.19594003000003],[-98.94809419899997,20.20104334100006],[-98.94763467999996,20.202164200000027],[-98.94512721899997,20.202567599000076],[-98.946534,20.20732411000006],[-98.93972574999998,20.216908940000053],[-98.94022342899996,20.24277255000004],[-98.93861239999995,20.24379231100005],[-98.93950245799994,20.24615877100007],[-98.93813164899996,20.253089782000075],[-98.93510022999999,20.253202491000025],[-98.93402704999994,20.25187391000003],[-98.93026957999996,20.25368922000007],[-98.92750371899996,20.25318922100007],[-98.92553676999995,20.257166079000058],[-98.92888931899995,20.259525720000056],[-98.92960314899995,20.262130481000042],[-98.92716991999998,20.26248331000005],[-98.92719114999994,20.263927221000074],[-98.92065841999994,20.265483279000023],[-98.91414610799995,20.27018288900007],[-98.91492485899994,20.27347468000005],[-98.91410830999996,20.275950511000076],[-98.91558404899996,20.27764398000005],[-98.91228617999997,20.277460232000067],[-98.90433119899996,20.279574370000034],[-98.90401924999998,20.27634443100004],[-98.88722202999998,20.285319651000066],[-98.87757085899995,20.294109651000042],[-98.86735868899996,20.29719157100004],[-98.86496119999998,20.296398570000065],[-98.86502468999998,20.297703350000063],[-98.86436428999997,20.29653557900002]]]]}},{"type":"Feature","properties":{"id":"13010","name":"Atitalaquia","slug":"atitalaquia","regionId":"1","regionName":"Tula"},"geometry":{"type":"MultiPolygon","coordinates":[[[[-99.17397548999998,20.095094379000045],[-99.16963762099994,20.095501220000074],[-99.17169456999994,20.089933230000042],[-99.18165439899997,20.07832711100008],[-99.18899791899997,20.072815452000043],[-99.18569013899997,20.066789581000023],[-99.18239645899996,20.067637970000078],[-99.18213579999997,20.06758780000007],[-99.18084208899995,20.065276291000032],[-99.17719597899998,20.06577002100005],[-99.17368797899996,20.060848150000027],[-99.16965839899996,20.059852551000063],[-99.16597828899995,20.057398851000073],[-99.16325907899994,20.052869350000037],[-99.15813191899997,20.047625251000056],[-99.15458202899998,20.04700751000007],[-99.15261662899997,20.043419201000063],[-99.14612852,20.04437992100003],[-99.14437030899995,20.045617340000035],[-99.14783197899999,20.039640650000024],[-99.14908807999996,20.03502080000004],[-99.15871614999998,20.035976660000074],[-99.16350914999998,20.038007709000055],[-99.17370947999996,20.036438710000027],[-99.17602161999997,20.038499510000065],[-99.18195736999996,20.040278080000064],[-99.18165288999995,20.042275451000023],[-99.18203857999998,20.04086583000003],[-99.18712850999998,20.04147731000006],[-99.18737291999997,20.04405175000005],[-99.18994085999998,20.044579600000077],[-99.19265233999994,20.04705517000008],[-99.19756136999996,20.039038280000057],[-99.19780004999996,20.035014149000062],[-99.20687041999997,20.03303728000003],[-99.21964750999996,20.02845042000007],[-99.21587776899997,20.025948740000047],[-99.23139968999999,20.023124820000078],[-99.24347914899994,20.024015230000032],[-99.24432936999995,20.02684682100005],[-99.24329716799997,20.029923540000027],[-99.26164242899995,20.030313852000063],[-99.26084397999995,20.027296490000026],[-99.26209374999996,20.02738228100003],[-99.26729121999995,20.034299540000063],[-99.27060705999997,20.03147225200007],[-99.270609289,20.031470351000053],[-99.28726352099994,20.039621587000056],[-99.28726971899994,20.03962462100003],[-99.28756874399994,20.033619816000055],[-99.28756879999997,20.033618682000053],[-99.29243218,20.03458455200007],[-99.29045881999997,20.059535401000062],[-99.27530414899996,20.062370892000047],[-99.2711756,20.061078632000033],[-99.26864904899998,20.05774818200007],[-99.25477122999996,20.05876862100007],[-99.26070817899995,20.064394950000064],[-99.24348614999997,20.069101260000025],[-99.24467370999997,20.07177532000003],[-99.24384582999994,20.071856380000042],[-99.24289036999994,20.071960060000038],[-99.24386477099995,20.075667510000073],[-99.24133905899998,20.075774170000045],[-99.24048096799999,20.07890874000003],[-99.22402241799995,20.08130054000003],[-99.21941330999994,20.083017830000074],[-99.21918424799998,20.07958151400004],[-99.20741054999996,20.082656550000024],[-99.20564125999994,20.081174400000066],[-99.20025185999998,20.085919260000026],[-99.20320196999995,20.092934710000065],[-99.17839857999996,20.09640229000007],[-99.17397548999998,20.095094379000045]]]]}},{"type":"Feature","properties":{"id":"13011","name":"Atlapexco","slug":"atlapexco","regionId":"4","regionName":"Huejutla"},"geometry":{"type":"MultiPolygon","coordinates":[[[[-98.32885181999995,21.111049480000077],[-98.33139833999996,21.103124781000076],[-98.330986769,21.098872950000043],[-98.32957665999999,21.09750260000004],[-98.33172957999994,21.09208846100006],[-98.32701753899994,21.09270218100005],[-98.32247519999999,21.08913725000008],[-98.31910331999995,21.089239749000058],[-98.31732902899995,21.088111620000063],[-98.31458261999995,21.08883294000003],[-98.31551154999994,21.08746005000006],[-98.31083346099996,21.084088371000064],[-98.30852689099999,21.078114570000025],[-98.30613891999997,21.077370750000057],[-98.30262953999994,21.073251710000022],[-98.30496639999996,21.069747911000036],[-98.30402394899994,21.068390770000065],[-98.30507882099994,21.068084230000068],[-98.30416168999994,21.066428549000022],[-98.30431725899996,21.065340940000056],[-98.30543837,21.062084291000076],[-98.30712173999996,21.06142298000003],[-98.306478,21.05908604900003],[-98.30862617999998,21.054558651000036],[-98.30654056999998,21.04878972000006],[-98.31005142999999,21.04547517000003],[-98.31441165999996,21.04673346000004],[-98.319426949,21.045367971000076],[-98.31988305999994,21.038857800000073],[-98.31687551099998,21.035481060000052],[-98.31702068899995,21.03068846000008],[-98.31527145999996,21.027762970000026],[-98.31948347999997,21.02700851000003],[-98.31805482999994,21.016435880000074],[-98.31892105999998,21.012799060000077],[-98.32125268999994,21.01176607900004],[-98.32180874999995,21.009341370000072],[-98.32008924999997,21.006296320000047],[-98.33137422899995,21.001214740000023],[-98.32971602999999,20.997274110000035],[-98.33227577999997,20.99378789000008],[-98.33647862999999,20.991888050000057],[-98.33921048999997,20.986538060000044],[-98.33932595099998,20.98558975000003],[-98.33881813999994,20.984936400000038],[-98.33533167999997,20.982789490000073],[-98.33229930999994,20.976835290000054],[-98.33175774999995,20.968942170000048],[-98.32803214999996,20.964642250000054],[-98.32555257999996,20.958862620000048],[-98.32584051999999,20.958675570000025],[-98.32543637999999,20.958019369000056],[-98.32776346099996,20.957817120000072],[-98.32794302999997,20.95915343100006],[-98.33033548999998,20.958452860000023],[-98.32835028999995,20.953497620000064],[-98.32682868999996,20.953857080000034],[-98.32741082999996,20.951838140000064],[-98.32611917099996,20.95173051000006],[-98.32323750999996,20.948249220000037],[-98.32017904999998,20.949054939000064],[-98.31781996999996,20.947040050000055],[-98.31814150999998,20.946296200000063],[-98.31576112,20.946833920000074],[-98.31078177799998,20.945333450000078],[-98.31231550799998,20.941029480000054],[-98.311628709,20.939277881000066],[-98.31758193999997,20.932642830000077],[-98.32490562999999,20.93174268000007],[-98.32620719999994,20.931122550000055],[-98.32720273999996,20.930991031000076],[-98.32729544899996,20.929769450000038],[-98.32783065999996,20.930500350000045],[-98.32811557999997,20.930769180000027],[-98.33091234999995,20.930712739000057],[-98.33048988899998,20.92962663000003],[-98.33549714999998,20.931181280000033],[-98.33554928999996,20.93080365000003],[-98.33592886099996,20.930383420000055],[-98.33650030999996,20.93212918000006],[-98.33795811999994,20.93060089000005],[-98.33939642999997,20.931349520000026],[-98.34219742,20.93592412000004],[-98.34574027999997,20.938429650000046],[-98.34548739999997,20.941787371000032],[-98.34744839999996,20.942564880000077],[-98.34725630999998,20.941533830000026],[-98.34984144899994,20.93982568000007],[-98.35244881899996,20.942551421000076],[-98.34975208999998,20.944493630000068],[-98.34821802999994,20.944318080000073],[-98.34848848999997,20.945920800000067],[-98.34668391099996,20.947968850000052],[-98.34273468999999,20.948326310000027],[-98.34231468999997,20.951240221000035],[-98.34552757999995,20.953935511000054],[-98.34939225999995,20.96181991000003],[-98.35577042999995,20.961600920000024],[-98.36244663099995,20.973318600000027],[-98.37112520099998,20.978130950000036],[-98.37582811999994,20.978902321000078],[-98.37509314999994,20.983768459000032],[-98.38033441999994,20.987138940000023],[-98.38747944999994,20.984299020000037],[-98.39525882999999,20.984219950000067],[-98.41962880099999,20.99211588000003],[-98.42614547999995,20.989390370000024],[-98.43189459999996,20.981924480000032],[-98.43473144999996,20.97991563000005],[-98.43466231099995,20.979412800000034],[-98.43454117999994,20.97853395100003],[-98.43915810899995,20.977377740000065],[-98.44324570899994,20.97815520000006],[-98.43812342999996,21.00386351000003],[-98.44014521999998,21.003937910000047],[-98.44056184999994,21.003925020000054],[-98.44020047999999,21.008618089000038],[-98.43974837999997,21.008706020000034],[-98.43911925999998,21.008677770000077],[-98.43956009099998,21.010100780000073],[-98.43870071999999,21.010174320000033],[-98.43944396899997,21.01391631000007],[-98.43697645999998,21.020431279000036],[-98.42967801999998,21.02231758000005],[-98.42548410999996,21.02626011900003],[-98.42155816999997,21.02811211100004],[-98.41949445999995,21.031469780000066],[-98.42067225999995,21.03338395000003],[-98.41655085999997,21.039027370000042],[-98.41595535099998,21.043842340000026],[-98.41190534999998,21.045893720000038],[-98.41039131999997,21.04597134000005],[-98.40895410999997,21.044491320000077],[-98.403434,21.04675511000005],[-98.40319004999998,21.049725780000074],[-98.40497321999999,21.052303600000073],[-98.40419606099994,21.053843310000047],[-98.40306131999995,21.055119860000048],[-98.40349331999994,21.056617120000055],[-98.39821017999998,21.060053740000058],[-98.39699688899998,21.06313102000007],[-98.39584945999997,21.062049830000035],[-98.39318617899994,21.06362917100006],[-98.39167465899999,21.062272910000047],[-98.38078428999995,21.06525085000004],[-98.381637201,21.06599846000006],[-98.38214141999998,21.066275450000035],[-98.38189952,21.06648780000006],[-98.38132474999998,21.06716175100007],[-98.38263436899996,21.069979540000077],[-98.38209756999998,21.07120977900007],[-98.38740264999996,21.076273370000024],[-98.38714351099998,21.078519580000034],[-98.39296979999995,21.08114143100005],[-98.38749785999994,21.086740080000027],[-98.38610790999996,21.090431220000028],[-98.38165708099996,21.09289768000008],[-98.37519368999995,21.090949350000074],[-98.37250990999996,21.092122980000056],[-98.37087822999996,21.094175171000074],[-98.37340044999996,21.099582180000027],[-98.36751828999996,21.100112571000068],[-98.36504694999996,21.102691460000074],[-98.36392713899994,21.10239758000006],[-98.36356837999995,21.101196880000032],[-98.36037664999998,21.10169762000004],[-98.36000059999998,21.102713660000063],[-98.35453370999994,21.102458800000022],[-98.35197816999994,21.09943794900005],[-98.35280615099998,21.098529910000025],[-98.35176528899996,21.09899949000004],[-98.35031424999994,21.09772698000006],[-98.34560474999995,21.10003892000003],[-98.34378904899995,21.097094089000052],[-98.33987826099997,21.100432460000036],[-98.34079524999999,21.102135970000063],[-98.34248634999994,21.105494820000047],[-98.32987347999995,21.111831340000037],[-98.32937777999996,21.111577430000068],[-98.32885181999995,21.111049480000077]]]]}},{"type":"Feature","properties":{"id":"13012","name":"Atotonilco el Grande","slug":"atotonilco-el-grande","regionId":"9","regionName":"Zacualtipán"},"geometry":{"type":"MultiPolygon","coordinates":[[[[-98.71729633899997,20.448092630000076],[-98.71061887999997,20.447216570000023],[-98.71045862899996,20.447083620000058],[-98.70768818,20.44546452000003],[-98.70685597,20.44682486000005],[-98.69846739899998,20.446478140000067],[-98.69378822899995,20.43901728900005],[-98.69287056999997,20.441130430000044],[-98.68941454099996,20.43320515000005],[-98.69025567999995,20.431624],[-98.68940898099999,20.429702220000024],[-98.68732314,20.432493949000047],[-98.68717141999997,20.432522430000063],[-98.68540151999997,20.432735450000052],[-98.68307725999995,20.441216720000057],[-98.67633017999998,20.445171800000026],[-98.66868757999998,20.44501837000007],[-98.66230276999994,20.437778370000046],[-98.657419,20.43949372000003],[-98.65539571099998,20.434328050000033],[-98.65709745999999,20.43116400100007],[-98.65391984999997,20.430033710000032],[-98.65215828999999,20.43055552000004],[-98.64592511899997,20.425572200000033],[-98.64139196999997,20.424531150000064],[-98.63675785099997,20.421635570000035],[-98.62940470999996,20.421600970000043],[-98.62376252099995,20.413779180000063],[-98.60480325999998,20.42527105000005],[-98.60492211999997,20.42862198000006],[-98.60627220099997,20.429119890000038],[-98.60301602899995,20.430699880000077],[-98.60201684999998,20.434154110000065],[-98.59955987899997,20.43713462000005],[-98.59366451999995,20.437274580000064],[-98.58903073999994,20.440437600000052],[-98.58372017,20.439941049000026],[-98.58060590899998,20.436261],[-98.57188847999998,20.434413120000045],[-98.57064557999996,20.43232137900003],[-98.57176462899997,20.437727420000044],[-98.56759577899999,20.435455280000042],[-98.56384649099994,20.43559526100006],[-98.56342677999999,20.436665540000035],[-98.55136253999996,20.43331217100007],[-98.55068568999997,20.43346968000003],[-98.55045585999994,20.433896280000056],[-98.55013781999997,20.43287218000006],[-98.55044121899994,20.432522540000036],[-98.55242901999998,20.43188851000008],[-98.55141456999996,20.429969570000026],[-98.55191606099999,20.427287281000076],[-98.54996008999996,20.425874830000055],[-98.55132121999998,20.42382211000006],[-98.549469,20.42155192000007],[-98.550732,20.419854740000062],[-98.54962157999995,20.418684280000036],[-98.54940268999997,20.415007681000077],[-98.55067377999995,20.40874892000005],[-98.54951382899998,20.40754391100006],[-98.55053544999998,20.406251740000073],[-98.54824276999994,20.40249466100005],[-98.54874937899996,20.399704280000037],[-98.55042721899997,20.399275170000067],[-98.55017916999998,20.395705109000062],[-98.54784561999998,20.392897340000047],[-98.54438908099996,20.392342601000053],[-98.54843997899997,20.390247860000045],[-98.54521172099999,20.388198740000064],[-98.54560322999998,20.385395],[-98.54467431099994,20.384570540000027],[-98.54562149099996,20.38185596900007],[-98.54443688099997,20.37880382900005],[-98.54596977999995,20.376789149000047],[-98.54306479999997,20.37556034000005],[-98.54488907999996,20.371366180000052],[-98.54650530999999,20.37013408000007],[-98.54546124999996,20.367984340000078],[-98.54868345999995,20.364692740000066],[-98.54733682999995,20.361490720000063],[-98.54896665999996,20.36028612000007],[-98.54541767999996,20.359147060000055],[-98.54535411999996,20.357964139000046],[-98.54346779999997,20.357726231000072],[-98.54299354999995,20.356242550000047],[-98.54026294899995,20.35799011000006],[-98.53885077099994,20.35275634000004],[-98.53673628999996,20.352041479000036],[-98.53676677899995,20.35047517000004],[-98.53430384999996,20.348441601000047],[-98.53835867899994,20.34189168000006],[-98.53186213999999,20.338441920000037],[-98.53485579999995,20.334336680000035],[-98.53865179999997,20.332634230000053],[-98.54099085999997,20.33367953900006],[-98.54495242999997,20.33150142100004],[-98.55501257999998,20.329902310000023],[-98.55715394999999,20.328282260000037],[-98.55558125099998,20.323050911000053],[-98.55554664999994,20.318491949000077],[-98.55648874099995,20.315880880000066],[-98.56302618099994,20.314502120000043],[-98.56156073999995,20.30805992100005],[-98.56315605999998,20.307546150000064],[-98.56417456999998,20.305153940000025],[-98.56239365,20.301621280000063],[-98.56772414999995,20.300363290000064],[-98.57882448999999,20.30421091000005],[-98.58405536999999,20.304415720000065],[-98.58999330999995,20.30652992000006],[-98.593899449,20.30280903000005],[-98.60177470899998,20.29910151000007],[-98.60260707999998,20.291942800000072],[-98.60879967999995,20.28167657000006],[-98.61226841899997,20.273236480000037],[-98.61464262099997,20.274244450000026],[-98.61589651999998,20.272847089000038],[-98.62786168999997,20.276389090000066],[-98.63200357999995,20.27503523000007],[-98.63249813999994,20.27085315000005],[-98.63741178099997,20.258123230000024],[-98.62789118099994,20.247904401000028],[-98.62843781999999,20.241887381000026],[-98.62797908899995,20.240360661000068],[-98.62625331999999,20.24008451000003],[-98.63206500099994,20.23064308000005],[-98.64600677999994,20.23261535100005],[-98.64031624999996,20.24003920000007],[-98.63914856699995,20.247337982000033],[-98.65014205899996,20.251147150000065],[-98.65394457999997,20.247805060000076],[-98.65773617299999,20.247360788000037],[-98.65774271999999,20.24736002000003],[-98.66268202999998,20.243742820000023],[-98.67201182999997,20.253023650000046],[-98.67158432099995,20.25498022900007],[-98.67253445899996,20.25490686200004],[-98.67299556799998,20.25662303200005],[-98.67231071999998,20.257615],[-98.67528628999997,20.258681780000074],[-98.67888236899995,20.263098230000026],[-98.68058714999995,20.262157579000075],[-98.68113008999995,20.264726280000048],[-98.68370305999997,20.265319180000063],[-98.68374357999994,20.265979169000047],[-98.68431696999994,20.266555450000055],[-98.68636784999995,20.264238660000046],[-98.68504667999997,20.264091370000074],[-98.68483017999995,20.262796339000033],[-98.68594319999994,20.263312060000032],[-98.68722951099994,20.26294352000008],[-98.68774493999996,20.26232531000005],[-98.68742885999995,20.261905601000024],[-98.68806751099999,20.262372120000066],[-98.68809959999999,20.262692],[-98.68743385,20.263652380000053],[-98.68634230999999,20.263588180000056],[-98.687092,20.264571170000067],[-98.68896467899998,20.26452811000007],[-98.68933350999998,20.26281368100007],[-98.69096012099999,20.263941800000055],[-98.68959811999997,20.260744920000036],[-98.690876431,20.257573180000065],[-98.68959824999996,20.255326170000046],[-98.69076005999995,20.25204823000007],[-98.69300711999995,20.250356230000023],[-98.69358711899997,20.24922138000005],[-98.69414485099998,20.247335030000045],[-98.69847827999996,20.245814090000067],[-98.69999716999996,20.242569771000035],[-98.70328339999998,20.239675970000064],[-98.70378567999995,20.239498231000027],[-98.70422171799999,20.234744619000026],[-98.71459897999995,20.232409369000038],[-98.71573156999995,20.24023248000003],[-98.71463648999998,20.242857400000048],[-98.71679865999994,20.246143800000027],[-98.71223259999994,20.24713028000002],[-98.70979325999997,20.252478310000072],[-98.71025801999997,20.257352770000068],[-98.70469921999995,20.256947920000073],[-98.69708316999998,20.26762303000004],[-98.69653573999994,20.27133297000006],[-98.69745959999995,20.27176374000004],[-98.69791650999997,20.269421970000053],[-98.69886205999995,20.26918537000006],[-98.69868553999999,20.272631740000065],[-98.70078931999996,20.27097408900005],[-98.69996811099998,20.272783680000032],[-98.70062954999997,20.27356308000003],[-98.70512059999999,20.274188370000047],[-98.70411676999998,20.275538820000065],[-98.70479370899994,20.277146740000035],[-98.70737879999996,20.27527218000006],[-98.70873751999994,20.277826920000052],[-98.70817151099999,20.28041360000003],[-98.70833061999997,20.280619880000074],[-98.70919394999999,20.280917720000048],[-98.71272061999997,20.27860842000007],[-98.712738259,20.280956710000055],[-98.71302247999995,20.281326660000047],[-98.71429428,20.281050080000057],[-98.71419168999995,20.279830480000044],[-98.71751025099996,20.279534770000055],[-98.71792811999995,20.278280799000072],[-98.72094134999998,20.27860005100007],[-98.72247737999999,20.280560249000075],[-98.72467096999998,20.28074214000003],[-98.72496179899997,20.28510686100003],[-98.72710264999995,20.285549149000076],[-98.72798724999996,20.289702980000072],[-98.72972633999996,20.290763140000024],[-98.73256728999996,20.289622490000056],[-98.73191185999997,20.292722880000042],[-98.73400085999998,20.293888120000076],[-98.73445137999994,20.29594965000007],[-98.73338886,20.298624250000046],[-98.73633535,20.298549140000034],[-98.73835172099996,20.296538420000047],[-98.74181522999999,20.297177600000055],[-98.74481954999999,20.29544332000006],[-98.74809151999995,20.295577680000065],[-98.75078444999997,20.29321968100004],[-98.75713312,20.291941140000063],[-98.76305705999994,20.287263120000034],[-98.76459059999996,20.283998550000035],[-98.76934116999996,20.285703799000032],[-98.77956543,20.283218340000076],[-98.78439842999995,20.284351340000057],[-98.78705270999995,20.286376920000066],[-98.78657153999995,20.28698226000006],[-98.78953262999994,20.290487150000047],[-98.79120237099994,20.29122029100006],[-98.79369219999995,20.29040372000003],[-98.79789074999997,20.292178181000054],[-98.78403541899996,20.311624770000037],[-98.78571142399994,20.311616099000048],[-98.78629208899997,20.311613091000027],[-98.78658354999999,20.313837370000044],[-98.78938514999999,20.313897650000058],[-98.79000368899995,20.316101480000043],[-98.79273137899997,20.31569851100005],[-98.79352011999998,20.318794120000064],[-98.79514545999996,20.31742796900005],[-98.79461065899994,20.315932880000048],[-98.79819339999995,20.317277061000027],[-98.79980973999994,20.31327242900005],[-98.80292597,20.313751181000043],[-98.80300984899998,20.311525620000054],[-98.80330225899996,20.311524061000057],[-98.80541471899994,20.311944881000045],[-98.80665894899994,20.310875060000058],[-98.80717390999996,20.31084215100003],[-98.80808381899999,20.313473461000058],[-98.81362817099995,20.31027522100004],[-98.81436421899997,20.31058102000003],[-98.81455625899997,20.31112109000003],[-98.81401187799997,20.31383352100005],[-98.81661137999998,20.31553628100005],[-98.81715333899996,20.317240940000033],[-98.82023385999997,20.31837831000007],[-98.81989504799998,20.32172168900007],[-98.82165497899996,20.322114371000055],[-98.82213705999999,20.322186291000037],[-98.82410068899998,20.324719079000033],[-98.82044991899994,20.325650250000024],[-98.82036930899994,20.330034200000057],[-98.81056016999997,20.329370511000036],[-98.80852874899995,20.33119694900006],[-98.807707629,20.33189886100007],[-98.80557931899995,20.33589814100003],[-98.80592699899995,20.340374230000066],[-98.80445956899996,20.34218418100005],[-98.80356357899996,20.343487891000052],[-98.80402365799995,20.344684380000047],[-98.80613148999998,20.345973980000053],[-98.80792371999996,20.350028400000042],[-98.80424524899996,20.354575140000065],[-98.80349484999994,20.358541451000065],[-98.79977821899996,20.360447661000023],[-98.79919519999999,20.362225221000074],[-98.80298619799999,20.36467194000005],[-98.80202924899999,20.364901719000045],[-98.80145374899996,20.365674201000047],[-98.80169534899994,20.36753666100003],[-98.80275563099997,20.36806578100004],[-98.80398727899995,20.368626120000044],[-98.80375617799996,20.37107878000006],[-98.811091649,20.375724061000028],[-98.80952642999995,20.377309421000064],[-98.80943884899995,20.377914691000058],[-98.80978537999994,20.378618621000044],[-98.81329524899996,20.37915392000008],[-98.81127702899994,20.381867751000073],[-98.81448781999995,20.384657220000065],[-98.81341036999999,20.38626995100003],[-98.81594137899998,20.388228260000062],[-98.81565719999998,20.389507920000028],[-98.81161438099997,20.38830175000004],[-98.80724490999995,20.38994629000007],[-98.80537180099998,20.392883620000077],[-98.80269117999995,20.394607480000047],[-98.796971,20.403310419000036],[-98.79238363099995,20.405101460000026],[-98.79165407999994,20.410683859000073],[-98.78909557999998,20.412708890000033],[-98.78504654099999,20.41447769000007],[-98.77379730999996,20.410912600000074],[-98.77316756999994,20.420487770000022],[-98.77274671999999,20.43659628000006],[-98.74331948999998,20.441925050000066],[-98.72418044999995,20.448605120000025],[-98.72209024999995,20.451642050000032],[-98.72132791999996,20.450355600000023],[-98.71729633899997,20.448092630000076]]]]}},{"type":"Feature","properties":{"id":"13013","name":"Atotonilco de Tula","slug":"atotonilco-de-tula","regionId":"1","regionName":"Tula"},"geometry":{"type":"MultiPolygon","coordinates":[[[[-99.19037597999994,20.045154290000028],[-99.18737291999997,20.04405175000005],[-99.18712850999998,20.04147731000006],[-99.18203857999998,20.04086583000003],[-99.18165288999995,20.042275451000023],[-99.18195736999996,20.040278080000064],[-99.17602161999997,20.038499510000065],[-99.17370947999996,20.036438710000027],[-99.16350914999998,20.038007709000055],[-99.15871614999998,20.035976660000074],[-99.14538845899995,20.035427172000027],[-99.144423169,20.029811481000024],[-99.14251319999994,20.026973261000023],[-99.14499153999998,20.026248029000044],[-99.14743347999996,20.027757850000057],[-99.15506043,20.025926110000057],[-99.15647685,20.02612331000006],[-99.15860311999995,20.027187710000078],[-99.15932082999996,20.01702811900003],[-99.16136616999995,20.012426120000043],[-99.16737417999997,20.01287349000006],[-99.16787278099997,20.003512770000043],[-99.18000149099998,19.998088780000046],[-99.17721733999997,19.99313889000007],[-99.17938690999995,19.992441290000045],[-99.18093757099996,19.992149],[-99.18321621999996,19.99009951000005],[-99.18807490999995,19.991932620000057],[-99.19005264699996,19.993963291000057],[-99.18959414999995,19.99147714000003],[-99.19081111999998,19.990394259000027],[-99.18894371999994,19.98945180000004],[-99.18985905899996,19.986770431000025],[-99.18920571999996,19.984819550000054],[-99.19090822299995,19.984073910000063],[-99.19290334999994,19.98545702900003],[-99.196919058,19.984826602000055],[-99.19751041999996,19.97589336900006],[-99.19836768999994,19.97781050900005],[-99.19886848999994,19.97769389000007],[-99.19991765999998,19.976802950000035],[-99.20340945999999,19.970965550000074],[-99.20647668099997,19.96863114000007],[-99.21002742099995,19.967696230000058],[-99.20891959999994,19.96636975000007],[-99.21156953899998,19.96331069100006],[-99.21289130999997,19.963647280000032],[-99.21250490899996,19.96553952100004],[-99.21501381999997,19.959833659000026],[-99.21307528999995,19.95872710900005],[-99.21539442999995,19.95461442000004],[-99.22776104999997,19.95106812000006],[-99.22604847999997,19.95004208000006],[-99.22594593999997,19.949880690000043],[-99.21857254099996,19.927241911000067],[-99.21151905999994,19.924288430000047],[-99.20921564899999,19.932435980000037],[-99.20688070999995,19.932131750000053],[-99.20701871999995,19.929072570000073],[-99.20652859999996,19.928532199000074],[-99.20560276999998,19.927500740000028],[-99.20660486099996,19.926340620000076],[-99.20707311999996,19.92579335000005],[-99.20663754999998,19.924955970000042],[-99.21072903099997,19.914474720000044],[-99.21555048999994,19.914702630000022],[-99.21498311,19.913053310000066],[-99.21524539999996,19.912603940000054],[-99.21915788999996,19.91139024900008],[-99.22019704899998,19.902389750000054],[-99.22280761899998,19.902115726000034],[-99.22392522099994,19.901998400000025],[-99.21746708999996,19.891423630000077],[-99.21987447999999,19.885577630000057],[-99.22932244999998,19.874033030000078],[-99.23216531999998,19.876738879000072],[-99.23399657899995,19.875797250000062],[-99.23502470899996,19.876840121000043],[-99.23594753999998,19.87349420000004],[-99.23956831899994,19.88801894900007],[-99.24674408999994,19.895565801000032],[-99.25078584999994,19.89306492000003],[-99.25270793799996,19.888215830000036],[-99.25796159999999,19.891171831000065],[-99.26041670899997,19.89674885000005],[-99.26314464999996,19.897885150000036],[-99.26408334999996,19.902712491000045],[-99.26700974,19.903559350000023],[-99.26708785999995,19.90503145100007],[-99.26926006099995,19.904688110000052],[-99.26930081899997,19.906254571000034],[-99.26771928899996,19.90693680100003],[-99.27082897999998,19.90916166100004],[-99.27223479899999,19.912458771000047],[-99.270785489,19.916279170000053],[-99.27286879899998,19.916341121000073],[-99.27278542099998,19.918107290000023],[-99.27416037899997,19.918843921000075],[-99.27214725799996,19.92166295100003],[-99.27090025999996,19.920847910000077],[-99.26930319999997,19.921888420000073],[-99.26931930999996,19.922007050000047],[-99.26641207999995,19.921338510000055],[-99.26434633899999,19.922393801000055],[-99.26044865999995,19.921200260000035],[-99.25903748999997,19.923914770000067],[-99.25974970899995,19.92413091000003],[-99.26024468999998,19.924308891000067],[-99.25692757899998,19.931046882000032],[-99.25123642899996,19.932677290000072],[-99.25240916899998,19.936931600000037],[-99.25133439999996,19.944057090000058],[-99.25106694999994,19.945826580000073],[-99.25533954899998,19.954138081000053],[-99.25519133999995,19.955157030000066],[-99.25490445999998,19.95661491000004],[-99.25602799899997,19.95645894000006],[-99.25927893999994,19.96069845100004],[-99.26623107899997,19.962586491000025],[-99.26991276899997,19.964983181000036],[-99.27263314899994,19.96099551100008],[-99.27226456999995,19.960577491000038],[-99.28124576899995,19.95244880100006],[-99.28266245999998,19.95510420000005],[-99.28455161999995,19.953316400000062],[-99.29036234999995,19.952746540000078],[-99.28783828099995,19.94771692100005],[-99.29016287999997,19.94584055100006],[-99.28880611899996,19.94470578100004],[-99.28818141899995,19.941519940000035],[-99.29295347999994,19.94018335000004],[-99.29426782899998,19.94322788100004],[-99.30136628899999,19.94714003000007],[-99.30410462899994,19.945886660000042],[-99.30746713999997,19.948366600000043],[-99.31103199799998,19.95780214100006],[-99.30953717999995,19.96208715100005],[-99.30991594999995,19.96465857100003],[-99.30699276999997,19.969192460000045],[-99.30489893899994,19.97038377100006],[-99.30447851799994,19.974103510000077],[-99.30325242899994,19.97508657000003],[-99.299955749,19.972708650000072],[-99.29245921899997,19.973884600000076],[-99.28722385899994,19.97333977100004],[-99.27630471799995,19.975474661000078],[-99.27397751999996,19.977977820000035],[-99.27377053999999,19.97925998100004],[-99.27692304999994,19.983911600000056],[-99.27442434999995,19.986665940000023],[-99.27571657999994,19.989479120000055],[-99.273839679,19.992117261000033],[-99.27405710999994,19.995843050000076],[-99.27097381899995,20.004233750000026],[-99.26430690999996,20.010862200000076],[-99.26173401899996,20.016245221000077],[-99.262483509,20.018576621000022],[-99.26084397999995,20.027296491000072],[-99.26164242899995,20.030313852000063],[-99.24329716699998,20.029923540000027],[-99.24432936999995,20.02684682100005],[-99.24347914899994,20.024015230000032],[-99.23139968999999,20.023124820000078],[-99.21587776899997,20.025948740000047],[-99.21964750999996,20.02845042000007],[-99.20687041999997,20.03303728000003],[-99.19780004999996,20.035014149000062],[-99.19756136999996,20.039038280000057],[-99.19311157899995,20.046559949000027],[-99.19037597999994,20.045154290000028]]]]}},{"type":"Feature","properties":{"id":"13014","name":"Calnali","slug":"calnali","regionId":"4","regionName":"Huejutla"},"geometry":{"type":"MultiPolygon","coordinates":[[[[-98.44766236999999,20.96175769000007],[-98.44200596999997,20.961048],[-98.43892744999994,20.959014600000046],[-98.43002447999999,20.96182397900003],[-98.42740381999994,20.958596630000045],[-98.42520204899995,20.948447780000038],[-98.42960390999997,20.935803279000027],[-98.42783502999998,20.93299698000004],[-98.42221091,20.934786599000063],[-98.42367193999996,20.925429491000045],[-98.42503111999997,20.925001060000056],[-98.42391808099995,20.920187800000065],[-98.42993482999998,20.91803864900004],[-98.43270365999996,20.91902372000004],[-98.43777888999995,20.91757425000003],[-98.44017393999997,20.91817438000004],[-98.44053641999994,20.915701050000052],[-98.44084756999996,20.915736020000054],[-98.44170708999997,20.915858050000054],[-98.44269533999994,20.913830460000042],[-98.44062022999998,20.908045320000042],[-98.44053036999998,20.906409260000032],[-98.44197705,20.90692211000004],[-98.43949537999998,20.901901980000048],[-98.44460481999994,20.89999731000006],[-98.44375261999994,20.896581421000064],[-98.445335619,20.891852151000023],[-98.44454124999999,20.886796150000066],[-98.44538828999998,20.885140741000043],[-98.44125877899995,20.876992120000068],[-98.43672830999998,20.872328310000057],[-98.43216134999994,20.86454069000007],[-98.43742711999994,20.86366103000006],[-98.43868510999994,20.86548562100006],[-98.440078,20.86538648000004],[-98.43831274099995,20.860275460000025],[-98.45667024999995,20.87130934000004],[-98.45808208999995,20.876810600000056],[-98.46192739999998,20.879250180000042],[-98.46258436999995,20.87798292100007],[-98.46608648899996,20.87799368000003],[-98.46409845999995,20.875349780000022],[-98.46500159999994,20.87412358000006],[-98.46579908999996,20.87432892000004],[-98.46642710999998,20.87499463000006],[-98.46798057999996,20.87400799900007],[-98.46892627999995,20.86976689000005],[-98.47195451999994,20.870607800000073],[-98.47313962899995,20.872207650000064],[-98.47937025099998,20.872682750000024],[-98.48177071999999,20.87657255000005],[-98.48369556999995,20.875287180000043],[-98.48728299899994,20.87410792000003],[-98.48804545999997,20.874787311000034],[-98.48953673999995,20.880408141000032],[-98.49344964999995,20.87904683100004],[-98.49895967999998,20.879217250000067],[-98.49998124999996,20.883408169000063],[-98.50211424999998,20.885468520000074],[-98.50409028999997,20.885216050000054],[-98.50677270899996,20.886800891000064],[-98.50798048999997,20.88479631000007],[-98.51231007899997,20.88686585100004],[-98.51845531899994,20.881864031000077],[-98.52725205999997,20.879362421000053],[-98.53361539999997,20.879715831000055],[-98.53669214999996,20.878590511000027],[-98.54043437899998,20.87981331000003],[-98.53994239999997,20.87639162000005],[-98.54091259899997,20.874717971000052],[-98.54256057999999,20.875046541000074],[-98.54411253999996,20.87754342900007],[-98.54471561999998,20.877631250000036],[-98.54539657899994,20.87749671000006],[-98.55079213899995,20.869648721000033],[-98.55697577999996,20.867268221000074],[-98.56462407999999,20.866275001000076],[-98.56578839999997,20.861724880000054],[-98.57778965999995,20.861348941000074],[-98.57585793899995,20.858092600000077],[-98.57639181899998,20.857049199000073],[-98.57310268899994,20.854632971000058],[-98.57486271999994,20.84911886200007],[-98.57745690999997,20.852663110000037],[-98.58095231899995,20.85432878000006],[-98.58114481899997,20.856206780000036],[-98.58283267899998,20.85535315000004],[-98.58348354899994,20.85099677000005],[-98.58722301899996,20.850642710000045],[-98.58787493999995,20.848048319000043],[-98.58918922899994,20.847409251000045],[-98.59135993999996,20.84940811000007],[-98.59551442999998,20.847830179000027],[-98.59820977899994,20.851019181000026],[-98.59998839999997,20.850101061000032],[-98.60241637099995,20.85212635000005],[-98.60429514999998,20.84818611000003],[-98.61298447999997,20.847955021000075],[-98.61236242899997,20.846658940000054],[-98.61503341999997,20.845192660000066],[-98.61661408899994,20.84639051100004],[-98.62066510899996,20.84586340000004],[-98.62344348999994,20.846686721000026],[-98.62646822899995,20.84285785000003],[-98.62749445999998,20.843714],[-98.62897154999996,20.842391],[-98.63164202999997,20.842780491000042],[-98.63026307899997,20.841183581000053],[-98.63028222999998,20.840619600000025],[-98.630791849,20.839896660000022],[-98.63476231899995,20.842329452000058],[-98.63703514999997,20.840579680000076],[-98.63929251999997,20.841051741000058],[-98.64093251099996,20.839757430000077],[-98.64237535099994,20.84018382000005],[-98.64223646,20.84273722000006],[-98.64364222999995,20.843350091000048],[-98.64521748799996,20.841793780000046],[-98.64659821899994,20.842676770000025],[-98.64824973899994,20.842051380000044],[-98.64878433999996,20.843745970000043],[-98.65144807999997,20.842922851000026],[-98.65320976999999,20.845151981000072],[-98.65202141999998,20.846206060000043],[-98.65148788999994,20.849886750000053],[-98.65345815099994,20.85565089000005],[-98.65230024999994,20.861949],[-98.66273274999998,20.861917650000066],[-98.66525365999996,20.867424420000077],[-98.66849813999994,20.869339350000075],[-98.66893638099998,20.874753510000062],[-98.66507604999998,20.879094421000048],[-98.66702496999994,20.879323740000075],[-98.66626655099998,20.882640380000055],[-98.66749762999996,20.88393712000004],[-98.66608761899994,20.885179180000023],[-98.66910185899997,20.88700528000004],[-98.66834959999994,20.887877381000067],[-98.66920174999996,20.889303820000066],[-98.66184830999998,20.89425243000005],[-98.66008765999999,20.899822510000035],[-98.65605982999995,20.895644090000076],[-98.65111621999995,20.893328350000047],[-98.64145727999994,20.897991340000033],[-98.63607800099999,20.89807078000007],[-98.63073908999996,20.896661450000067],[-98.63036368899998,20.896983030000058],[-98.62910594899995,20.898298020000027],[-98.63070602999994,20.89960289100003],[-98.62768121999994,20.902641620000054],[-98.62582165999999,20.90583126000007],[-98.62633213999999,20.906570401000067],[-98.63489609099997,20.908852800000034],[-98.63562670999994,20.90946075000005],[-98.63592167999997,20.90999732000006],[-98.63482185999999,20.91355997000005],[-98.64009721999997,20.914234],[-98.64547393999999,20.91695382000006],[-98.64997659999995,20.921721710000043],[-98.64992954999997,20.924181370000042],[-98.64872685999995,20.926157230000058],[-98.64446645899994,20.92575812000007],[-98.64240277999994,20.928213],[-98.64030164999997,20.928715450000027],[-98.64031510999996,20.93167242100003],[-98.63668254999999,20.936669880000068],[-98.63741239999996,20.938487879000036],[-98.63379974999998,20.940767830000027],[-98.63317073999997,20.943258080000078],[-98.62193810999997,20.949790851000046],[-98.62020594899997,20.949616691000074],[-98.61832724999994,20.951758820000066],[-98.61272947999998,20.950434340000072],[-98.60933662999997,20.95495986000003],[-98.60202625999995,20.952801659000045],[-98.59955594899998,20.953747460000045],[-98.59700317999994,20.95276683000003],[-98.59575661999997,20.95525988000003],[-98.59168907999998,20.95669508000003],[-98.58925557999999,20.955554540000037],[-98.58468576999996,20.958472679000067],[-98.58239765999997,20.956408311000075],[-98.57987954999999,20.95797617000005],[-98.57828556899995,20.954155980000053],[-98.57179330999998,20.956681650000064],[-98.56927347999994,20.953421340000034],[-98.55526887999997,20.951271290000022],[-98.55683524999995,20.94937962000006],[-98.55564316899995,20.94858546000006],[-98.55496376999997,20.944947850000062],[-98.55565616999996,20.94057082000006],[-98.55259873999995,20.933115910000026],[-98.54799696999999,20.931386849000035],[-98.53914544999998,20.932550650000053],[-98.53468297999996,20.933591170000057],[-98.53183885999994,20.936587520000046],[-98.52958402999997,20.937291220000077],[-98.52858728999996,20.936906860000022],[-98.52803439999997,20.93641968000003],[-98.52799928999997,20.935829831000035],[-98.52803821999998,20.93520551000006],[-98.53086362999994,20.933112],[-98.52668590999997,20.930359569000075],[-98.52161277099998,20.936095370000032],[-98.51883921999996,20.937611770000046],[-98.51848348099998,20.94153637000005],[-98.516211651,20.942923660000076],[-98.50976297999995,20.938532230000078],[-98.50876442099997,20.931995780000022],[-98.50403451099999,20.93227957000005],[-98.49700253999998,20.936441820000027],[-98.48964436999995,20.94607067900006],[-98.48859628999998,20.958284140000046],[-98.48651408999996,20.960662400000047],[-98.486323111,20.962898491000033],[-98.48126188999998,20.965751770000054],[-98.47477365999998,20.965259950000075],[-98.47143742999998,20.961027260000037],[-98.47052257999997,20.960508280000056],[-98.46975305999996,20.960368250000045],[-98.45957607999998,20.965979539000045],[-98.45882669099996,20.966934200000026],[-98.45828476999998,20.968539770000064],[-98.45646642099996,20.96892531000003],[-98.45008771999994,20.965860690000056],[-98.45175970999998,20.96346606000003],[-98.44766236999999,20.96175769000007]]]]}},{"type":"Feature","properties":{"id":"13015","name":"Cardonal","slug":"cardonal","regionId":"8","regionName":"Ixmiquilpan"},"geometry":{"type":"MultiPolygon","coordinates":[[[[-99.03547957899997,20.77478978000005],[-99.028822489,20.77088469000006],[-99.02316455,20.770045950000053],[-99.02116344899997,20.767653550000034],[-99.01279113899994,20.762671400000045],[-99.01317861899997,20.756086201000073],[-99.01199625799995,20.750268550000044],[-99.00775513999997,20.746137290000036],[-99.00465501899998,20.73887269000005],[-99.00688537899998,20.732301540000037],[-99.00957493899995,20.73375684900003],[-99.01371357899995,20.729861121000056],[-99.01582193899998,20.72942695000006],[-99.01921650899999,20.721612460000074],[-99.02261096899997,20.722483170000032],[-99.02395173899998,20.719803350000063],[-99.02143711899998,20.71762312000004],[-99.02064510899999,20.714141770000026],[-99.01909610899997,20.713216549000038],[-99.02162185899994,20.710801720000063],[-99.01613501899999,20.704811480000046],[-99.01623441899994,20.701527971000075],[-99.01815841899997,20.698913310000023],[-99.01793671899998,20.697919951000074],[-99.01747750899995,20.69688972000006],[-99.01141859899997,20.689934540000024],[-99.01077717899994,20.689613620000046],[-99.00984844899995,20.689392939000072],[-99.00909419899995,20.686790820000056],[-99.00521473899994,20.68341],[-99.00422961899994,20.68094498000005],[-99.00894534899999,20.67539122000005],[-99.00805181899995,20.668986260000054],[-99.00976019899997,20.66458866000005],[-99.00551853899998,20.65854358000007],[-99.00532677899997,20.651429860000064],[-99.00397013899999,20.651025660000073],[-99.00281496899999,20.65216152000005],[-99.00229641899995,20.652664970000046],[-98.99703087899996,20.650643020000075],[-98.99388864899998,20.65114882000006],[-98.99363137899996,20.649105920000068],[-98.98771904899996,20.64564986000005],[-98.98476756899998,20.64526918000007],[-98.98283861899995,20.646215520000055],[-98.98044501899994,20.64218305000003],[-98.97836742799996,20.640802950000023],[-98.97588648899995,20.640645290000066],[-98.97339308899996,20.643145850000053],[-98.96917959899997,20.644146140000032],[-98.96441082899997,20.639470860000074],[-98.96431845899997,20.63057537000003],[-98.96396964899998,20.63082428900003],[-98.95949990999998,20.630622860000074],[-98.95540059899997,20.636068119000072],[-98.95311639799996,20.636478831000034],[-98.94795259899996,20.635097620000067],[-98.94679041899997,20.636869400000023],[-98.94898407899996,20.638347860000067],[-98.94625141899996,20.637830180000037],[-98.94771350899998,20.639096340000037],[-98.94654013999997,20.638842940000075],[-98.94531610799999,20.642691030000037],[-98.94428794999999,20.64293757100006],[-98.94385431899997,20.641370980000033],[-98.94402310899994,20.644722710000053],[-98.94315845899996,20.64216614000003],[-98.94242014899999,20.64680577000007],[-98.94381559899995,20.64669069000007],[-98.94343777899996,20.647515831000078],[-98.94076285799997,20.646695221000073],[-98.93871357899997,20.649421480000058],[-98.93183322899995,20.65285331000007],[-98.93143094899995,20.649626539000053],[-98.92804079899997,20.645360780000033],[-98.92821407899999,20.639984620000064],[-98.932044379,20.63678888100003],[-98.93148239899995,20.63472758000006],[-98.93492924799995,20.631094260000054],[-98.93348465899999,20.629590939000025],[-98.93979150899997,20.625409140000045],[-98.94188345899994,20.619350750000024],[-98.94509968899996,20.618431850000036],[-98.94756593799997,20.615501620000032],[-98.94840828899999,20.610017430000028],[-98.94566850899997,20.60430112000006],[-98.95265773799997,20.60364154000007],[-98.94847379999999,20.595924550000063],[-98.94527251999995,20.59455519900007],[-98.94481419899995,20.591923140000063],[-98.94608939899996,20.589715170000034],[-98.94523011899997,20.586407250000036],[-98.94655710899997,20.585190400000045],[-98.94416059899999,20.58422980000006],[-98.94425879999994,20.582113220000053],[-98.94890407899999,20.580231080000033],[-98.95187876899996,20.581051509000076],[-98.95510968899998,20.574956180000072],[-98.95730011899997,20.575300750000054],[-98.95882996899996,20.572734230000037],[-98.960475939,20.57230695000004],[-98.96309621899997,20.573033200000054],[-98.96334550899996,20.57071934000004],[-98.96458787999995,20.570805980000046],[-98.96381551899998,20.568972280000025],[-98.96540368899997,20.56779614000004],[-98.96373990899997,20.567368980000026],[-98.96484956899997,20.564982830000076],[-98.96370602899998,20.562936600000057],[-98.96435899899996,20.56167658000004],[-98.96284407999997,20.560313690000044],[-98.96369921899998,20.558231800000044],[-98.96274245899997,20.556419520000077],[-98.96374750899997,20.555068350000056],[-98.96121987899994,20.55411231000005],[-98.96355851899995,20.552613660000077],[-98.96221581899994,20.552564850000067],[-98.96330022899997,20.548808550000047],[-98.96197776899999,20.548054420000028],[-98.96387781899995,20.545551059000047],[-98.96193902899995,20.544672220000052],[-98.96286410899995,20.542887380000025],[-98.96109128899997,20.54189125000005],[-98.96018564899998,20.53587746000005],[-98.95897990899994,20.535893481000073],[-98.95889962899997,20.533698650000076],[-98.95706592,20.533695290000026],[-98.95766168999995,20.531490311000027],[-98.955584849,20.529294750000076],[-98.95342247899998,20.528879820000043],[-98.95220499899995,20.526203429000077],[-98.950516629,20.52719305000005],[-98.94911777999994,20.526007020000065],[-98.95821784899994,20.521810350000067],[-98.960789649,20.525847601000066],[-98.96556916799994,20.526334580000025],[-98.96501163,20.521181111000033],[-98.96645281899998,20.518062170000064],[-98.96653330899994,20.514245541000037],[-98.96842771899998,20.512539890000028],[-98.97207737999997,20.51171331000006],[-98.97255411899994,20.508067862000075],[-98.96987965999995,20.497444321000046],[-98.97043354899995,20.494993571000066],[-98.96815899899997,20.49018386000006],[-98.96888767899998,20.489178631000073],[-98.97494742799995,20.49145272000004],[-98.97856725799994,20.490393201000074],[-98.98191361899995,20.487428231000024],[-98.98417051899997,20.48497653900006],[-98.98680868899999,20.480960121000066],[-98.99235982899995,20.467458289000035],[-98.99281621899996,20.46871303000006],[-98.99361308899995,20.468946420000066],[-98.99629021799996,20.458732310000073],[-98.99786367899998,20.456269660000032],[-99.00965562999994,20.449236491000022],[-99.01497722899995,20.44774375000003],[-99.02773551899998,20.448930450000034],[-99.02660170899998,20.467046740000058],[-99.02912561899996,20.460853800000052],[-99.02886779899995,20.458464221000042],[-99.03351668899995,20.450822860000073],[-99.03317067799998,20.443442851000043],[-99.03502253999994,20.442738450000036],[-99.03387570899997,20.441563580000036],[-99.04009294899998,20.434194450000064],[-99.04020919899995,20.42912929000005],[-99.04225913899995,20.42435086100005],[-99.04778328899994,20.41907346100004],[-99.05902173899995,20.41627223000006],[-99.06471822899994,20.41638406000004],[-99.06636268899996,20.418199350000066],[-99.06889177899996,20.418116980000036],[-99.06951981899994,20.41878158000003],[-99.07010693799998,20.419476750000058],[-99.07120601899999,20.418771880000065],[-99.07348808899997,20.42279431000003],[-99.07577448899997,20.421023180000077],[-99.077955079,20.422569862000046],[-99.08159456999994,20.427916940000046],[-99.08110211899998,20.430295220000062],[-99.08515950899994,20.435049649000064],[-99.08885848899996,20.43407583000004],[-99.09009390899996,20.43573648000006],[-99.09186237999995,20.434621399000036],[-99.097640088,20.438265220000062],[-99.10127101899997,20.447168850000025],[-99.10027970899995,20.448338490000026],[-99.09311457799998,20.449270510000076],[-99.09270210899996,20.44979389100007],[-99.09264311899994,20.451291941000022],[-99.09370204899994,20.452810620000037],[-99.11030007899996,20.455526660000032],[-99.11916485899997,20.459006740000063],[-99.12518570799995,20.45963794100004],[-99.12518824899996,20.461675059000072],[-99.12713271999996,20.463140231000068],[-99.13179436899998,20.471986420000064],[-99.12993833899998,20.475643599000023],[-99.12812130899994,20.47525894100005],[-99.12318837899994,20.478374220000035],[-99.12104111799994,20.483369350000032],[-99.1220358,20.485220049000077],[-99.11644027899996,20.491882030000056],[-99.11485673899995,20.492467050000073],[-99.11107822899999,20.49010560000005],[-99.10802619899994,20.492066820000048],[-99.10745270899997,20.49678182100007],[-99.10833862899995,20.497832060000064],[-99.10867887899997,20.498263800000075],[-99.11191993999995,20.49921794000005],[-99.11296571899999,20.502785799000037],[-99.10819739899995,20.502941690000057],[-99.10563985899995,20.508047460000057],[-99.10802419899994,20.511525950000078],[-99.10614008899995,20.513230320000048],[-99.10373514999998,20.51218988000005],[-99.10104021999996,20.514165201000026],[-99.09858819999994,20.52209565000004],[-99.10304525899994,20.523424170000055],[-99.10396504799996,20.525899279000043],[-99.10697190899998,20.525708019000035],[-99.10630207799994,20.52698201900006],[-99.108515061,20.52941392100007],[-99.10815142899997,20.530645310000068],[-99.109483448,20.530254110000044],[-99.11167222899996,20.536043549000055],[-99.113257649,20.533404650000023],[-99.11856570899994,20.530878200000075],[-99.12490424899994,20.53014272000007],[-99.12928954899996,20.536226550000038],[-99.13648679899995,20.536898350000058],[-99.13655482899998,20.543543509000074],[-99.13782087899995,20.543311860000074],[-99.13926045799997,20.54859675000006],[-99.14212084899998,20.549709220000068],[-99.14750964799998,20.546398830000044],[-99.148930668,20.54635313400007],[-99.14982402899994,20.54632440000006],[-99.14966396899996,20.554271650000032],[-99.15268330899994,20.555247370000075],[-99.15386910899997,20.551889910000057],[-99.15830087899997,20.55652845000003],[-99.15162007899994,20.562631571000054],[-99.14483962899999,20.563064831000077],[-99.14765110899998,20.566028310000036],[-99.14808881899995,20.568245800000057],[-99.14763436899995,20.59063842000006],[-99.14859317999998,20.592039490000047],[-99.14942785899996,20.590337120000072],[-99.15030739899998,20.592505350000067],[-99.15153805799997,20.590640180000037],[-99.15132461899998,20.59688698100007],[-99.15333444899994,20.60060874000004],[-99.15067477899998,20.609501430000023],[-99.15103041899994,20.61682680000007],[-99.15568733899994,20.61784803000006],[-99.15716405899997,20.624719280000022],[-99.16510213899994,20.626066320000064],[-99.15850145899998,20.632423540000048],[-99.16415167899999,20.64168182000003],[-99.16987345899997,20.647564351000028],[-99.17018687899997,20.65018843000007],[-99.17270945899998,20.651406250000036],[-99.17504314899998,20.655728031000024],[-99.17961604899995,20.659425940000062],[-99.17753119899999,20.660669260000077],[-99.17841377899998,20.662764320000065],[-99.17696124899999,20.663775890000068],[-99.17156648899999,20.662115940000035],[-99.17045176899995,20.663371940000047],[-99.17318101899997,20.668541309000034],[-99.16985807899994,20.674902880000047],[-99.17182564899997,20.69939966000004],[-99.17541622899995,20.70310477000004],[-99.176703509,20.70878195100005],[-99.17583810999997,20.71104445000003],[-99.16415405899994,20.70991582000005],[-99.16397451899996,20.708593910000047],[-99.16313665799998,20.707987079000077],[-99.15997007899995,20.710545289000038],[-99.15407464899994,20.711424780000073],[-99.14719553899994,20.70971957000006],[-99.14301514999994,20.71178580000003],[-99.13837488899998,20.71658553900005],[-99.13180013899995,20.713875690000066],[-99.13354570899997,20.719484890000047],[-99.13688450899997,20.723513119000074],[-99.13832022899999,20.73030237000006],[-99.12883957899999,20.727865940000072],[-99.12427991799996,20.72778057000005],[-99.12191691799995,20.733170460000053],[-99.12197904899995,20.737898571000073],[-99.11942225899998,20.737257020000072],[-99.11737217899997,20.734860690000062],[-99.116712109,20.735863660000064],[-99.11866687899999,20.740566510000065],[-99.11731382899995,20.74148948000004],[-99.11745641899995,20.742771970000035],[-99.12201113899994,20.746959080000067],[-99.11228111899999,20.749017940000044],[-99.11203788899996,20.751936079000075],[-99.10458767899996,20.752228200000047],[-99.10272076899997,20.753304420000063],[-99.09734019899997,20.75122386000004],[-99.09461716899995,20.756431620000058],[-99.09026317899998,20.759285480000074],[-99.08709165899995,20.767751910000072],[-99.08258964899994,20.767301600000053],[-99.08182648899998,20.76762352000003],[-99.080466861,20.76865317000005],[-99.07975716799996,20.766405290000023],[-99.08063671899998,20.76207855000007],[-99.08167865899998,20.76150505000004],[-99.08279421899994,20.760884950000047],[-99.08470037899997,20.754649579000045],[-99.08460148899997,20.75202598000004],[-99.08340388,20.750895400000047],[-99.06738822899996,20.755111890000023],[-99.06419425999997,20.758449220000045],[-99.06044137899994,20.759642030000066],[-99.05997731899998,20.765803340000048],[-99.05015757899997,20.765524510000034],[-99.04396181899995,20.769551200000024],[-99.040774979,20.770399680000025],[-99.03655307899999,20.775675940000042],[-99.03547957899997,20.77478978000005]]]]}},{"type":"Feature","properties":{"id":"13016","name":"Cuautepec de Hinojosa","slug":"cuautepec-de-hinojosa","regionId":"2","regionName":"Tulancingo"},"geometry":{"type":"MultiPolygon","coordinates":[[[[-98.30746233999997,20.09704755000007],[-98.30598410899995,20.09607935100007],[-98.30539704999995,20.096731350000027],[-98.29996217999997,20.092997371000024],[-98.29371628999996,20.091570770000033],[-98.29066378099998,20.08785423100005],[-98.28891476999996,20.090218350000043],[-98.28814745999995,20.090257880000024],[-98.28733674999995,20.089913830000057],[-98.28581417899994,20.087292150000053],[-98.28513811999994,20.087800350000066],[-98.28426276999994,20.089071051000076],[-98.28382976899996,20.091797951000046],[-98.27845691899995,20.089412751000054],[-98.27063548999996,20.09591694100004],[-98.264699,20.095031950000077],[-98.26490244999997,20.094575450000036],[-98.26400366099995,20.094598400000052],[-98.26760690899994,20.091915911000058],[-98.26854577899996,20.089724750000073],[-98.27053587999995,20.09087346000007],[-98.27630477999998,20.086951491000036],[-98.27497564999999,20.08378965000003],[-98.27514491999995,20.07867254000007],[-98.26940956899995,20.075078920000067],[-98.27036310899996,20.08017595000007],[-98.26865971999996,20.081979311000055],[-98.26361250899998,20.076135091000026],[-98.26351087899997,20.07319582100007],[-98.25108542899994,20.08442112000006],[-98.24603096999994,20.08443415000005],[-98.24265310899995,20.08638858100005],[-98.23160797899999,20.081695310000043],[-98.23284808899996,20.071902151000074],[-98.22034808899997,20.070436511000025],[-98.21840159999994,20.07979423100005],[-98.2065,20.080618482000034],[-98.19987593899998,20.08403646200003],[-98.196754979,20.084136381000064],[-98.19708991899995,20.083107719000054],[-98.19699528999996,20.08187605100005],[-98.19471674899995,20.078772941000068],[-98.19079804999996,20.079153121000047],[-98.18096716999997,20.076462951000053],[-98.17824014999997,20.079482510000048],[-98.17431457999999,20.081478541000024],[-98.17241141799997,20.08431082000004],[-98.16477471999997,20.085688121000032],[-98.16398570999996,20.084479771000076],[-98.16232079899999,20.08539717000008],[-98.15853977999996,20.08505622100006],[-98.15774481999995,20.084197861000064],[-98.16163078099999,20.07781889100005],[-98.16554697799995,20.07402852000007],[-98.16454727799999,20.070516820000023],[-98.16814645799997,20.057229711000048],[-98.17585145899994,20.052760661000036],[-98.17742064999999,20.04989252100006],[-98.18090284899995,20.046985540000037],[-98.18092713899995,20.045360510000023],[-98.17971471899995,20.045484801000043],[-98.17947162999997,20.040987780000023],[-98.17352919899997,20.034476341000072],[-98.17499656999996,20.02960058000008],[-98.16396113899998,20.022457820000056],[-98.16434959999998,20.02094892100007],[-98.16496094999997,20.019250369000076],[-98.17078904999994,20.01072392100008],[-98.17093722999994,20.00824146100007],[-98.16946196899994,20.005703340000025],[-98.17076535099994,20.005849751000028],[-98.17145145899997,20.002452380000022],[-98.17253502999995,20.002737540000055],[-98.17426388899997,19.997739401000047],[-98.16795353999998,19.990529451000043],[-98.16714162899996,19.98755177000004],[-98.16468831999998,19.985851371000024],[-98.16410091999995,19.98427231100004],[-98.16398811999994,19.982333780000033],[-98.16042797899996,19.97812957000008],[-98.16244261899999,19.97555465100004],[-98.16241761999999,19.975785831000053],[-98.16361919899998,19.976272940000058],[-98.16496259999997,19.97357258100004],[-98.16697877899998,19.97180189000005],[-98.18069764799998,19.959751571000027],[-98.19782504999995,19.959793001000037],[-98.19784345999994,19.961702570000057],[-98.20003648999995,19.962314830000025],[-98.20114051899998,19.964469551000036],[-98.20301959999995,19.96507028900004],[-98.20315305999998,19.963950891000025],[-98.207031,19.963587051000047],[-98.20783702999995,19.964912799000047],[-98.20943899899999,19.96423197200005],[-98.21074616999994,19.96563062000007],[-98.21310810999995,19.965377051000075],[-98.213201659,19.968370110000023],[-98.21594134999998,19.968521140000064],[-98.22236685999997,19.964043120000042],[-98.22370021999996,19.960088020000057],[-98.22587136999994,19.958268951000036],[-98.22674648999998,19.956222170000046],[-98.22619724899994,19.952322370000047],[-98.22102453899998,19.947914541000046],[-98.22208168999998,19.94693206000005],[-98.22471872099999,19.948523280000074],[-98.22732471999996,19.94737489000005],[-98.23017227899999,19.94940635100005],[-98.23390545899997,19.948795121000046],[-98.23738630899999,19.949780972000042],[-98.24956667999999,19.949189002000026],[-98.25160377999998,19.948149771000033],[-98.25384648899995,19.946070220000024],[-98.24219274799998,19.94114945900003],[-98.24333190899995,19.941002420000075],[-98.24609133999996,19.937172050000072],[-98.251041279,19.93485129100003],[-98.25089994999996,19.93245857000005],[-98.25224061899996,19.932421181000052],[-98.25121559899998,19.93054937200003],[-98.25172553899995,19.92949671100007],[-98.25626444999995,19.929305020000072],[-98.25517311899995,19.925476091000064],[-98.25290602999996,19.92487366100005],[-98.24919473999995,19.926140091000036],[-98.24530906099994,19.923998081000036],[-98.24825191999997,19.920389422000028],[-98.24807294999994,19.91753072100005],[-98.25162905899998,19.91798969100006],[-98.25633930999999,19.915024170000038],[-98.25698470999998,19.91614934100005],[-98.25779536999994,19.916500521000046],[-98.26341725099996,19.915189801000054],[-98.26202911999997,19.916262310000036],[-98.26782019899997,19.916113920000043],[-98.26871587899996,19.913156291000064],[-98.26778856999994,19.905276341000047],[-98.26604062999996,19.901590861000045],[-98.26879974999997,19.900243061000026],[-98.26820991899996,19.897208281000076],[-98.27024419799994,19.895123221000063],[-98.27403262899998,19.89317722000004],[-98.27624573999998,19.893160382000076],[-98.27841921999999,19.892582381000068],[-98.28664368899996,19.887253971000064],[-98.28805952099998,19.888660551000044],[-98.28932490899996,19.888011520000077],[-98.29093341999999,19.888877051000065],[-98.28791833899999,19.884995480000043],[-98.28904231899998,19.881169820000025],[-98.29253245799998,19.879275489000065],[-98.29107487899995,19.875812401000076],[-98.30447290999996,19.870115879000025],[-98.32304373899996,19.84238029100004],[-98.323265199,19.845848110000077],[-98.32421524999995,19.84547114000003],[-98.32522601899996,19.844946970000024],[-98.32815953899996,19.84585325100005],[-98.32840642999997,19.845125061000033],[-98.32863145899995,19.844485831000043],[-98.33694433999995,19.846972292000032],[-98.33552939999998,19.851382370000067],[-98.33828422999994,19.852614491000054],[-98.34031410899996,19.857376490000036],[-98.34604602999997,19.858048220000057],[-98.35031145999994,19.860300511000048],[-98.35252282999994,19.858463520000043],[-98.35653767999997,19.86061458100005],[-98.36341005099996,19.86226275100006],[-98.36392686,19.86068589000007],[-98.36451373999995,19.85880222000003],[-98.37117658099999,19.85989358100005],[-98.37212371899994,19.861059951000072],[-98.37403948999997,19.85991725100007],[-98.37916833899999,19.861728151000023],[-98.37697010899996,19.859822030000032],[-98.37707708899995,19.85875758000003],[-98.37370832,19.857768451000027],[-98.37709457999995,19.853781351000066],[-98.37337405899996,19.852710370000068],[-98.37741139899998,19.851100321000047],[-98.378788349,19.847944080000048],[-98.38091904899994,19.847625280000045],[-98.38271445799995,19.852285480000035],[-98.38521762899995,19.85170923100003],[-98.37893984999994,19.892159380000066],[-98.38161914999995,19.902299490000075],[-98.37322276999998,19.90913198000004],[-98.37587901899997,19.915014831000065],[-98.37625049099995,19.918974151000043],[-98.37871231099996,19.919627681000065],[-98.37735008999994,19.926996021000036],[-98.37187032099996,19.93750177000004],[-98.36868730999998,19.938513181000076],[-98.37255037899996,19.942693321000036],[-98.37010883,19.945860261000064],[-98.36078885999996,19.946489581000037],[-98.36133271999995,19.952467051000042],[-98.36584738,19.957629291000046],[-98.36533973899998,19.962100381000027],[-98.36684117999994,19.968080891000056],[-98.36573015,19.970907511000064],[-98.37064999899997,19.97673609000003],[-98.37410364899995,19.975835950000032],[-98.36504405999995,19.98288092100006],[-98.36093171899995,19.982969121000053],[-98.35817511,19.98779452100007],[-98.36056190999994,19.98977072100007],[-98.35785957899998,19.995066250000036],[-98.35848851999998,19.999489781000023],[-98.35971962899998,20.00058426100003],[-98.35583984899995,20.00910377100007],[-98.35654114999994,20.02136365000007],[-98.35433547899999,20.02214717000004],[-98.35021797999997,20.02089411000003],[-98.348002179,20.022626691000028],[-98.34504779999997,20.022645230000023],[-98.34429921899994,20.026425920000065],[-98.33574645999994,20.03450828000007],[-98.33634822899995,20.038858091000066],[-98.33445133899994,20.042472880000048],[-98.33619772099996,20.044898981000074],[-98.33758633899998,20.044170260000044],[-98.34154947899998,20.04844415100007],[-98.34997408999999,20.046362432000024],[-98.35586551899996,20.064730481000026],[-98.34995887999997,20.064582150000035],[-98.34537543,20.066397230000064],[-98.34494896799998,20.06410414000004],[-98.34259049099995,20.061906710000073],[-98.34257588999998,20.06315511100007],[-98.33687576999995,20.067475890000026],[-98.33104726,20.074098089000074],[-98.33120708999996,20.07506488000007],[-98.33202716999995,20.075340251000057],[-98.33018779899999,20.08048075000005],[-98.33080722899996,20.083517119000078],[-98.32942527899996,20.084668600000043],[-98.32789368999994,20.083697181000048],[-98.32789277099994,20.08338383000006],[-98.32744954999998,20.084062150000022],[-98.32854770899996,20.086656250000033],[-98.32540464999994,20.08771451900003],[-98.32584704899995,20.090614710000068],[-98.32622693999997,20.093162950000078],[-98.32360934899998,20.09616548100007],[-98.31939597799999,20.09419622100006],[-98.31887616999995,20.096000221000054],[-98.31816251899994,20.095939550000026],[-98.31770425999997,20.095821542000067],[-98.31766861999995,20.094315951000056],[-98.31307373999994,20.09338975000003],[-98.31196546099994,20.091099691000068],[-98.31018394899996,20.09343614200003],[-98.30828073999999,20.093819629000052],[-98.30746233999997,20.09704755000007]]]]}},{"type":"Feature","properties":{"id":"13021","name":"Emiliano Zapata","slug":"emiliano-zapata","regionId":"10","regionName":"Apan"},"geometry":{"type":"MultiPolygon","coordinates":[[[[-98.60931215099998,19.72651342000006],[-98.60214933999998,19.715733],[-98.59686805999996,19.716629260000047],[-98.58678194999999,19.72216817000003],[-98.58422940099996,19.722106820000022],[-98.58422421899996,19.723333290000028],[-98.58412921999997,19.723532890000058],[-98.58729905899997,19.728139060000046],[-98.56926727899997,19.72103357000003],[-98.56958791999995,19.71881123000003],[-98.56985156999997,19.716931740000064],[-98.56722495099996,19.715064420000033],[-98.56849921999998,19.70573730900003],[-98.56761138099995,19.706957490000036],[-98.56465166099997,19.706035050000025],[-98.56515744999996,19.703374800000063],[-98.56409090999995,19.703038650000053],[-98.56425673999996,19.701685320000024],[-98.56424642999997,19.701668150000046],[-98.56237433999996,19.701076659000023],[-98.56286130999996,19.697498739000025],[-98.55999110999994,19.690179999000065],[-98.54199865099997,19.676021579000064],[-98.52814724999996,19.66101732000004],[-98.52458745999996,19.64695817000006],[-98.55039967999994,19.618578170000035],[-98.55016621999994,19.624548780000055],[-98.55574042999996,19.625392060000024],[-98.55561045999997,19.628102370000022],[-98.56371950999994,19.62714882000006],[-98.56136994999997,19.637595400000066],[-98.56567852099994,19.639574680000067],[-98.56638427999997,19.64025102000005],[-98.5663578,19.641119660000072],[-98.56904890899995,19.63875710900004],[-98.57347217999995,19.63894012000003],[-98.57993998099994,19.637416340000073],[-98.58329597999995,19.63293242000003],[-98.58496771999995,19.627821681000057],[-98.58961570899999,19.622940710000023],[-98.59034870999994,19.619363650000025],[-98.60031777999995,19.611409199000036],[-98.60083945999997,19.60828495000004],[-98.60381870999998,19.605561290000026],[-98.60983607999998,19.602014310000072],[-98.62591688999998,19.60033222000004],[-98.63101379999995,19.60199317000007],[-98.63363568999995,19.597891381000068],[-98.63405102999997,19.59792426000007],[-98.63468662899999,19.59775811000003],[-98.63830191999995,19.598941180000054],[-98.64198713999997,19.60536725000003],[-98.64590929099995,19.607530170000075],[-98.64765942999998,19.60780355000003],[-98.64964568999994,19.606440950000035],[-98.65218721999997,19.607804830000077],[-98.65487518099997,19.60764523000006],[-98.65772397999996,19.605555580000043],[-98.66246548999999,19.605764951000026],[-98.66314561999997,19.604754220000075],[-98.66557708899995,19.606153740000025],[-98.66174659999996,19.610113],[-98.66193164999999,19.611692551000033],[-98.66498359999997,19.616431350000028],[-98.66867648999994,19.619175290000044],[-98.67054910899998,19.624827921000076],[-98.67239571899995,19.625147570000024],[-98.67203664999994,19.63672948100003],[-98.66763139999995,19.644355620000056],[-98.67041422999995,19.65122228900003],[-98.67005481999996,19.65867614000007],[-98.66822856999994,19.65850431000007],[-98.66863605999998,19.65921220000007],[-98.66694424999997,19.660571399000048],[-98.66739854999997,19.660865940000065],[-98.66777773999996,19.661335940000072],[-98.66709344999998,19.661916880000035],[-98.66643598099995,19.66226788000006],[-98.66579144999997,19.661871850000068],[-98.66670802999994,19.660903060000066],[-98.66549588999999,19.65978928000004],[-98.66536248999995,19.66160829000006],[-98.66511896999998,19.66145866000005],[-98.66474334099996,19.66072962000004],[-98.66435701999995,19.65703245000003],[-98.65812101999995,19.653967420000072],[-98.65554582999994,19.650472260000072],[-98.65481233999998,19.651183521000064],[-98.65310665899995,19.654315],[-98.64418657899995,19.648830890000056],[-98.64160845999999,19.64949043000007],[-98.63897759999998,19.65352511100002],[-98.63494913999995,19.655537860000038],[-98.62949488999999,19.656736030000047],[-98.62511350999995,19.65556003000006],[-98.62222084999996,19.657659719000037],[-98.62118517099998,19.66059688000007],[-98.61967056999998,19.661163921000025],[-98.62332062999997,19.663451079000026],[-98.62791536999998,19.66353508000003],[-98.62791184999998,19.663560250000046],[-98.62776211999994,19.665140859000076],[-98.63002716999995,19.66731031000006],[-98.63407924999996,19.668072710000047],[-98.63549351999995,19.670765350000067],[-98.63792954999997,19.668973250000022],[-98.63989708999998,19.67108311000004],[-98.637011681,19.674867909000056],[-98.63223710999995,19.674526350000065],[-98.632228,19.676382020000062],[-98.63010693999996,19.679025740000043],[-98.62937253999996,19.687275800000066],[-98.62511027999994,19.69137463000004],[-98.62506639999998,19.695073120000075],[-98.62391539999999,19.69640805000006],[-98.63079324999995,19.70470442000004],[-98.63090059999996,19.707086751000077],[-98.62943356999995,19.709720851000043],[-98.63247574099995,19.71329275000005],[-98.63002634999998,19.716104449000056],[-98.63028688999998,19.716852850000066],[-98.63346157999996,19.71496452100007],[-98.63345967999999,19.715990220000037],[-98.63085373999996,19.717719400000078],[-98.63292433999999,19.72223586000007],[-98.63165744999998,19.722974],[-98.63118931999998,19.721364280000046],[-98.63064368099998,19.721322370000053],[-98.62920113999996,19.722645250000028],[-98.62763636999995,19.721821600000055],[-98.62751519999995,19.723954019000075],[-98.62668313999995,19.724440110000046],[-98.62621426099997,19.724712401000033],[-98.62693237999997,19.72564709100004],[-98.62574242999995,19.726609050000036],[-98.62470304999994,19.727424489000043],[-98.62446149099998,19.72649542000005],[-98.62377969,19.725574340000037],[-98.61589902999998,19.729482950000033],[-98.60931215099998,19.72651342000006]]]]}},{"type":"Feature","properties":{"id":"13083","name":"Zempoala","slug":"zempoala","regionId":"6","regionName":"Tizayuca"},"geometry":{"type":"MultiPolygon","coordinates":[[[[-98.80383307799997,20.02922197600003],[-98.80096846499998,20.02769209400003],[-98.79682477199998,20.035185309000042],[-98.77275231899995,20.02346932100005],[-98.75807667999999,20.014708891000055],[-98.76217307899998,20.007919911000045],[-98.76245404899998,20.010175581000055],[-98.762507,20.010148951000076],[-98.76734456999998,20.003521651000028],[-98.76704288899998,20.001199771000074],[-98.76673328899994,19.99886900200005],[-98.76573208999997,19.999015861000032],[-98.76721761999994,19.991345481000053],[-98.76804779899999,19.98867142100005],[-98.76822856899997,19.988517400000035],[-98.77162031899996,19.98541225100007],[-98.74112773899998,19.982602350000036],[-98.73082644899995,19.980079771000078],[-98.72755764999994,19.99435180100005],[-98.72022137,19.993119491000073],[-98.72037121999995,19.991631661000042],[-98.71888514899996,19.990919830000053],[-98.71941973999998,19.986559060000047],[-98.70817941999996,19.984249569000042],[-98.70762468999999,19.98253554000007],[-98.70550282,19.982821751000074],[-98.70145559999997,19.978436050000028],[-98.70445948999998,19.986903031000054],[-98.70235713999995,19.989802550000036],[-98.69894974999994,19.98916440000005],[-98.69533693899996,19.99155225100003],[-98.68639647999998,19.987618720000057],[-98.68322977999998,19.989767119000078],[-98.68346862999994,19.993145369000047],[-98.68182808999995,19.99430772000005],[-98.67901830999995,19.98973348000004],[-98.67519704999995,19.98821612000006],[-98.675926313,19.986960587000056],[-98.67592685099999,19.986959660000025],[-98.67580701999998,19.986248421000028],[-98.67515696999999,19.984615310000038],[-98.67081979899996,19.987107520000052],[-98.67002445099996,19.985735780000027],[-98.66997559999999,19.98565154000005],[-98.66294422999994,19.981712170000037],[-98.65787361999998,19.97365848000004],[-98.65626034999997,19.966645280000023],[-98.65785822099997,19.961066620000054],[-98.65397550999995,19.960524570000075],[-98.65741934999994,19.954491460000042],[-98.65223728999996,19.953945800000042],[-98.648626,19.959694711000054],[-98.64165522999997,19.953686710000056],[-98.63715147999994,19.957300600000053],[-98.63547545999995,19.95599370900004],[-98.62951725,19.95990838000006],[-98.63190032099999,19.965171170000076],[-98.60891589,19.971617180000067],[-98.60349528999996,19.976517150000063],[-98.60399542,19.97711325000006],[-98.59713389099994,19.986858520000055],[-98.59231692099996,19.983371490000025],[-98.58700527999997,19.99223735000004],[-98.58502953999994,19.991247771000076],[-98.57978545099996,19.98764182000002],[-98.58002980099997,19.98767814100006],[-98.58589164999995,19.988196341000048],[-98.58083147999997,19.98325908100003],[-98.58442071999997,19.98221611200006],[-98.58782990999998,19.97633969000003],[-98.587772939,19.97528457100003],[-98.58526251999996,19.975118821000024],[-98.58558610999995,19.972017461000064],[-98.58732831899994,19.972106981000024],[-98.58740985999998,19.965755452000053],[-98.58731751999994,19.964935661000027],[-98.59439869099998,19.956281171000057],[-98.58998234999996,19.954436181000062],[-98.58711813999997,19.957696291000047],[-98.58705241999996,19.953190351000046],[-98.58442931999997,19.95389446100006],[-98.58382225999998,19.953470051000068],[-98.58310772099998,19.95285902100005],[-98.57198242899995,19.951230251000027],[-98.57481324899999,19.946776922000026],[-98.57533671999994,19.945955911000055],[-98.56835779999994,19.943659291000074],[-98.56969547999995,19.934376601000054],[-98.54546037999995,19.93294854000004],[-98.54758993999997,19.927474541000038],[-98.54391049099996,19.92792202100003],[-98.538941691,19.92561069100003],[-98.53803870999997,19.92363485100003],[-98.53890850999994,19.92144415100006],[-98.53521734999998,19.920128281000075],[-98.53138437099994,19.916620911000052],[-98.52980145999999,19.916712],[-98.52981625999996,19.911702141000035],[-98.52806388099998,19.908484],[-98.52830085099998,19.906889251000052],[-98.52929865999994,19.906881170000077],[-98.53039115099995,19.904216461000033],[-98.53553428099997,19.902604481000026],[-98.53360457899998,19.901300951000053],[-98.53494374899998,19.891385941000067],[-98.53759992,19.887360940000065],[-98.53988192099996,19.887216340000066],[-98.54580922099996,19.889892200000077],[-98.54912539999998,19.890420020000022],[-98.55120819899997,19.88901412100006],[-98.55419916999995,19.889995890000023],[-98.55510974999999,19.888907850000066],[-98.56053584999995,19.890657831000055],[-98.56170193999998,19.887616370000046],[-98.56285868999998,19.88762668100003],[-98.56362456899996,19.888022660000047],[-98.56453073999995,19.88833249000004],[-98.56455694099998,19.88839875000002],[-98.56425319999994,19.88998986100006],[-98.57004207999995,19.89178909000003],[-98.57062774899998,19.890569180000057],[-98.57075830999997,19.890557430000058],[-98.57334948999994,19.891544920000058],[-98.57476024999994,19.888087600000063],[-98.57364717999997,19.87404569000006],[-98.57491601999999,19.864685460000032],[-98.57928826099999,19.86171163100005],[-98.58716485099995,19.861757280000063],[-98.59038159999994,19.855611520000025],[-98.59586459899998,19.852527940000073],[-98.60646628099994,19.848137260000044],[-98.61316519999997,19.84810955000006],[-98.61854914999998,19.84026472000005],[-98.62046725099998,19.835071750000054],[-98.62689473899997,19.837110170000074],[-98.62590976899997,19.84155645000004],[-98.62698825999996,19.852485340000044],[-98.63215988099995,19.85062006000004],[-98.63254974999995,19.848363980000045],[-98.63749241999994,19.84862682000005],[-98.64030265999997,19.84655647900007],[-98.64610433999997,19.849528580000026],[-98.64875134,19.849630710000042],[-98.64985465999996,19.85392292000006],[-98.65385341999996,19.85037366000006],[-98.65434050999994,19.84119098000002],[-98.65280608999996,19.837197480000043],[-98.66121525999995,19.834651310000027],[-98.66522996999998,19.835388910000063],[-98.66989210999998,19.834426980000046],[-98.67479217999994,19.832396200000062],[-98.67368282899997,19.82797307900006],[-98.67402679999998,19.82072592000003],[-98.67247717999999,19.81672338000004],[-98.67407564999996,19.814016980000076],[-98.67481830999998,19.814772910000045],[-98.67587541999995,19.81318435000003],[-98.67662791999999,19.813791181000056],[-98.67720861999999,19.813198059000058],[-98.69764124999995,19.832114820000072],[-98.67788298099998,19.849611030000062],[-98.67183973999994,19.853659140000048],[-98.67265891999995,19.862834620000058],[-98.68084464999998,19.860651480000058],[-98.68536754999997,19.850548970000034],[-98.68912830999994,19.851285689000065],[-98.69912664999998,19.858419860000026],[-98.70041364999997,19.856573250000054],[-98.70275547999995,19.858601020000037],[-98.70098794999996,19.856063380000023],[-98.70354102999994,19.85735629000004],[-98.70459934999997,19.85558117100004],[-98.70344493899995,19.854570919000025],[-98.70341925999998,19.85453909000006],[-98.70812779899995,19.855751680000026],[-98.70870154999994,19.854744350000033],[-98.70925014999995,19.85378123000004],[-98.711255941,19.855104280000035],[-98.71282066099997,19.85380192100007],[-98.71712777999994,19.85864294000004],[-98.71761239999995,19.86043477900006],[-98.71854336899997,19.862337310000044],[-98.72770842999995,19.863971221000043],[-98.73509348999994,19.86740585000007],[-98.73870722099997,19.867156830000056],[-98.73917284999999,19.87255951000003],[-98.75023724999994,19.87657229000007],[-98.75469905099999,19.876790460000052],[-98.75190068999996,19.888250371000026],[-98.75356396999996,19.89280989100007],[-98.75131239999996,19.897362980000025],[-98.75554214999994,19.901609180000037],[-98.75633026099996,19.901275460000022],[-98.75660437,19.902280260000055],[-98.75680654099995,19.90336369000005],[-98.75280179999999,19.910981999000057],[-98.74173293999996,19.91570192000006],[-98.74369382999998,19.91745442000007],[-98.74180046099997,19.91816165000006],[-98.74297417999998,19.922632750000048],[-98.74387865899996,19.92288818000003],[-98.74448993999994,19.92334825000006],[-98.74606281999996,19.92651557000005],[-98.74992725099997,19.92668862000005],[-98.75170728999996,19.925613940000062],[-98.75527509099999,19.927628580000032],[-98.75882357999996,19.93509634000003],[-98.75871534999999,19.937004397000067],[-98.77002194099998,19.943723740000053],[-98.76768279999999,19.94586663000007],[-98.77557911999997,19.94965114000007],[-98.78045516999998,19.95604289000005],[-98.78544828999998,19.95935023000004],[-98.78841102099994,19.95986362000008],[-98.79767857899998,19.96656586000006],[-98.80087496899995,19.97238691000007],[-98.79694730899996,19.976820280000027],[-98.80747271999996,19.984420620000037],[-98.78995944999997,19.986427950000063],[-98.81064622099996,20.021760510000036],[-98.81875954999998,20.02638408000007],[-98.82266999899997,20.018049090000034],[-98.83069468999997,20.021438231000047],[-98.83098316799999,20.022759860000065],[-98.82790793999999,20.024156429000072],[-98.83012587999997,20.025462980000043],[-98.83025648999995,20.029352150000022],[-98.82243745099998,20.038676734000035],[-98.80383307799997,20.02922197600003]]]]}},{"type":"Feature","properties":{"id":"13084","name":"Zimapán","slug":"zimapan","regionId":"8","regionName":"Ixmiquilpan"},"geometry":{"type":"MultiPolygon","coordinates":[[[[-99.20919416899994,20.935845620000066],[-99.20651554899996,20.93567969000003],[-99.20569622799997,20.932264780000025],[-99.20720119899994,20.931410050000068],[-99.20720342899995,20.93094928000005],[-99.20704988899996,20.929925229000048],[-99.20935633899995,20.92690157900006],[-99.20796368899994,20.92408362900005],[-99.21041439899994,20.92227562000005],[-99.20943239899998,20.919015570000056],[-99.20339537899997,20.91240208000005],[-99.20438428899996,20.908709060000035],[-99.20384608899997,20.90532632000003],[-99.19857168899995,20.894809750000036],[-99.20338513999997,20.889191030000063],[-99.20403287899995,20.880284580000023],[-99.19812081899994,20.876020620000077],[-99.19751274899994,20.873136860000045],[-99.20261517899996,20.87346998000004],[-99.20285274899999,20.870654350000052],[-99.20578504899999,20.870229549000044],[-99.20947885899994,20.86667832100005],[-99.20709941899997,20.86049514000007],[-99.21293028899998,20.857483220000063],[-99.21313907899997,20.856378720000066],[-99.21267056999994,20.855720620000056],[-99.20975545999994,20.853526630000033],[-99.21646371999998,20.842152721000048],[-99.21657081899997,20.83942503000003],[-99.21797073899995,20.839929140000038],[-99.21791470899996,20.83801358100004],[-99.21639642899999,20.836802060000025],[-99.21391487899996,20.836195860000032],[-99.21432119899998,20.837542660000054],[-99.21312930899995,20.83798894000006],[-99.20881419899996,20.835899290000043],[-99.210813509,20.830133940000053],[-99.20875005899995,20.819267830000058],[-99.21076365999994,20.818471060000036],[-99.21022230899996,20.817337310000028],[-99.21216968999994,20.81375551900004],[-99.21536639899995,20.813849830000038],[-99.21734554999995,20.811132830000076],[-99.22186810899996,20.810688910000067],[-99.22293088899994,20.808652600000073],[-99.22933124899998,20.81019691000006],[-99.23144247899995,20.809244680000063],[-99.23299930899998,20.806501911000055],[-99.23558127899997,20.807435860000055],[-99.23334105999999,20.806220650000057],[-99.23596990899995,20.804004290000023],[-99.237189619,20.804466],[-99.23627304899998,20.80516337000006],[-99.24036559899997,20.80432974000007],[-99.24065997899999,20.800317970000037],[-99.23964782899998,20.79870434000003],[-99.24051007899999,20.793498920000047],[-99.23905202899994,20.784227460000068],[-99.23744142899994,20.783691340000075],[-99.23650357899999,20.781491541000037],[-99.23743225899995,20.778806490000022],[-99.23370647899998,20.77441777000007],[-99.22840324899994,20.772492830000033],[-99.22697779799995,20.773015890000067],[-99.22546890899997,20.770709820000036],[-99.22691301899994,20.767419449000045],[-99.23051437999999,20.76497628000004],[-99.23110617899994,20.76337472000006],[-99.24154976899996,20.75836497000006],[-99.24424374799997,20.75863183000007],[-99.25224016899995,20.762710600000048],[-99.25403041799996,20.759253620000038],[-99.25666088799994,20.758585630000027],[-99.25956081899994,20.755610340000032],[-99.26230870899997,20.755459630000075],[-99.26391276899994,20.753500260000067],[-99.263378489,20.75242269000006],[-99.26484501899995,20.752484090000053],[-99.26625593899996,20.750498890000074],[-99.26093594999998,20.748575780000067],[-99.26128770899999,20.747839510000063],[-99.25708741899996,20.744399200000032],[-99.25571937899997,20.741334880000068],[-99.25672377899997,20.72469865100004],[-99.25868057899999,20.721948],[-99.26212525899996,20.720021460000055],[-99.26419079999994,20.712825380000027],[-99.26756244899997,20.710332230000063],[-99.27502114899994,20.700280520000035],[-99.27524382999997,20.697425340000052],[-99.27777750899997,20.69408543000003],[-99.27564648899994,20.68490932000003],[-99.27703310899994,20.683862710000028],[-99.28686104899998,20.682447980000063],[-99.28057785999994,20.68065426000004],[-99.27987499899996,20.67915423000005],[-99.27574464899999,20.67768602900003],[-99.27321150899996,20.675336770000058],[-99.27697688899997,20.666518490000044],[-99.27694056899998,20.66192286000006],[-99.281182689,20.659698320000075],[-99.282461459,20.65552425000004],[-99.28437136899998,20.654779080000026],[-99.28025510899994,20.653064879000055],[-99.28051824899995,20.650903200000073],[-99.27459545899995,20.652161200000023],[-99.27438047899994,20.65108472000003],[-99.277392379,20.64959883000006],[-99.27715024899999,20.64499623000006],[-99.27557601899997,20.64215554900005],[-99.27868459899997,20.641419780000035],[-99.27441465899994,20.636277380000024],[-99.26960491899996,20.635090520000062],[-99.27061901899998,20.629746520000026],[-99.26629976899994,20.623104401000035],[-99.26667894899998,20.620779971000047],[-99.26284196899996,20.620558379000045],[-99.26062524899999,20.617832140000075],[-99.25720188899999,20.616657450000048],[-99.25728101899995,20.614975430000072],[-99.25573702899999,20.61377998000006],[-99.25611882899994,20.606288860000063],[-99.26140527899997,20.60079028000007],[-99.26259087899996,20.59802060000004],[-99.26187237899995,20.596716620000052],[-99.26611708999997,20.593201220000026],[-99.26807281899994,20.593653480000057],[-99.27034754899995,20.591186540000024],[-99.27183651899998,20.589183880000064],[-99.27250227999997,20.584590710000043],[-99.274626088,20.590179420000027],[-99.27361239799995,20.595264891000056],[-99.27442593899997,20.59878068100005],[-99.27598884899999,20.599925490000032],[-99.28086059899994,20.60886529100003],[-99.28195630899995,20.609051151000074],[-99.28313085899998,20.609268231000044],[-99.28365857899996,20.601721661000056],[-99.28936604799998,20.594965251000076],[-99.28940011999998,20.59358902100007],[-99.28915196899999,20.59404838100005],[-99.28831550899997,20.593380311000033],[-99.29018441899996,20.59162611100004],[-99.29497401899994,20.59033117100006],[-99.30249413799999,20.58498331100003],[-99.30523690899997,20.580740511000045],[-99.30478167899997,20.576439941000046],[-99.30680651899996,20.574608570000066],[-99.31207707999994,20.572985802000062],[-99.31417565899994,20.57038760100005],[-99.31519662899996,20.573842521000074],[-99.32315644899995,20.57621800100003],[-99.32659342799997,20.578344861000062],[-99.32833962899997,20.58354962100003],[-99.32981547799994,20.58309882100008],[-99.33111885899996,20.57998820100005],[-99.33363324899994,20.579364781000038],[-99.334726919,20.576744421000058],[-99.33676479899998,20.576285851000023],[-99.34979848799998,20.57619402100005],[-99.35152839899996,20.577751231000036],[-99.35128482999994,20.57892631200008],[-99.35071287899996,20.58007112100006],[-99.35134473899996,20.582969801000047],[-99.35198813899996,20.583481651000056],[-99.35298090899994,20.583723750000047],[-99.35446979899996,20.583538351000072],[-99.35584216999996,20.581530851000025],[-99.361133,20.58207438100004],[-99.36235131899997,20.578088451000042],[-99.36412708799998,20.577556491000053],[-99.36894150899997,20.583387351000056],[-99.36819917899999,20.58667052100003],[-99.36829731899996,20.588236151000046],[-99.36911976999994,20.589384030000076],[-99.37171154899994,20.588242321000052],[-99.37479676899994,20.590846801000055],[-99.37920633799996,20.59126892100005],[-99.38286508799996,20.588223481000057],[-99.38689037899996,20.58989009100003],[-99.38898656899994,20.596243121000043],[-99.39273827799997,20.598092911000037],[-99.39175697899998,20.600925140000072],[-99.39353413899994,20.603615182000055],[-99.39990373899997,20.60063923100006],[-99.40320457899998,20.600711352000076],[-99.40427776899998,20.59915951000005],[-99.40876759899999,20.601806861000057],[-99.40853445899995,20.604148381000073],[-99.40939425899995,20.604854741000054],[-99.41050342999995,20.604697551000072],[-99.41117181799996,20.603090421000047],[-99.41142557899997,20.601241001000062],[-99.41525959899997,20.603080651000028],[-99.41508188999995,20.599808061000033],[-99.41898305899997,20.602293221000025],[-99.41960810899997,20.603799941000034],[-99.41971437899997,20.60482140000005],[-99.42415217899998,20.603535521000026],[-99.42952213899997,20.607779681000068],[-99.43216168899994,20.607134491000068],[-99.43412101899997,20.606136181000068],[-99.440070199,20.609092291000024],[-99.446079119,20.607020401000057],[-99.44918954999997,20.606629231000056],[-99.45225157799996,20.60748177200003],[-99.45338077899999,20.608609800000067],[-99.45327934899996,20.609539140000038],[-99.45071836899996,20.614440940000065],[-99.44930921899999,20.623057110000047],[-99.45037205899996,20.626266600000065],[-99.45635651899994,20.62595420100007],[-99.45835128799996,20.626621460000024],[-99.45957710899995,20.62888903000004],[-99.46224537899997,20.62729163000006],[-99.46500404899996,20.629145580000056],[-99.46830779799996,20.62929563000006],[-99.47999227899999,20.635405580000054],[-99.48158248899995,20.637033149000047],[-99.48218510899994,20.64013158000006],[-99.48524327899997,20.640803710000057],[-99.48746181999996,20.64321068000004],[-99.49009267899999,20.64234866000004],[-99.49297810899998,20.643073619000063],[-99.49200114799999,20.64659474000007],[-99.49238356999996,20.64757405000006],[-99.49262330899995,20.64820306000007],[-99.49020031899994,20.651114230000076],[-99.49558119899996,20.651932419000048],[-99.49649014899995,20.653825650000044],[-99.49506767899999,20.655932970000038],[-99.501861078,20.658875030000047],[-99.50127641899996,20.664421739000034],[-99.50415347899997,20.667281580000065],[-99.50401896899996,20.669748600000048],[-99.50131508899995,20.67058],[-99.50064207899999,20.673042510000073],[-99.50384433999994,20.67184098000007],[-99.51101728899994,20.678315050000037],[-99.50493728899994,20.680818420000037],[-99.50623494899997,20.682325200000037],[-99.50514390899997,20.683330220000073],[-99.50554031899998,20.684700520000035],[-99.50888730899999,20.686206680000055],[-99.50955413899999,20.68966960000006],[-99.52271604899994,20.701657020000027],[-99.52639044899996,20.70267978000004],[-99.52837785899999,20.705110430000047],[-99.53415219899995,20.70582654100002],[-99.53567293799995,20.711663920000035],[-99.53942710999996,20.713893650000045],[-99.53968747899995,20.71680205000007],[-99.54366676899997,20.718412880000074],[-99.54328533899997,20.721188509000058],[-99.54534224799994,20.72359885000003],[-99.54421254899995,20.726015370000027],[-99.54718847899994,20.727935090000074],[-99.54776799899997,20.72966511000004],[-99.54702039899996,20.731978800000036],[-99.54847128999995,20.737197750000064],[-99.54615299899996,20.741719459000024],[-99.54471001899998,20.742106920000026],[-99.54430751899997,20.745014970000057],[-99.53935008899998,20.74670438100003],[-99.53752453899995,20.74947060100004],[-99.52867510899995,20.75200405000004],[-99.52618710899998,20.75595312100006],[-99.52403894899999,20.756389910000053],[-99.52303754899998,20.75458794000008],[-99.52173942899998,20.75447],[-99.51905314899994,20.756959850000044],[-99.51837867799998,20.75989608900005],[-99.51243142899995,20.762697450000076],[-99.50973305899998,20.765721110000072],[-99.50370807899998,20.765955980000058],[-99.504458619,20.76944043000003],[-99.50645221899998,20.771716980000065],[-99.50239319999997,20.773874369000055],[-99.50116991799996,20.779560659000026],[-99.49705194899997,20.780752720000066],[-99.49630607899996,20.782352600000024],[-99.49741787799996,20.78466540000005],[-99.50018868899997,20.78514505000004],[-99.50218470899995,20.787194801000055],[-99.50376884999997,20.79483294000005],[-99.502608179,20.795014680000065],[-99.49725357899996,20.79094463000007],[-99.49153485899996,20.795041800000035],[-99.48870627899998,20.799366660000032],[-99.48926284899994,20.802235950000068],[-99.49762808899999,20.802318280000065],[-99.49972745899998,20.804273370000033],[-99.49876177999994,20.805656890000023],[-99.49567964799996,20.805623860000026],[-99.49499973899998,20.806013970000038],[-99.49413122899995,20.80678228100004],[-99.49319297899996,20.811102979000054],[-99.48528953899995,20.81782755000006],[-99.48469130899997,20.826372480000032],[-99.48768368899994,20.829428780000057],[-99.48873181999994,20.832932890000052],[-99.48565784799996,20.834814050000034],[-99.48469591999998,20.837433151000027],[-99.48257199899996,20.839248750000024],[-99.47921904899994,20.839317770000036],[-99.47556973899998,20.842867170000034],[-99.469250419,20.84466272000003],[-99.46774776899997,20.845694540000068],[-99.46668370899994,20.846436691000065],[-99.46548162899995,20.84920186000005],[-99.45918471899995,20.84793355000005],[-99.45653950899998,20.849018800000067],[-99.45560453899998,20.85012278000005],[-99.45701590899995,20.855419520000055],[-99.45443202899997,20.857975581000062],[-99.45210451799994,20.85778183000008],[-99.44824165899996,20.85274209000005],[-99.44606405899998,20.853031060000035],[-99.44545834999997,20.854500490000078],[-99.44841348899996,20.856929122000054],[-99.44858222899995,20.85852882000006],[-99.44666561899999,20.860783980000065],[-99.44299884799995,20.87054923100004],[-99.44068256999998,20.871788180000067],[-99.44018571899994,20.877955520000057],[-99.44200614999994,20.881294550000064],[-99.437605309,20.885264260000042],[-99.43500974899996,20.890746970000066],[-99.43425051899999,20.894851110000047],[-99.43533153899995,20.899208780000038],[-99.43235456799994,20.90104972000006],[-99.42635670899995,20.901140890000022],[-99.41255685799996,20.905428940000036],[-99.41267764899999,20.913710540000068],[-99.41507359899998,20.918451510000068],[-99.41340697899994,20.922238890000074],[-99.41567148899998,20.92470503000004],[-99.41276977899997,20.92627531000005],[-99.40841731899997,20.92700289000004],[-99.40603636799995,20.92813471000005],[-99.40435705099998,20.929149880000068],[-99.40237474899999,20.926748],[-99.40126642899997,20.92712589000007],[-99.40080214899996,20.926873940000064],[-99.40072304999995,20.922253751000028],[-99.40386530899997,20.919842321000033],[-99.40381807799997,20.918645370000036],[-99.40144159899995,20.918947290000062],[-99.39795664999997,20.917690311000058],[-99.39805947899998,20.91649369000004],[-99.39643825899998,20.916640140000027],[-99.39623528899995,20.916544180000074],[-99.39622665899998,20.91271129000006],[-99.39426341899997,20.910209980000047],[-99.39156824899999,20.91173992000006],[-99.38240331799994,20.889977480000027],[-99.37770482999997,20.888498781000067],[-99.37829631899996,20.886973600000033],[-99.37503182999995,20.885164290000034],[-99.37565447999998,20.884086550000063],[-99.37248491899999,20.882852999000022],[-99.37250590899998,20.881180090000043],[-99.37059702899995,20.881164400000046],[-99.36519542899998,20.88633157000004],[-99.36046934899997,20.885955661000025],[-99.35993025899995,20.88856485100007],[-99.36288765899997,20.89069311000003],[-99.36383754899998,20.892748020000056],[-99.36302336899996,20.893757771000026],[-99.35671881899998,20.895042490000037],[-99.35643290899998,20.895177449000073],[-99.35776671899998,20.89588131000005],[-99.35369285899998,20.897328739000045],[-99.34911882899996,20.897439620000057],[-99.34449282899999,20.89409132000003],[-99.34184604899997,20.894422200000065],[-99.34015302999995,20.89179297000004],[-99.33801345899997,20.892244620000042],[-99.335883519,20.890109],[-99.33384888899997,20.88977323000006],[-99.33375697899999,20.88498436900005],[-99.33789311899994,20.880564940000056],[-99.33429391899995,20.87665578000008],[-99.33475341899998,20.872263350000026],[-99.33656211899995,20.871018680000077],[-99.33640259899994,20.869119820000037],[-99.33604441899996,20.868543690000024],[-99.33447976899998,20.867986021000036],[-99.33466373899995,20.863524770000026],[-99.32732081899997,20.866614050000067],[-99.32598630899997,20.869485230000066],[-99.32535465899997,20.869097830000044],[-99.32434904899998,20.86880922000006],[-99.32209344899996,20.869558830000074],[-99.31936227999995,20.866655630000025],[-99.31672857899997,20.861008850000076],[-99.31173804899998,20.85852569000002],[-99.30857073899995,20.862165090000076],[-99.30883744899995,20.863369771000066],[-99.30591462899997,20.86521022100004],[-99.30692717899996,20.86649729000004],[-99.30545388999997,20.867530480000028],[-99.30575942799999,20.87068724900007],[-99.30271331999995,20.875608570000054],[-99.30299111799997,20.87699168000006],[-99.30159202999994,20.876692250000076],[-99.300700109,20.87826178000006],[-99.30067337899999,20.881043479000027],[-99.29588059999998,20.88224905000004],[-99.29612571899997,20.88485471000007],[-99.29299562899996,20.885001549000037],[-99.29301714899998,20.887440170000048],[-99.29092444899999,20.88939029000005],[-99.28353224899996,20.88483782000003],[-99.27896302,20.888490630000035],[-99.27296379799998,20.890698620000023],[-99.26875224999998,20.89384184900007],[-99.26221573899994,20.89573438000008],[-99.25508344899998,20.899473819000036],[-99.26298902899998,20.909789370000055],[-99.26465253899994,20.919905740000047],[-99.26775910899994,20.925308770000072],[-99.26732462899997,20.926230910000072],[-99.26681301799994,20.927236710000045],[-99.25362404999998,20.920496370000023],[-99.25056516899997,20.915563400000053],[-99.246421979,20.912113170000055],[-99.24540454999999,20.911752550000074],[-99.24449317899996,20.91191844900004],[-99.238686079,20.916742490000047],[-99.23338301899997,20.92549905000004],[-99.23607571899998,20.929821310000023],[-99.23183034899995,20.93231662000005],[-99.23055113999999,20.936256780000065],[-99.22337684799999,20.942736849000028],[-99.22787057999994,20.94797594000005],[-99.22079919899994,20.95411943000005],[-99.21900117899997,20.950268970000025],[-99.21256877899998,20.946556],[-99.21094174999996,20.944160860000068],[-99.21076427899999,20.940712550000057],[-99.20872354899996,20.938998710000078],[-99.20919416899994,20.935845620000066]]]]}},{"type":"Feature","properties":{"id":"13071","name":"Tlahuiltepa","slug":"tlahuiltepa","regionId":"9","regionName":"Zacualtipán"},"geometry":{"type":"MultiPolygon","coordinates":[[[[-98.96521671999994,21.031834580000066],[-98.96137717999994,21.030290060000027],[-98.95797462999997,21.031886120000024],[-98.94766390999996,21.02850395100006],[-98.94697118,21.02797066000005],[-98.94587628099998,21.019439480000074],[-98.942755,21.021138260000043],[-98.93813548999998,21.021423980000066],[-98.94226073999994,21.013416620000044],[-98.93484351999996,21.012093650000054],[-98.93270821999994,21.007716880000032],[-98.93107251999999,21.006695281000077],[-98.93434501999997,20.996263140000053],[-98.93332024999995,20.992733460000068],[-98.92989668999996,20.989921260000074],[-98.92787337899995,20.985216619000028],[-98.91924114999995,20.988451981000026],[-98.91817754999994,20.99094320000006],[-98.91518892,20.992810521000024],[-98.90838954999998,20.99336205900005],[-98.90533036999994,20.992497780000065],[-98.90167278099995,20.997195771000065],[-98.89944953999998,20.994246580000038],[-98.89721537099996,20.987514710000028],[-98.89374703999994,20.98913572200007],[-98.89202150999995,20.989942149000058],[-98.89150991999998,20.99268514000005],[-98.88599141899994,20.993414021000035],[-98.88406002999994,20.99481085000008],[-98.88003279999998,20.994645880000064],[-98.87679642999996,20.99637837000006],[-98.87699404899996,20.993621911000048],[-98.87301859999997,20.98898668000004],[-98.86424337099999,20.988371890000053],[-98.85951447999997,20.98141348000007],[-98.85480322999996,20.97991403000003],[-98.85647145999997,20.977426570000034],[-98.86196545899998,20.974947480000026],[-98.86215913999996,20.974294971000063],[-98.86204395099998,20.973569690000033],[-98.85717981899995,20.970168861000047],[-98.85786048799997,20.965339911000058],[-98.85703130899998,20.96257808100006],[-98.85423977899995,20.95810320100003],[-98.85017308899995,20.947274621000076],[-98.84401534899996,20.93692751100008],[-98.84523330999997,20.93403334100003],[-98.84843653899998,20.93278883100004],[-98.85028408899996,20.930129371000078],[-98.85045104799997,20.929940291000037],[-98.85771257899995,20.924589981000054],[-98.85877461999996,20.922385120000058],[-98.85969536899995,20.921043492000024],[-98.86036414999995,20.918307691000052],[-98.86173708899997,20.915008371000056],[-98.86094416899994,20.904264651000062],[-98.87430217999997,20.888152690000027],[-98.87912006,20.88630397000003],[-98.87976910999998,20.881656830000054],[-98.88337108999997,20.874603570000033],[-98.88591951899997,20.865037030000053],[-98.88216316999996,20.86477971000005],[-98.88213744999996,20.86401857000004],[-98.88239170999998,20.86346246000005],[-98.88510019999995,20.86227228000007],[-98.88656897999994,20.85831372000007],[-98.89102376999995,20.85944431000007],[-98.89186854999997,20.85571686000003],[-98.89346357099998,20.854292120000025],[-98.89294382899999,20.85072352000003],[-98.89493839999994,20.850045720000026],[-98.89934505899998,20.851972200000034],[-98.90126257999998,20.85110351000003],[-98.89898779999999,20.847188020000033],[-98.89965869099996,20.844796479000024],[-98.89795880099996,20.841033740000057],[-98.90279571999997,20.836351971000056],[-98.90395191999994,20.83648172000005],[-98.90709157899994,20.830951881000033],[-98.91094633999995,20.83045263100007],[-98.91766653999997,20.81935432000006],[-98.91806270999996,20.818378879000022],[-98.91378165899994,20.813066480000032],[-98.92203664999994,20.807235121000076],[-98.92395514099996,20.80232015000007],[-98.93013781899998,20.795300431000044],[-98.93593411899997,20.79639940000004],[-98.93551710999998,20.794461742000067],[-98.93606788099999,20.792663830000038],[-98.93706513799998,20.791557650000072],[-98.94288708899995,20.790194340000028],[-98.94045250899995,20.78376571000007],[-98.92997984999994,20.77531409000005],[-98.92386462899998,20.773524181000028],[-98.93017459999999,20.770632830000068],[-98.93442661799997,20.765712860000065],[-98.93500108899997,20.763122171000077],[-98.94238628899996,20.762743020000073],[-98.94370227899998,20.761676110000053],[-98.944658829,20.76235052100003],[-98.94585467999997,20.762800311000035],[-98.96719953899998,20.75758225000004],[-98.96843304899994,20.754915631000074],[-98.96723696999999,20.750859280000043],[-98.97031814999997,20.75085984900005],[-98.97812976899996,20.746976630000063],[-98.97840442999996,20.744894910000028],[-98.97987456799996,20.743901580000056],[-98.97930693899997,20.741842311000028],[-98.98068779999994,20.740689711000073],[-98.98060599899998,20.738741021000067],[-98.98495796999998,20.73726615100003],[-98.98580857999997,20.73588495000007],[-98.98317410899995,20.72827005000005],[-98.97973250899997,20.73038315100007],[-98.97595365799998,20.72920945000004],[-98.97464434999995,20.726904060000038],[-98.97694371899996,20.72562748100006],[-98.97805776799999,20.723347081000043],[-98.97577505799995,20.72107328000004],[-98.97239910999997,20.720039370000052],[-98.97375259999995,20.71895545900003],[-98.97043610999998,20.714435550000076],[-98.96697825899997,20.71386412000004],[-98.96506322099998,20.712325521000025],[-98.96626766099996,20.708193421000033],[-98.964283089,20.70512683100003],[-98.96673694899994,20.701373661000048],[-98.96922839999996,20.70073640000004],[-98.97116202899997,20.69790954000007],[-98.97250094999998,20.69524142000006],[-98.97214665899997,20.694493949000048],[-98.97168536899994,20.693542380000054],[-98.96606734899996,20.691540571000075],[-98.96421924899994,20.69325672100007],[-98.96394582899995,20.695118920000027],[-98.96158430899999,20.69593948000005],[-98.961370548,20.696609291000073],[-98.96109851899996,20.697152620000054],[-98.95788142899994,20.694267231000026],[-98.95582839899998,20.691027689000066],[-98.95602121799999,20.68499722100006],[-98.95443942999998,20.68210565000004],[-98.95428748999996,20.677708280000047],[-98.95256027999994,20.677147110000078],[-98.95275325999995,20.675549750000073],[-98.95177619899994,20.675308401000052],[-98.95248153899996,20.67365114100005],[-98.95123250899996,20.67241523100006],[-98.95203299899998,20.670329951000042],[-98.95380892099996,20.670646181000052],[-98.95793090899997,20.672343770000055],[-98.95982202,20.67522768200007],[-98.96508850899994,20.676907521000032],[-98.96779017899996,20.673724510000056],[-98.97535937099997,20.669863821000035],[-98.97086764899996,20.668026310000073],[-98.96974434899994,20.664380030000075],[-98.96612633999996,20.662990001000026],[-98.96576470999997,20.659604740000077],[-98.95963790999997,20.659842920000074],[-98.95473213899999,20.66174145100007],[-98.95171822899994,20.661311022000064],[-98.94870310899995,20.65805885000003],[-98.94896494899996,20.65616151000006],[-98.95057879899997,20.654833110000027],[-98.95015631899997,20.65241411100004],[-98.94760505899995,20.649868370000036],[-98.94529996999995,20.645080650000068],[-98.94582290999995,20.64003863000005],[-98.94654013999997,20.638842940000075],[-98.94771350899998,20.639096340000037],[-98.94619813899999,20.63791028000003],[-98.94898407899996,20.638347860000067],[-98.94679041899997,20.636869400000023],[-98.94795259899996,20.635097620000067],[-98.95311639799996,20.636478831000034],[-98.95540059899997,20.636068119000072],[-98.95949990999998,20.630622860000074],[-98.96396964899998,20.63082428900003],[-98.96431845899997,20.63057537000003],[-98.96441082899997,20.639470860000074],[-98.96917959899997,20.644146140000032],[-98.97339308899996,20.643145850000053],[-98.97588648899995,20.640645290000066],[-98.97836742799996,20.640802950000023],[-98.98044501899994,20.64218305000003],[-98.98283861899995,20.646215520000055],[-98.98476756899998,20.64526918000007],[-98.98771904899996,20.64564986000005],[-98.99363137899996,20.649105920000068],[-98.99388864899998,20.65114882000006],[-98.99703087899996,20.650643020000075],[-99.00229641899995,20.652664970000046],[-99.00281496899999,20.65216152000005],[-99.00397013899999,20.651025660000073],[-99.00532677899997,20.651429860000064],[-99.00551853899998,20.65854358000007],[-99.00976019899997,20.66458866000005],[-99.00805181899995,20.668986260000054],[-99.00894534899999,20.67539122000005],[-99.00422961899994,20.68094498000005],[-99.00521473899994,20.68341],[-99.00909419899995,20.686790820000056],[-99.00984844899995,20.689392939000072],[-99.01077717899994,20.689613620000046],[-99.01141859899997,20.689934540000024],[-99.01747750899995,20.69688972000006],[-99.01793671899998,20.697919951000074],[-99.01815841899997,20.698913310000023],[-99.01623441899994,20.701527971000075],[-99.01613501899999,20.704811480000046],[-99.02162185899994,20.710801720000063],[-99.01909610899997,20.713216549000038],[-99.02064510899999,20.714141770000026],[-99.02143711899998,20.71762312000004],[-99.02395173899998,20.719803350000063],[-99.02261096899997,20.722483170000032],[-99.01921650899999,20.721612460000074],[-99.01582193899998,20.72942695000006],[-99.01371357899995,20.729861121000056],[-99.00957493899995,20.73375684900003],[-99.00688537899998,20.732301540000037],[-99.004627799,20.737544940000078],[-99.00775513999997,20.746137290000036],[-99.01199625799995,20.750268550000044],[-99.01317861899997,20.756086201000073],[-99.01279113899994,20.762671400000045],[-99.02116344899997,20.767653550000034],[-99.02316455,20.770045950000053],[-99.028822489,20.77088469000006],[-99.03368736899995,20.773063370000045],[-99.03642373899999,20.77575698000004],[-99.040774979,20.770399680000025],[-99.04396181899995,20.769551200000024],[-99.05015757899997,20.765524510000034],[-99.05997731899998,20.765803340000048],[-99.06044137899994,20.759642030000066],[-99.06419425999997,20.758449220000045],[-99.06738822899996,20.755111890000023],[-99.08340388,20.750895400000047],[-99.08460148899997,20.75202598000004],[-99.08470037899997,20.754649579000045],[-99.08279421899994,20.760884950000047],[-99.08167865899998,20.76150505000004],[-99.08063671899998,20.76207855000007],[-99.07975716799996,20.766405290000023],[-99.08115500099996,20.77197146000003],[-99.08077140099994,20.779581350000058],[-99.083258861,20.77987414100005],[-99.085537,20.78237549100004],[-99.08842979999997,20.78147912000003],[-99.09609211099996,20.78277791000005],[-99.09610987999997,20.781399630000067],[-99.09982032,20.77674546000003],[-99.10370401999995,20.783207721000053],[-99.10303797999995,20.78667186000007],[-99.10124928,20.788592820000076],[-99.10131467999997,20.791629580000063],[-99.09784564999995,20.791900181000074],[-99.09662662999995,20.79310638000004],[-99.09790254999996,20.797128539000028],[-99.09191886099995,20.80554016900004],[-99.08855334999998,20.806007770000065],[-99.08678362899997,20.80742157000003],[-99.08467887999996,20.811481580000077],[-99.08225173899996,20.81157771000005],[-99.08136185999996,20.81329641900004],[-99.07738292,20.815520139000057],[-99.06601579999995,20.827025800000058],[-99.06412704999997,20.822887140000034],[-99.06222237999998,20.822710030000053],[-99.06103745999997,20.820101089000048],[-99.05199110999996,20.82584428000007],[-99.03948585999996,20.825863420000076],[-99.02620871999994,20.819283770000027],[-99.02256370999999,20.82172828000006],[-99.02245444899995,20.823248341000067],[-99.01731653999997,20.828107060000036],[-99.03277405899996,20.860230020000074],[-99.03325361999998,20.862260510000056],[-99.03250965999996,20.862176719000047],[-99.03129291099998,20.862812400000053],[-99.03176231999998,20.865642060000027],[-99.03617642999995,20.875044600000024],[-99.03801010999996,20.87635582000007],[-99.03847674999997,20.871642090000023],[-99.04253617999996,20.871436180000046],[-99.04502482999999,20.873361979000038],[-99.05267011999996,20.873361179000028],[-99.05938810999999,20.88226166000004],[-99.05595710999995,20.88853098000004],[-99.05591291899998,20.890242090000072],[-99.05793585999999,20.89121102000007],[-99.06013781999997,20.88959269000003],[-99.06265923099994,20.88835098000004],[-99.06320567999995,20.88909965000005],[-99.06278865999997,20.891244150000034],[-99.06432310999998,20.892426310000076],[-99.06740227999995,20.893205950000038],[-99.06843148999997,20.894429450000075],[-99.06871244999996,20.89551700100003],[-99.06744037999994,20.895909430000074],[-99.06903436999994,20.902805939000075],[-99.06875577999995,20.903200690000062],[-99.06479987899996,20.903640750000022],[-99.06047197999999,20.90635300100007],[-99.05952822999996,20.906944430000067],[-99.06207693999994,20.91039229000006],[-99.06000454899998,20.911636220000048],[-99.05993853999996,20.912217449000025],[-99.06566834999995,20.91807515000005],[-99.06482423099999,20.920187940000062],[-99.05967808999998,20.92440263000003],[-99.06005456999998,20.92538938000007],[-99.06373864999995,20.92897086000005],[-99.06401290999997,20.930263740000044],[-99.06352467999994,20.932062400000063],[-99.06716765999994,20.936536],[-99.06494719899996,20.939108220000037],[-99.05399966099998,20.941821541000024],[-99.05388668999996,20.94445298000005],[-99.05444104999998,20.947980090000044],[-99.05092348999995,20.950654420000035],[-99.05118442899999,20.951848090000055],[-99.05196951,20.952527710000027],[-99.05462047999998,20.952875450000022],[-99.05683936999998,20.95120294000003],[-99.05968451999996,20.951861620000045],[-99.05743561899999,20.958540680000056],[-99.05878011999994,20.961425450000036],[-99.05618139999996,20.96308288000006],[-99.05386819999995,20.962307430000067],[-99.05449784999996,20.958154450000052],[-99.05295535,20.956476660000078],[-99.03706256999999,20.961057280000034],[-99.03583465899999,20.965008660000024],[-99.03214617899994,20.96741725000004],[-99.03187105999996,20.973453921000043],[-99.02383574999999,20.973223820000044],[-99.02523256999996,20.978194450000046],[-99.02904753999997,20.98219565900007],[-99.03218241899998,20.983019601000024],[-99.03406070999995,20.980595720000053],[-99.03757708999996,20.981317580000052],[-99.04181994099997,20.990066460000037],[-99.04371239999995,20.990169180000066],[-99.04743741999994,20.987765120000063],[-99.04962891899999,20.98883920000003],[-99.04973765999995,20.999519570000075],[-99.04846117999995,20.999779880000062],[-99.04714034999995,20.996365680000054],[-99.04222871999997,20.99301212000006],[-99.03763145099998,20.995225490000053],[-99.03313122099996,20.993318850000037],[-99.03140794999996,20.99691062000005],[-99.03325324999997,20.999371890000077],[-99.03880517999994,21.002362680000033],[-99.03915971999999,21.003101350000065],[-99.03927808899994,21.00406171000003],[-99.03896324999994,21.004578910000077],[-99.03801839999994,21.004837690000045],[-99.03066556999994,21.00097278000004],[-99.02384303099996,20.99395332000006],[-99.02109584999994,20.992573200000038],[-99.01741496999995,20.994043650000037],[-99.01586354899996,20.999670509000055],[-99.01142568999995,21.00144743000004],[-99.00726494999998,20.99852191900004],[-99.00768451999994,20.992727520000074],[-99.00626039899998,20.990946020000024],[-99.00228297099994,20.991423370000064],[-98.99766195099994,20.993819650000034],[-98.99049248999995,20.991916341000035],[-98.98759313999994,20.99468285000006],[-98.98756365999998,20.99792995000007],[-98.98532344999995,20.998660999000037],[-98.98203474999997,20.997619480000026],[-98.98008978099995,20.998548351000068],[-98.97880582999994,21.00219694900005],[-98.98018659999997,21.005675860000053],[-98.97973938099994,21.007159570000056],[-98.97660031999999,21.00644003000008],[-98.97592468999994,21.002288621000048],[-98.97250319999995,21.005183200000033],[-98.97186014999994,21.020434630000068],[-98.97617877899995,21.021623370000043],[-98.97949130999996,21.025718090000055],[-98.97730174999998,21.026742050000053],[-98.97318033999994,21.02536998000005],[-98.96815377999997,21.02677102000007],[-98.96787130999996,21.03039497000003],[-98.97258204999997,21.032219370000064],[-98.97284556999995,21.034678890000066],[-98.96521671999994,21.031834580000066]]]]}},{"type":"Feature","properties":{"id":"13072","name":"Tlanalapa","slug":"tlanalapa","regionId":"10","regionName":"Apan"},"geometry":{"type":"MultiPolygon","coordinates":[[[[-98.56602747999995,19.890500460000055],[-98.56509302999996,19.89024309000007],[-98.56425319999994,19.88998986100006],[-98.56455694099998,19.88839875000002],[-98.56453073999995,19.88833249000004],[-98.56362456899996,19.888022660000047],[-98.56285868999998,19.88762668100003],[-98.56170193999998,19.887616370000046],[-98.56053584999995,19.890657831000055],[-98.55510974999999,19.888907850000066],[-98.55419916999995,19.889995890000023],[-98.55120819899997,19.88901412100006],[-98.54890781899996,19.890395450000028],[-98.53988192099996,19.887216340000066],[-98.53431310899998,19.886643651000043],[-98.53419228999996,19.88716898100006],[-98.53381437999997,19.887359692000075],[-98.52545713999996,19.87664269000004],[-98.52417593999996,19.872076290000052],[-98.52510478,19.871820781000054],[-98.52524210999997,19.87153735100003],[-98.52524656999998,19.869282861000045],[-98.52215548099997,19.87149331100005],[-98.50039234999997,19.868569431000026],[-98.51504836999999,19.844323940000038],[-98.52442505099998,19.846738970000047],[-98.52578961999995,19.84594308000004],[-98.52540996999994,19.845329290000052],[-98.52894225999995,19.84618314000005],[-98.53923241999996,19.85029203000005],[-98.54342048999996,19.853304511000033],[-98.546151679,19.852995890000045],[-98.54604213999994,19.852023691000056],[-98.55082361999996,19.852503350000063],[-98.55099085999996,19.85368298000003],[-98.55674604999996,19.85391180000005],[-98.55995625999998,19.85198082000005],[-98.56133465,19.849754630000064],[-98.56023114999994,19.848969650000072],[-98.55952845999997,19.84859971000003],[-98.56131582999996,19.843098749000035],[-98.56048725999995,19.83883428000007],[-98.55903321999995,19.837852230000067],[-98.56096107999997,19.835440780000056],[-98.56998309099998,19.829086111000038],[-98.57051001999997,19.82685026000007],[-98.57242794999996,19.827786030000027],[-98.57547383099995,19.82325842000006],[-98.57543176999997,19.82406565100007],[-98.58833876899996,19.823112800000047],[-98.57957174999996,19.79826249000007],[-98.57854924999998,19.788489429000037],[-98.58451551999997,19.778286680000065],[-98.58767454999997,19.784465260000047],[-98.58881702999997,19.77944638100007],[-98.59674546099995,19.76597348000007],[-98.60059801999995,19.764922780000063],[-98.59942511099996,19.768229139000027],[-98.61166367899995,19.774128949000044],[-98.60960391999998,19.777108920000046],[-98.61130231999994,19.77798622000006],[-98.61181879999998,19.77956585000004],[-98.61341219999997,19.781672720000074],[-98.61223370999994,19.78636842000003],[-98.61747561999994,19.788051221000046],[-98.62526104999995,19.785182520000035],[-98.62356191999999,19.793888690000074],[-98.63255816999998,19.796433170000057],[-98.63878784999997,19.800769631000037],[-98.63797544999994,19.807576250000068],[-98.63990310999998,19.811964450000062],[-98.64433637999997,19.81443795000007],[-98.64441862999996,19.814598739000076],[-98.64369884999996,19.81752251000006],[-98.64732676999995,19.818381310000063],[-98.64699317099996,19.820881540000073],[-98.64876252,19.821661850000055],[-98.64889381999996,19.82170805000004],[-98.64993474999994,19.82426995000003],[-98.65258493999994,19.825393030000043],[-98.65255727999994,19.82547137000006],[-98.65228762999999,19.82628691900004],[-98.65545582899995,19.827550510000037],[-98.65461090999997,19.828101201000038],[-98.66065854999994,19.83487955000004],[-98.65280608999996,19.837197480000043],[-98.65434050999994,19.84119098000002],[-98.65385341999996,19.85037366000006],[-98.64985465999996,19.85392292000006],[-98.64875134,19.849630710000042],[-98.64610433999997,19.849528580000026],[-98.64030265999997,19.84655647900007],[-98.63749241999994,19.84862682000005],[-98.63254974999995,19.848363980000045],[-98.63215988099995,19.85062006000004],[-98.62698825999996,19.852485340000044],[-98.62590976899997,19.84155645000004],[-98.62689473899997,19.837110170000074],[-98.62046725099998,19.835071750000054],[-98.61854914999998,19.84026472000005],[-98.61316519999997,19.84810955000006],[-98.60646628099994,19.848137260000044],[-98.59586459899998,19.852527940000073],[-98.59038159999994,19.855611520000025],[-98.58716485099995,19.861757280000063],[-98.58129018099999,19.86133599900006],[-98.57636228999996,19.863158260000034],[-98.57592548999997,19.864816709000024],[-98.57497745099994,19.864662890000034],[-98.57491601999999,19.864685460000032],[-98.57377488999998,19.870562740000025],[-98.57466733999996,19.889217420000023],[-98.57407868999996,19.890294890000064],[-98.57334948999994,19.891544920000058],[-98.57075830999997,19.890557430000058],[-98.57062774899998,19.890569180000057],[-98.57004207999995,19.89178909000003],[-98.56602747999995,19.890500460000055]]]]}},{"type":"Feature","properties":{"id":"13081","name":"Zacualtipán de Ángeles","slug":"zacualtipan-de-angeles","regionId":"9","regionName":"Zacualtipán"},"geometry":{"type":"MultiPolygon","coordinates":[[[[-98.42179425999996,20.74290583000004],[-98.42093678099997,20.741834260000076],[-98.42190362999997,20.740860380000072],[-98.42145376999997,20.739347820000035],[-98.42444568999997,20.73504489000004],[-98.42480717999996,20.730291660000034],[-98.43346559899999,20.717523680000056],[-98.42920124999995,20.716411520000065],[-98.43927051999998,20.70885745000004],[-98.44334988999998,20.70988097000003],[-98.44178040099996,20.70861683100003],[-98.44535453999998,20.703140310000038],[-98.44590365,20.694336711000062],[-98.44921636999999,20.700895720000062],[-98.45531752099998,20.699214340000026],[-98.45988339999997,20.696203350000076],[-98.45875036999996,20.693384480000077],[-98.45941216999995,20.689637090000076],[-98.45854296899995,20.68537243000003],[-98.46049090999998,20.683204851000028],[-98.46040281899997,20.67683068900004],[-98.46397860099995,20.67412753900004],[-98.46464253999994,20.670516400000054],[-98.46368594899997,20.66724128100003],[-98.46741520099994,20.66613809000006],[-98.47001287999996,20.662570310000035],[-98.47260953999995,20.662676770000076],[-98.47513745999998,20.65981737000004],[-98.47847828,20.659242350000056],[-98.47950927999995,20.656784370000025],[-98.48601378099994,20.654396720000022],[-98.48702823099995,20.650052350000067],[-98.48974137,20.64998618000004],[-98.49116331999994,20.645771740000043],[-98.49258948099998,20.64608640000006],[-98.49484671999994,20.644340510000063],[-98.49580278099995,20.63986306000004],[-98.49517488999999,20.63796363000006],[-98.49516869099995,20.636628710000025],[-98.49039753999995,20.626973690000057],[-98.48950407999996,20.61965674000004],[-98.48359568999996,20.606518280000046],[-98.48012207999994,20.603295910000043],[-98.48118150999994,20.601635619000035],[-98.47935010999998,20.599294230000055],[-98.47845984999998,20.594250660000057],[-98.48049030899995,20.588715620000073],[-98.48241453999998,20.58793423000003],[-98.48492633999996,20.590181089000055],[-98.48747059999994,20.588853030000053],[-98.49630305999995,20.58949597000003],[-98.50133733999996,20.593354291000026],[-98.50247288999998,20.59576960000004],[-98.50586395,20.596237749000068],[-98.50472533999994,20.597290890000068],[-98.50478870999996,20.59999017000007],[-98.50354676999996,20.600301340000044],[-98.50414537999995,20.601229861000036],[-98.50546405999995,20.600619680000023],[-98.50414107999995,20.60529586100006],[-98.50458117999995,20.605564380000033],[-98.50520615,20.60562168000007],[-98.50454119999995,20.606985140000063],[-98.50713971999994,20.608486520000042],[-98.50890956999996,20.615822371000036],[-98.51674714999996,20.621257770000057],[-98.51955387999999,20.624892430000045],[-98.51946257999998,20.626687141000048],[-98.52524017999997,20.625643119000074],[-98.52796597999998,20.627815379000026],[-98.53412134999996,20.627705821000063],[-98.54121911999994,20.625631660000067],[-98.54183918099994,20.624719939000045],[-98.54373710999994,20.623861370000043],[-98.54338905999998,20.62169614000004],[-98.54704051999994,20.620702880000067],[-98.54765007999998,20.61911889000004],[-98.54913163099997,20.618854800000065],[-98.54939231999998,20.614627060000032],[-98.54790085099995,20.61406905900003],[-98.54710944999994,20.610445150000032],[-98.54758242099996,20.60823406000003],[-98.54963750999997,20.607291290000035],[-98.55003391999998,20.60550611000008],[-98.55350590999996,20.605686280000043],[-98.55670517999994,20.61014294000006],[-98.56518982999995,20.61314691000007],[-98.56706413999996,20.60439635000006],[-98.56846450999996,20.60257862000003],[-98.57087828999994,20.601665910000065],[-98.57258,20.598952120000035],[-98.58055054,20.59482871000006],[-98.58754147999997,20.595393110000032],[-98.59884714899994,20.590734490000045],[-98.61220168999995,20.588538580000034],[-98.61574704999998,20.589386880000063],[-98.61468254999994,20.591356570000073],[-98.61772747999999,20.593151540000065],[-98.62047728999994,20.59284733900006],[-98.62023201999995,20.594089260000032],[-98.62097529,20.594812370000056],[-98.62312142999997,20.592958830000043],[-98.62616621999996,20.59724598100007],[-98.62580519999995,20.59316406000005],[-98.62688968999998,20.591293200000052],[-98.62918853999997,20.591542779000065],[-98.63235439999994,20.589881261000073],[-98.63639611999997,20.590980780000052],[-98.63958782999998,20.587263750000034],[-98.64274288999997,20.58688095100007],[-98.64447087999997,20.583083481000074],[-98.64138276999995,20.58266922100006],[-98.63863219999996,20.57466857000003],[-98.63987811899995,20.56826786000005],[-98.64596522999994,20.562235850000036],[-98.64713824899997,20.55520598000004],[-98.65312280099994,20.557673971000042],[-98.65504362999997,20.560796980000077],[-98.660678051,20.56152818000004],[-98.66610439999994,20.568049230000042],[-98.66710085099999,20.56509914000003],[-98.66928608999996,20.563766540000074],[-98.66857765999998,20.561504770000056],[-98.66958958099997,20.560566420000043],[-98.67628716999997,20.56489102000006],[-98.67666631999998,20.56693640000003],[-98.67981363099994,20.57080643100005],[-98.68561837999994,20.570783230000075],[-98.68336374999996,20.568972510000037],[-98.68120605999997,20.56418603000003],[-98.68811208999995,20.565562150000062],[-98.69216145999997,20.563343520000046],[-98.69419950899999,20.565731890000052],[-98.69812801999996,20.56604892000007],[-98.69643482999999,20.568125740000028],[-98.69684590999998,20.571820080000066],[-98.69326082999999,20.572328450000043],[-98.69000330999995,20.570553630000063],[-98.68734970999998,20.574284920000025],[-98.680758,20.575239030000034],[-98.68369257999996,20.57765315000006],[-98.68846728999995,20.585418880000077],[-98.68611771999997,20.58773443000007],[-98.68385159999997,20.587904681000055],[-98.68106081999997,20.59128498000007],[-98.68383351999995,20.598477221000053],[-98.68016041999994,20.601422480000053],[-98.68204816999997,20.604961140000057],[-98.68053395099997,20.609166711000057],[-98.68356102999996,20.611528030000045],[-98.68328713999995,20.61554674000007],[-98.68684688999997,20.61474651000003],[-98.68867251899997,20.615894310000044],[-98.68914288999997,20.624331260000076],[-98.69327664999997,20.624353771000074],[-98.69299922999994,20.62593232000006],[-98.69672808099995,20.629220280000027],[-98.69692381999994,20.630156450000072],[-98.69681373999998,20.631119820000038],[-98.70076977999997,20.63725997000006],[-98.70146965999999,20.640949920000025],[-98.70417052,20.644152680000047],[-98.70298250999997,20.646193310000058],[-98.70449842999994,20.65045065000004],[-98.70379720099999,20.65512688000007],[-98.70528736999995,20.656781180000053],[-98.70395019999995,20.65863322100006],[-98.70530524999998,20.663887120000027],[-98.70226907999995,20.66251266000006],[-98.70073557099994,20.659848140000065],[-98.70002513999998,20.659767319000025],[-98.69961861999997,20.66000537000008],[-98.69840622099997,20.662372220000066],[-98.69500561999996,20.66127271000005],[-98.69146084999994,20.662099940000076],[-98.69010507999997,20.664969881000047],[-98.68757621999998,20.66557375000008],[-98.68606813999997,20.66479152000005],[-98.68634831999998,20.668045179000046],[-98.68370265999994,20.67106595000007],[-98.68365070999994,20.67298511000007],[-98.68592368999998,20.679798880000078],[-98.68885314999994,20.679339940000034],[-98.69228338,20.683297980000077],[-98.69389765999995,20.678511910000054],[-98.70065050999995,20.679632680000054],[-98.70369322999994,20.681901121000067],[-98.70447525999998,20.685431050000034],[-98.70560597999997,20.686294460000056],[-98.71040328999999,20.688188479000075],[-98.71040917899995,20.69054865000004],[-98.71246555,20.69231171000007],[-98.70423670899999,20.692158180000035],[-98.6943384,20.697104660000036],[-98.68843904899995,20.698689],[-98.68849357,20.701326320000078],[-98.68231550899998,20.700201251000067],[-98.67646605999994,20.701469850000024],[-98.66894414099994,20.706040520000045],[-98.66679991999996,20.70154074000004],[-98.66482734999994,20.701707820000024],[-98.66371682,20.700918400000035],[-98.66318224999998,20.70048642000006],[-98.66332690899998,20.697316380000075],[-98.65881616999997,20.697825219000038],[-98.65656291999994,20.699404980000054],[-98.64895011999994,20.699447229000043],[-98.64532841999994,20.703888780000057],[-98.64635493999998,20.697069740000074],[-98.64293617099997,20.694885830000032],[-98.64196668899996,20.687739880000038],[-98.64023685099994,20.68527123100006],[-98.64275647899996,20.678837050000027],[-98.64713754999997,20.676854770000034],[-98.63929884999999,20.67766154000003],[-98.63608707999998,20.679667620000032],[-98.63200646099995,20.679303780000055],[-98.62647965999997,20.682422029000065],[-98.61928131999997,20.682605310000042],[-98.60667962999997,20.689472770000066],[-98.60003761999997,20.69111581900006],[-98.59828065,20.69498498100006],[-98.59419005999996,20.697481220000043],[-98.59277888999998,20.701821750000022],[-98.59106211999995,20.70235648000005],[-98.59021007999996,20.705551480000054],[-98.58835051999995,20.706998379000026],[-98.58283767999995,20.704564910000045],[-98.58292568999997,20.70811088000005],[-98.58072290899997,20.711068349000072],[-98.58359931999996,20.71557567900004],[-98.581154659,20.71873682000006],[-98.57926208999999,20.717151430000058],[-98.57878640099995,20.718074450000074],[-98.57490993999994,20.71754051100004],[-98.57317834999998,20.71944343100006],[-98.57100296999994,20.718481371000053],[-98.57240584999994,20.71726072000007],[-98.57183377999996,20.713289090000046],[-98.57477768999996,20.71229991000007],[-98.57381159999994,20.70985986000005],[-98.57415059999994,20.707689940000023],[-98.57512091899997,20.707647690000044],[-98.57465396999999,20.703639861000056],[-98.57626544999994,20.702330510000024],[-98.57385844999999,20.70087415000006],[-98.56969697999995,20.702133310000022],[-98.56644259999996,20.705010660000028],[-98.56565935099997,20.704401460000042],[-98.56465039999995,20.70480168000006],[-98.56324207999995,20.70540826000007],[-98.56357859999997,20.70853771000003],[-98.56235288,20.708596059000058],[-98.56206447999995,20.708697089000054],[-98.56388544999999,20.71124405000006],[-98.56226462999996,20.714676220000058],[-98.56399924999994,20.716659031000063],[-98.56178122999995,20.718344080000065],[-98.56179536999997,20.718839400000036],[-98.56143670999995,20.720508340000038],[-98.563166519,20.723267520000036],[-98.55765494999997,20.72906586000005],[-98.55495281999998,20.729810830000076],[-98.55484053999999,20.731939600000032],[-98.55348921899997,20.73202234000007],[-98.55240770999995,20.734682710000072],[-98.55034088999997,20.734753349000073],[-98.54860113999996,20.732750800000076],[-98.53928650999995,20.73094088000005],[-98.53606485999995,20.726584571000046],[-98.53228337899998,20.72561243000007],[-98.53264431999997,20.723025910000047],[-98.53812628099996,20.721431481000025],[-98.53350073999997,20.71722045000007],[-98.53415384999994,20.716060880000043],[-98.53198839899994,20.713282710000044],[-98.53264448999994,20.711302750000073],[-98.53065594999998,20.71012795000007],[-98.53076862999995,20.708994450000034],[-98.53044530999995,20.708846940000058],[-98.53014962899994,20.709968649000075],[-98.52907259999995,20.703993919000027],[-98.53016547899995,20.70478994900003],[-98.53050056999996,20.704511570000022],[-98.53111445899998,20.70414665100003],[-98.53095528999995,20.70200722100003],[-98.53422705999998,20.698421780000047],[-98.54025704999998,20.69810749100003],[-98.53869448999995,20.695591120000074],[-98.53999177999998,20.693506971000033],[-98.55017974999998,20.68939254000003],[-98.54877061999997,20.68225283000004],[-98.54262345999996,20.668491260000053],[-98.53924917099994,20.66677543000003],[-98.53790727999996,20.66464078100006],[-98.53658215099995,20.664981831000034],[-98.53614088999996,20.663363710000056],[-98.53422444999995,20.66457162000006],[-98.53339734999997,20.662716911000075],[-98.53042065999995,20.66512172000006],[-98.53160517999999,20.667315650000035],[-98.52903746099997,20.675842570000043],[-98.52505133999995,20.681839110000055],[-98.52131357899998,20.68199971000007],[-98.51744151099996,20.683771420000028],[-98.51680402999995,20.685334289000025],[-98.51581602999994,20.685155060000056],[-98.51482508999999,20.68920202000004],[-98.51094808,20.69149962000006],[-98.50877087999999,20.69012046000006],[-98.50811000099998,20.692015850000075],[-98.50598762899995,20.692816829000037],[-98.50628637999995,20.694075720000058],[-98.50115037999996,20.69458332000005],[-98.50064547999995,20.69660809000004],[-98.49815654999998,20.697470030000034],[-98.49722017099998,20.699880060000055],[-98.49407928099998,20.70138471000007],[-98.48578454999995,20.703488880000066],[-98.48357671099996,20.706006340000044],[-98.47875273999995,20.70525803000004],[-98.47513374999994,20.705988370000057],[-98.47298787999995,20.708961830000078],[-98.46646801999998,20.710267119000036],[-98.46244270999995,20.714172150000024],[-98.46034182999995,20.71331211000006],[-98.46019279999996,20.715096450000033],[-98.45415481999999,20.72128845000003],[-98.44794511999999,20.724614850000023],[-98.447363339,20.727593630000058],[-98.44338871999997,20.72923318000005],[-98.44394386099998,20.731701860000044],[-98.44134225099998,20.733799480000073],[-98.44008587999997,20.737956430000054],[-98.43563664899995,20.739844550000043],[-98.43385741999998,20.743163179000078],[-98.42802687899996,20.74448848000003],[-98.425510509,20.748929290000035],[-98.42173622999996,20.74475331000008],[-98.42179425999996,20.74290583000004]]]]}},{"type":"Feature","properties":{"id":"13082","name":"Zapotlán de Juárez","slug":"zapotlan-de-juarez","regionId":"3","regionName":"Pachuca"},"geometry":{"type":"MultiPolygon","coordinates":[[[[-98.89851161999997,20.048568051000075],[-98.89503871999995,20.049347230000024],[-98.88964501999999,20.044150951000063],[-98.88396285999994,20.045722401000035],[-98.88255759899994,20.044638431000067],[-98.87421657999994,20.044726981000053],[-98.87203725999996,20.04263822000007],[-98.86550611899997,20.04113545000007],[-98.86204291999996,20.041625430000067],[-98.859031599,20.038352420000024],[-98.85723719999999,20.038136691000034],[-98.85741067899994,20.03543103000004],[-98.85536111,20.032700850000026],[-98.85732779899996,20.03019105100003],[-98.85631157999995,20.02477182000007],[-98.85417497899994,20.02401965000007],[-98.85569851999998,20.019482830000072],[-98.85483757999998,20.016535340000075],[-98.85117871899996,20.019762120000053],[-98.85206313899994,20.023512572000072],[-98.85082481799998,20.033792061000042],[-98.84417062899996,20.040991261000045],[-98.84259277999996,20.04019074000007],[-98.83700161999997,20.042042449000064],[-98.83714139199998,20.038008310000066],[-98.83275744899998,20.036020250000036],[-98.83274327999999,20.033765260000052],[-98.83023951999996,20.029321090000053],[-98.83012588099996,20.025462980000043],[-98.82790793999999,20.024156429000072],[-98.83098316799999,20.022759860000065],[-98.83069468999997,20.021438230000058],[-98.82266999899997,20.018049090000034],[-98.81875954999998,20.02638408000007],[-98.81064622099996,20.021760510000036],[-98.79139310999994,19.98887725000003],[-98.78995944999997,19.986427950000063],[-98.80747271999996,19.984420620000037],[-98.79694730899996,19.976820280000027],[-98.84298294999996,19.925724751000075],[-98.87125553999994,19.942263249000064],[-98.87979877999999,19.924277651000068],[-98.88686996899997,19.92948991000003],[-98.88695545999997,19.931145580000077],[-98.88843964999995,19.932659650000062],[-98.88186397299995,19.93775276100007],[-98.86836836799995,19.95355599900006],[-98.87084039599995,19.956192483000052],[-98.88711659199998,19.964088394000044],[-98.89608122499999,19.98735282000007],[-98.89481310999997,19.99698703100006],[-98.90797578599995,19.998441914000068],[-98.91290012399998,20.001000625000074],[-98.91148964099995,20.008355333000054],[-98.90385882899994,20.008350281000048],[-98.90305863099996,20.016197291000026],[-98.90628308799995,20.01858451000004],[-98.90601793899998,20.019749690000026],[-98.90620831899997,20.02077638000003],[-98.90884825899997,20.022019742000055],[-98.91107931099998,20.02616758000005],[-98.91202342899999,20.03101840100004],[-98.91614622999998,20.03584126100003],[-98.91839321899994,20.040431950000027],[-98.91917893999994,20.044409880000046],[-98.91648770999996,20.046857180000075],[-98.90985002899998,20.047452941000074],[-98.90799841899997,20.049288622000063],[-98.90424004899995,20.05053625000005],[-98.89851161999997,20.048568051000075]]]]}},{"type":"Feature","properties":{"id":"13075","name":"Tolcayuca","slug":"tolcayuca","regionId":"6","regionName":"Tizayuca"},"geometry":{"type":"MultiPolygon","coordinates":[[[[-98.935239,20.052940781000075],[-98.93414162099998,20.047750320000034],[-98.93241234999994,20.043326450000052],[-98.93264196999996,20.040727661000062],[-98.91967401999995,20.046105940000075],[-98.917303,20.048616770000024],[-98.91607628899999,20.047751921000042],[-98.915013478,20.046977110000057],[-98.91893705999996,20.045051090000072],[-98.91839321899994,20.040431950000027],[-98.91614622999998,20.03584126100003],[-98.91202342899999,20.03101840100004],[-98.91107931099998,20.02616758000005],[-98.90884825899997,20.022019742000055],[-98.90620831899997,20.02077638000003],[-98.90601793899998,20.019749690000026],[-98.90628308799995,20.01858451000004],[-98.90305863099996,20.016197291000026],[-98.90385882899994,20.008350281000048],[-98.91148964399997,20.008355338000058],[-98.91290012199994,20.001000628000043],[-98.90797578299998,19.998441914000068],[-98.89481310999997,19.99698703200005],[-98.89608122499999,19.98735282000007],[-98.88711659199998,19.964088394000044],[-98.87084039599995,19.956192483000052],[-98.86836836699996,19.95355599800007],[-98.88186397199996,19.93775276100007],[-98.88843964999995,19.932659650000062],[-98.88695545999997,19.931145580000077],[-98.88686996899997,19.92948991000003],[-98.87979877999999,19.924277651000068],[-98.87617474899997,19.932596260000025],[-98.85482408899998,19.912882550000063],[-98.87061995,19.894958029000065],[-98.88316207999998,19.901528750000068],[-98.88347765999998,19.900818771000047],[-98.88259862999996,19.900097480000056],[-98.88768591999997,19.89909552100005],[-98.89206056899997,19.894376110000053],[-98.89588993999996,19.89570757100006],[-98.89719514899997,19.894132721000062],[-98.89716908699995,19.894122479000032],[-98.89519622999995,19.893347172000063],[-98.89705036999999,19.892404850000048],[-98.89717334899996,19.892366261000063],[-98.89778887899996,19.889870920000078],[-98.89617816899994,19.88580600100005],[-98.89826970999997,19.883605341000077],[-98.90411751999994,19.88757995000003],[-98.90700668999995,19.88358026000003],[-98.90774673999994,19.88393914100004],[-98.90920373999995,19.87987206100007],[-98.91182479999998,19.881017261000068],[-98.91204561999996,19.88058134100004],[-98.91227590799997,19.880100151000022],[-98.90972217899997,19.878970091000042],[-98.91016547999999,19.878048550000074],[-98.91274047899998,19.879155860000026],[-98.91362141999997,19.87736926100007],[-98.91109417999996,19.876291001000027],[-98.91143168899998,19.875887861000024],[-98.91741885999994,19.878182681000055],[-98.91727891899995,19.878450800000053],[-98.91697899899998,19.878992750000066],[-98.91989784999998,19.88091140100005],[-98.91947701699996,19.88156775300007],[-98.91926030899998,19.881905741000026],[-98.92172259999995,19.882265480000058],[-98.92181822999999,19.883463851000045],[-98.92469551,19.884621491000075],[-98.92673593999996,19.88351386100004],[-98.92606675999997,19.884921966000036],[-98.92576182899995,19.88556360000007],[-98.93466273899998,19.890231920000076],[-98.93732324999996,19.886543080000024],[-98.93855796999998,19.887259051000058],[-98.93979857999994,19.88620743000007],[-98.94029631899997,19.888587451000035],[-98.94229145899999,19.88920625000003],[-98.941600511,19.890282281000054],[-98.94299322999996,19.891295341000045],[-98.94187761899997,19.893083180000076],[-98.94323416899994,19.893896080000047],[-98.94319952299998,19.89395543200004],[-98.94226455099994,19.895557120000035],[-98.94228828899998,19.895582431000037],[-98.94370273899995,19.896342450000077],[-98.94319814899995,19.897205491000022],[-98.94317407899996,19.897261181000033],[-98.94819853899997,19.898561400000062],[-98.95068722899998,19.900985751000064],[-98.95066239999994,19.90624075100004],[-98.95272259999996,19.906714571000066],[-98.95348284899995,19.91155112100006],[-98.95611242799998,19.928183551000075],[-98.96044456999994,19.925058110000066],[-98.96232616899994,19.926396141000055],[-98.96182585999998,19.92917508000005],[-98.96610562899997,19.929840711000054],[-98.96833301899994,19.93380908100005],[-98.96996642899995,19.932698910000056],[-98.97013064899994,19.932862171000068],[-98.97250559999998,19.935907221000036],[-98.97279837899998,19.935956231000034],[-98.98316474999996,19.938612831000057],[-98.98469075099996,19.946318020000035],[-98.99977850799996,19.941825021000056],[-98.99562281899995,19.956891721000034],[-98.98117571999995,19.95472140100003],[-98.96621946,19.973995079000076],[-98.95771396899994,19.975860171000022],[-98.94854934999995,19.974018460000025],[-98.94865919899996,19.97477482000005],[-98.94825475,19.97526588200003],[-98.94575204999995,19.97517417100005],[-98.94474247999995,19.97505165000007],[-98.94414391899994,19.975738921000072],[-98.94333154899994,19.976782571000058],[-98.94286961799997,19.977988121000067],[-98.94273048999997,19.979073091000032],[-98.94375911999998,19.984977970000045],[-98.94213154899995,20.000623200000064],[-98.94399611999995,20.004938650000042],[-98.94748725899996,20.008991781000077],[-98.94427981899997,20.017292201000032],[-98.94513497999998,20.02304637000003],[-98.94793677899997,20.029567890000067],[-98.95090602,20.02988602100004],[-98.95183681899994,20.028611171000023],[-98.95370182,20.03053051100005],[-98.95428247999996,20.03112808000003],[-98.95516342999997,20.02783566000005],[-98.95663065899998,20.02796378000005],[-98.96058036999995,20.02875209000007],[-98.96024050999995,20.03162300100007],[-98.96237041999996,20.031593651000037],[-98.96279204899997,20.031047370000067],[-98.96176544999997,20.03071194100005],[-98.96279642899998,20.030518181000048],[-98.96397656999994,20.031237691000058],[-98.959877969,20.032600690000038],[-98.95836116899994,20.038666831000057],[-98.95868768899999,20.03956540100006],[-98.96046104899995,20.03939851000007],[-98.96276124899998,20.046040021000067],[-98.95305084999995,20.051745120000078],[-98.94251662899995,20.048625600000037],[-98.94073427999996,20.052171421000025],[-98.935239,20.052940781000075]]]]}},{"type":"Feature","properties":{"id":"13076","name":"Tula de Allende","slug":"tula-de-allende","regionId":"1","regionName":"Tula"},"geometry":{"type":"MultiPolygon","coordinates":[[[[-99.48544005099996,20.170130861000075],[-99.46190517999997,20.16220583200004],[-99.45979415099998,20.16354068100003],[-99.45672996899998,20.16191020100007],[-99.45337585999994,20.162242400000025],[-99.451826,20.16355783000006],[-99.44984708899995,20.162542061000067],[-99.44395128999997,20.162210710000068],[-99.44368533999994,20.163088080000023],[-99.44325022099997,20.162922941000033],[-99.44155585899995,20.162145231000068],[-99.44289168999995,20.16068297000004],[-99.44097062799995,20.159767541000065],[-99.44090239899998,20.15975609000003],[-99.44120351999999,20.158947110000042],[-99.43545077899995,20.156153351000057],[-99.43651542999999,20.155258721000052],[-99.43447848999995,20.14981195100006],[-99.42741514999994,20.139814200000046],[-99.41260654899997,20.138736220000055],[-99.40921376999995,20.135383771000022],[-99.40692471999995,20.13460906100005],[-99.40580765999994,20.13536638100004],[-99.40082945899997,20.13310254000004],[-99.40105771999998,20.132080660000042],[-99.39950694899994,20.130832600000076],[-99.38914662899998,20.127461651000033],[-99.37786873999994,20.117797910000036],[-99.37700524899998,20.11502942100003],[-99.37295844899995,20.11175508100007],[-99.37609977999995,20.10863911000007],[-99.37451677899998,20.107214140000053],[-99.37362630899997,20.102861891000032],[-99.36957357899996,20.102366420000067],[-99.36875127899998,20.10312329100003],[-99.36870928899998,20.106203380000068],[-99.37108981899996,20.108356021000077],[-99.36391531899994,20.109668459000034],[-99.36720461899995,20.122334171000034],[-99.36891282899995,20.125289250000037],[-99.36634579899999,20.129550550000033],[-99.36244253899997,20.13156648000006],[-99.36195102899995,20.13064483100004],[-99.35704611799997,20.13054980000004],[-99.35267482799998,20.131611231000022],[-99.34779817799995,20.13302932000005],[-99.34831197999995,20.135311829000045],[-99.34014362899995,20.13706140000005],[-99.34086590799996,20.143474140000023],[-99.33653622899999,20.146577170000057],[-99.31303424899994,20.114222260000076],[-99.25477122899997,20.05876862100007],[-99.26864904799999,20.05774818200007],[-99.27117559899995,20.061078632000033],[-99.27530414799998,20.062370892000047],[-99.29045881899998,20.059535401000062],[-99.29243218,20.03458455200007],[-99.28756879999997,20.033618682000053],[-99.28756874399994,20.033619816000055],[-99.28726971899994,20.03962462100003],[-99.28726352099994,20.039621587000056],[-99.270609289,20.031470351000053],[-99.27060705999997,20.03147225200007],[-99.26729121999995,20.034299540000063],[-99.26728902999997,20.034295883000027],[-99.26406727999995,20.028915081000036],[-99.26084397999995,20.027296491000072],[-99.262483509,20.018576621000022],[-99.26186521899996,20.01590568000006],[-99.26430690999996,20.010862201000066],[-99.27097381899995,20.004233750000026],[-99.27405710999994,19.995843050000076],[-99.273839679,19.992117261000033],[-99.27585264899994,19.988410420000037],[-99.27442434999995,19.986665940000023],[-99.27692304999994,19.983911600000056],[-99.27377053999999,19.97925998100004],[-99.27366165999996,19.978956200000027],[-99.27478804999998,19.976876399000048],[-99.27630471799995,19.975474661000078],[-99.28434042899994,19.97377700100003],[-99.29245921899997,19.973884600000076],[-99.29773731899996,19.972608862000072],[-99.30014350899995,19.97277089100004],[-99.30325242899994,19.97508657000003],[-99.30447851799994,19.974103510000077],[-99.30489893899994,19.97038377100006],[-99.30699276999997,19.969192460000045],[-99.30991594999995,19.96465857100003],[-99.30953717999995,19.96208715100005],[-99.31103199799998,19.95780214100006],[-99.30746713999997,19.948366600000043],[-99.30410462899994,19.945886660000042],[-99.30136628899999,19.94714003000007],[-99.29426782899998,19.94322788100004],[-99.29295347999994,19.94018335000004],[-99.30005242899995,19.93881046000007],[-99.29273431899998,19.934455600000035],[-99.29727952099995,19.933926340000028],[-99.30441993999995,19.930080201000067],[-99.30610202799994,19.93187762100007],[-99.30687110899999,19.933004350000033],[-99.306110059,19.937662421000027],[-99.31716092,19.957051061000072],[-99.31908277899998,19.95699366100007],[-99.31867031899998,19.959026121000022],[-99.32081854999996,19.96181589100007],[-99.32240264999996,19.961899121000044],[-99.32027562899998,19.96233028000006],[-99.32008379899997,19.963653261000047],[-99.31852801999997,19.962679431000026],[-99.31687537099998,19.96935280100007],[-99.32456702899998,19.965930281000055],[-99.32754608999994,19.965798370000073],[-99.33226503099996,19.95967692000005],[-99.33943950899999,19.958516451000037],[-99.33933241899996,19.955028999000035],[-99.33874717899994,19.954252621000023],[-99.33774569099995,19.95327031100004],[-99.32373194999997,19.947180581000055],[-99.32408770999996,19.94566018000006],[-99.32640471999997,19.944951461000073],[-99.32823745999997,19.946070021000025],[-99.335055319,19.944700581000063],[-99.33487848999994,19.943870521000065],[-99.33661291899995,19.943340401000057],[-99.33678948899995,19.944504170000073],[-99.33772074999996,19.943553691000034],[-99.34241242899998,19.94433298100006],[-99.35181553999996,19.951871969000024],[-99.35317448999996,19.95388629000007],[-99.35353,19.96141909100004],[-99.35905531999998,19.966250021000064],[-99.361683799,19.971792201000028],[-99.36299962899994,19.97124258100007],[-99.36415179999995,19.973945051000044],[-99.36348894999998,19.976189090000048],[-99.36521258,19.97644162100005],[-99.36767174899995,19.98554295100007],[-99.36594262899996,19.987660651000056],[-99.36536033999994,19.986906141000077],[-99.36481774799995,19.98618532000006],[-99.36380197999995,19.986643741000023],[-99.36284214799997,19.987052340000048],[-99.36216713899995,19.989538372000027],[-99.35920356899999,19.98773355000003],[-99.35356437899998,19.99298857100007],[-99.36316047999998,19.996218859000066],[-99.36272768999999,19.999286291000033],[-99.36712557899995,20.000043540000036],[-99.36928822999994,20.00220302100007],[-99.37225248999994,20.002242571000068],[-99.374554059,20.004012620000026],[-99.38173753999996,20.00496805100005],[-99.38878305999998,20.010670661000063],[-99.39019079999997,20.00894586100003],[-99.38689005899994,20.005281801000024],[-99.397502681,20.00353072100006],[-99.40221396899994,20.003920022000045],[-99.41333791899996,20.007402881000075],[-99.415122479,20.01012765100006],[-99.41508556999997,20.012988461000077],[-99.41679474799997,20.01175678100003],[-99.41777144999998,20.01338865100007],[-99.42696730999995,20.016014491000078],[-99.43081349,20.01631935100005],[-99.43375022899994,20.015005632000054],[-99.43512385999998,20.015714141000046],[-99.44074785899994,20.01335374100006],[-99.44362879899995,20.026627980000058],[-99.44817802899996,20.038345461000063],[-99.44834268999995,20.040643170000067],[-99.44844876899998,20.042187110000043],[-99.45821436999995,20.055029540000078],[-99.45833542999998,20.061465661000057],[-99.45975871099995,20.06545734100007],[-99.48100856999997,20.08219789000003],[-99.48306182599998,20.092096208000044],[-99.483646691,20.09491546000004],[-99.48349685899996,20.100969771000052],[-99.48495399899997,20.101716169000042],[-99.48801654799996,20.10732308100006],[-99.49158027799996,20.10908166100006],[-99.49240287899994,20.110552566000024],[-99.49259856899994,20.110904081000058],[-99.49491784999998,20.11087898100004],[-99.49708961899995,20.116184],[-99.49657701899997,20.119428800000037],[-99.50131221999999,20.12700332000003],[-99.51168331799994,20.140947710000034],[-99.516292347,20.143392221000056],[-99.51860756899998,20.146969971000033],[-99.51869825899996,20.148298831000034],[-99.51634082899994,20.148772820000033],[-99.51671064999994,20.15035155000004],[-99.51546622899997,20.150861200000065],[-99.51384808899996,20.149539400000037],[-99.50859559799994,20.150393431000055],[-99.50183084799994,20.153286580000042],[-99.50526714899996,20.160464620000027],[-99.50207582999997,20.158687249000025],[-99.50144896799998,20.157224779000046],[-99.496585569,20.155424890000063],[-99.49381324899997,20.15001871100003],[-99.49201165099998,20.15021162000005],[-99.49424573999994,20.158479021000062],[-99.49250890999997,20.16127558000005],[-99.48876877899994,20.163685421000025],[-99.48887967899998,20.16556046000005],[-99.48691841999994,20.167136801000026],[-99.48680587999996,20.16986391100005],[-99.48544005099996,20.170130861000075]]]]}},{"type":"Feature","properties":{"id":"13078","name":"Xochiatipan","slug":"xochiatipan","regionId":"4","regionName":"Huejutla"},"geometry":{"type":"MultiPolygon","coordinates":[[[[-98.30213325999995,20.946009980000042],[-98.30308005899997,20.94542191000005],[-98.30219636899994,20.944589020000024],[-98.29766119899995,20.944939230000045],[-98.29495453799996,20.941451630000074],[-98.29494274899997,20.93758181900006],[-98.29270457899997,20.93453166000006],[-98.292652278,20.934552460000077],[-98.288793549,20.93530848000006],[-98.28184547899997,20.933706250000057],[-98.27553244899997,20.930103830000064],[-98.27178971899997,20.933923080000056],[-98.26360701899995,20.935729540000068],[-98.25430539999996,20.934894950000057],[-98.25192808899999,20.929990780000026],[-98.24764902899994,20.926468920000048],[-98.24134450899999,20.930176799000037],[-98.23729683,20.930965311000023],[-98.23682347999994,20.928975170000058],[-98.23935464799996,20.923026420000042],[-98.23426393899996,20.91582991000007],[-98.22934401899994,20.91449176900005],[-98.22400981899995,20.918974820000074],[-98.22321637799996,20.91884206000003],[-98.22270428899998,20.918447980000053],[-98.22243685899997,20.916903340000033],[-98.22266011899995,20.913358579000032],[-98.22430144899994,20.91146580000003],[-98.22687005899996,20.911076551000065],[-98.22901764899996,20.90819035000004],[-98.22486936999996,20.906621550000068],[-98.22681844899995,20.905685771000037],[-98.22626208899999,20.90409372000005],[-98.22869848899995,20.904428460000076],[-98.22897205899994,20.902478880000047],[-98.23236124799996,20.900116980000064],[-98.24866814899997,20.898961620000023],[-98.24964711899997,20.898250380000036],[-98.25096630899998,20.897304690000055],[-98.25564284999996,20.886841090000075],[-98.25898673999995,20.87491975000006],[-98.26327004899997,20.868268060000048],[-98.26550304899996,20.866536230000065],[-98.25622228799995,20.858969280000053],[-98.258805339,20.855068050000057],[-98.25464297799994,20.848952200000042],[-98.26232287999994,20.846892540000056],[-98.26061161899997,20.83982614000007],[-98.25820576899997,20.83971746000003],[-98.25952410899998,20.837560919000055],[-98.25891393799998,20.833971021000025],[-98.25273773999999,20.828381170000057],[-98.25211236899997,20.82781514000004],[-98.25376504899998,20.82149172000004],[-98.25287414899998,20.82170522000007],[-98.25196188899997,20.819914380000057],[-98.24949422899994,20.822297750000075],[-98.24946701899995,20.82228366000004],[-98.24788833799994,20.82146577000003],[-98.24793782899997,20.819698819000052],[-98.24329251899997,20.819365650000066],[-98.23932534999994,20.817581630000063],[-98.23452844899998,20.81858605000008],[-98.22470505899997,20.818235230000028],[-98.22694145799994,20.816221660000053],[-98.22956657899994,20.80829613900005],[-98.23266081899999,20.80443846000003],[-98.23250527899995,20.799911370000075],[-98.23365261899994,20.797555570000043],[-98.23626991899994,20.796756880000032],[-98.23744850899999,20.79845208000006],[-98.23902841899996,20.798082830000055],[-98.24494536899994,20.800905620000037],[-98.24488684899995,20.802221600000053],[-98.24685250899995,20.798085420000064],[-98.24891859899998,20.79637771000006],[-98.24555167899996,20.793315110000037],[-98.24774964999995,20.789437],[-98.25404154899996,20.794102890000033],[-98.25701367899995,20.792827910000028],[-98.26159516999996,20.785969230000035],[-98.27556588899995,20.786018220000074],[-98.27954145899997,20.78269829000004],[-98.28098594999994,20.785140720000072],[-98.284395798,20.786664570000028],[-98.292022939,20.785506750000025],[-98.29452297899996,20.783911510000053],[-98.29881005899995,20.777839850000078],[-98.30447870899997,20.78273346000003],[-98.30146567899999,20.789032140000074],[-98.30005745899996,20.78948654000004],[-98.29777077899996,20.79574658000007],[-98.29844642899997,20.801429260000077],[-98.30287690899996,20.79590077000006],[-98.30637114899997,20.798649601000022],[-98.30783034899997,20.801916110000036],[-98.31209257899997,20.797727570000063],[-98.315315979,20.788746830000036],[-98.32524590899999,20.78382337000005],[-98.32852231899994,20.78409682000006],[-98.32811937999998,20.786543051000024],[-98.33358939799996,20.789880340000025],[-98.33526781899997,20.789852680000024],[-98.33604473899999,20.79166698000006],[-98.33845036799994,20.79305702000005],[-98.33840053899996,20.79567252000004],[-98.33942801999996,20.79668565000003],[-98.34466525799996,20.797485340000037],[-98.33820050899999,20.799654719000046],[-98.33569397899998,20.802037381000048],[-98.33118768899999,20.802376340000023],[-98.31483784899996,20.809815480000054],[-98.31633197799994,20.81235238000005],[-98.31653604899998,20.817770480000036],[-98.32116871899996,20.817800859000045],[-98.32864647899999,20.82050135000003],[-98.32719607899998,20.82943822900006],[-98.33245372,20.830034690000048],[-98.33966736899998,20.83274258000006],[-98.34542919899997,20.831843150000054],[-98.34706379899995,20.83449563000005],[-98.35141496899996,20.834822400000064],[-98.35291625799994,20.837174540000035],[-98.34975127899997,20.84298105000005],[-98.35178802899998,20.84879643000005],[-98.34801451899995,20.854088080000054],[-98.347786279,20.858867850000024],[-98.34451774899998,20.862235510000062],[-98.34490876899997,20.867567620000045],[-98.34259368899995,20.871267230000058],[-98.338571888,20.871080170000027],[-98.33360330899995,20.873722370000053],[-98.32977654899997,20.874263910000025],[-98.32447984899994,20.881191400000034],[-98.32172125899996,20.887741230000074],[-98.320211568,20.886708830000032],[-98.31323848899996,20.88839383000004],[-98.30769533799997,20.894156140000064],[-98.30564331899996,20.901900220000073],[-98.30658577999998,20.903202580000027],[-98.30409259899994,20.907305311000073],[-98.30378467899999,20.90768465000008],[-98.29774319899997,20.907737689000044],[-98.29595259999996,20.90814202100006],[-98.29527414799998,20.909174480000047],[-98.293520689,20.918725620000032],[-98.29561944899996,20.91703363000005],[-98.29556204799997,20.916022030000022],[-98.29552334999994,20.91571257000004],[-98.29912673999996,20.914720940000052],[-98.304342309,20.914844310000035],[-98.30580834899996,20.915649950000045],[-98.30635628899995,20.916686910000067],[-98.30942225899997,20.917302170000028],[-98.31015564799998,20.918249880000076],[-98.31001547899996,20.919571950000034],[-98.30872361899998,20.92340869000003],[-98.31168254799996,20.925836540000034],[-98.31452391899995,20.934886800000072],[-98.31129554899996,20.940051140000037],[-98.31220925899999,20.94012833900007],[-98.31231550799998,20.941029480000054],[-98.31078177799998,20.945333450000078],[-98.31241794899995,20.945823140000073],[-98.31193133899995,20.94695],[-98.309013828,20.947293600000023],[-98.30821614799999,20.945383400000026],[-98.30768345899997,20.946600370000056],[-98.30251590899996,20.94849172000005],[-98.30213325999995,20.946009980000042]]]]}},{"type":"Feature","properties":{"id":"13073","name":"Tlanchinol","slug":"tlanchinol","regionId":"4","regionName":"Huejutla"},"geometry":{"type":"MultiPolygon","coordinates":[[[[-98.70617351899995,21.187005880000072],[-98.70212077099995,21.18511828000004],[-98.70117456999998,21.182966880000038],[-98.70274297999998,21.18152993900003],[-98.69937296999996,21.17622852100004],[-98.70153034999998,21.174120181000035],[-98.70151342999998,21.171336860000054],[-98.70365511899996,21.16848145000006],[-98.70182008899997,21.160771140000065],[-98.69833017999997,21.16213354000007],[-98.69664050999995,21.16146012100006],[-98.69076934899994,21.167754350000052],[-98.68729062899996,21.166940090000026],[-98.68395536999998,21.16841843000003],[-98.68023270999998,21.168163910000033],[-98.67293276999999,21.16370623000006],[-98.67321081899996,21.16029762000005],[-98.67135610999998,21.158665550000023],[-98.65915436999995,21.156850020000036],[-98.66347530999997,21.150253491000058],[-98.66362771899998,21.144078850000028],[-98.66209834999995,21.142282970000053],[-98.65997833999995,21.142521260000024],[-98.66037393999994,21.135191801000076],[-98.65873402999995,21.132408739000027],[-98.65845861999998,21.125311880000027],[-98.65721104999994,21.12431957000007],[-98.65805528999994,21.120747650000055],[-98.64938714999994,21.113394911000057],[-98.64525591999995,21.106459140000027],[-98.63486442999994,21.102812091000033],[-98.62520367899998,21.094899050000038],[-98.61509067999998,21.092649520000066],[-98.61465044999994,21.091848629000026],[-98.61406854999996,21.090955250000036],[-98.61571307999998,21.088547541000025],[-98.61495362999995,21.085885681000036],[-98.61365018099997,21.08554637000003],[-98.61301417099997,21.085528690000046],[-98.60808071999998,21.087539340000035],[-98.60422757099997,21.084290520000025],[-98.60077207999996,21.083428080000033],[-98.60408354999998,21.07486865000004],[-98.59456311999998,21.077118230000053],[-98.59067032099995,21.076265310000053],[-98.58303708999995,21.068789940000045],[-98.57732982899995,21.065270551000026],[-98.57580045999998,21.057832460000043],[-98.57042791999999,21.06259797900003],[-98.56450473999996,21.065108660000078],[-98.56038030999997,21.065554720000023],[-98.55505521999999,21.06378015000007],[-98.54910624999997,21.057539460000044],[-98.54759654999998,21.052924349000023],[-98.53648765999998,21.044208679000064],[-98.53452687999999,21.043835150000064],[-98.53001127899995,21.042996250000044],[-98.52470085899995,21.045886119000045],[-98.51996165099996,21.046724510000047],[-98.51752065899996,21.046063880000077],[-98.51154817999998,21.049618140000064],[-98.50709013999995,21.050882600000023],[-98.50756537999996,21.046485619000066],[-98.51036985999997,21.04601052000004],[-98.511177751,21.043647080000028],[-98.51581595,21.040168599000026],[-98.51554791999996,21.036671090000027],[-98.51722737999995,21.033424550000063],[-98.52082057099994,21.03077834000004],[-98.52189593999998,21.031091941000057],[-98.52300457999996,21.029421600000035],[-98.52456504899999,21.02983603000007],[-98.52435054999995,21.02699892000004],[-98.53105342999999,21.02525871000006],[-98.53025975099996,21.02274902000005],[-98.53127322999995,21.022492580000062],[-98.53097444999997,21.02384778000004],[-98.53449741999998,21.024582250000037],[-98.53320977999994,21.02210488000003],[-98.53188693999994,21.021805150000034],[-98.53208388099995,21.019013770000072],[-98.52943072099998,21.019662],[-98.53046633999998,21.015387490000023],[-98.52858390999995,21.01552434100006],[-98.53253470999994,21.009096200000045],[-98.53064230999996,21.004807019000054],[-98.53156471999995,21.004301371000054],[-98.53181231999997,21.003917371000057],[-98.53232848,20.997039],[-98.53369319999996,20.994762260000073],[-98.53274125999997,20.991424600000073],[-98.53478035099994,20.98965669000006],[-98.53699057999995,20.990264371000023],[-98.53669622999996,20.987723510000023],[-98.53833882999999,20.982417820000023],[-98.54298157999995,20.98097665000006],[-98.54247457999998,20.97884583000007],[-98.54265751999998,20.97860870900007],[-98.54345084999994,20.977997110000047],[-98.54698261999994,20.978270660000078],[-98.54888374999996,20.975494690000062],[-98.55076542999996,20.97503168000003],[-98.54782821999999,20.970488540000076],[-98.54541206,20.969225660000063],[-98.54515068899997,20.969336940000062],[-98.54374393999996,20.97046971000003],[-98.54450914999995,20.969176420000053],[-98.542270939,20.966137150000066],[-98.54003321999994,20.967616450000037],[-98.54124042999996,20.965589140000077],[-98.54280288899997,20.96617642900003],[-98.543237031,20.964979020000044],[-98.54328945999998,20.964871690000052],[-98.54306164899998,20.96460146000004],[-98.54270319999995,20.96411752000006],[-98.54145897999996,20.96485977900005],[-98.54212647999998,20.963442920000034],[-98.54103002999994,20.963967660000037],[-98.54262823,20.962380649000067],[-98.54290936999996,20.960194079000075],[-98.54117270999996,20.959925480000038],[-98.54261204999995,20.95899479900004],[-98.54269951999999,20.955067710000037],[-98.54159901999998,20.952550170000052],[-98.54049229099996,20.95192834000005],[-98.53955545999997,20.951525650000065],[-98.539429741,20.950805],[-98.53962703099995,20.950233780000076],[-98.53521754999997,20.948385290000033],[-98.53712387999997,20.940225490000046],[-98.53640953899998,20.937700450000023],[-98.53657381999994,20.937242230000038],[-98.53970428999997,20.932891450000056],[-98.54799696999999,20.931386849000035],[-98.55259873999995,20.933115910000026],[-98.55565616999996,20.94057082000006],[-98.55496376999997,20.944947850000062],[-98.55564316899995,20.94858546000006],[-98.55683524999995,20.94937962000006],[-98.55565276999994,20.951706280000053],[-98.56927347999994,20.953421340000034],[-98.57179330999998,20.956681650000064],[-98.57828556899995,20.954155980000053],[-98.57987954999999,20.95797617000005],[-98.58239765999997,20.956408311000075],[-98.58468576999996,20.958472679000067],[-98.58925557999999,20.955554540000037],[-98.59168907999998,20.95669508000003],[-98.59575661999997,20.95525988000003],[-98.59700317999994,20.95276683000003],[-98.59955594899998,20.953747460000045],[-98.60202625999995,20.952801659000045],[-98.60933662999997,20.95495986000003],[-98.61224832099998,20.95064289100003],[-98.61832724999994,20.951758820000066],[-98.62020594899997,20.949616691000074],[-98.62193810999997,20.949790851000046],[-98.63317073999997,20.943258080000078],[-98.63379974999998,20.940767830000027],[-98.63741239999996,20.938487879000036],[-98.63668254999999,20.936669880000068],[-98.64031510999996,20.93167242100003],[-98.64030164999997,20.928715450000027],[-98.64240277999994,20.928213],[-98.64446645899994,20.92575812000007],[-98.64938305099997,20.925626890000046],[-98.65007033999996,20.92205466000007],[-98.64883011999996,20.92031977000005],[-98.65054154999996,20.91890126000004],[-98.65439830999998,20.918353430000025],[-98.65440065999996,20.917326310000078],[-98.654839,20.917039620000025],[-98.65553673899996,20.918150310000044],[-98.65623710899996,20.918110630000058],[-98.65720007999994,20.918071489000056],[-98.65866536999994,20.91652509000005],[-98.66257684999994,20.918208381000056],[-98.66718208999998,20.91755733900004],[-98.67033896999999,20.919736800000067],[-98.67872330999995,20.92017715000003],[-98.68121102099997,20.924335450000058],[-98.68419396999997,20.920958050000024],[-98.68506290999994,20.917356080000047],[-98.68796336999998,20.91589055000003],[-98.68829042999994,20.90919880000007],[-98.68991671099997,20.90383771000006],[-98.69545041999999,20.90199432000003],[-98.69761451099998,20.903329520000057],[-98.69910211999996,20.902584280000042],[-98.70012745999998,20.905014660000063],[-98.70257436999998,20.903733571000032],[-98.70318061999996,20.907683650000024],[-98.70559330999998,20.911194340000065],[-98.70594133999998,20.913686060000032],[-98.70658148999996,20.914175971000077],[-98.70739488999999,20.914577570000063],[-98.70442255099994,20.927806710000027],[-98.70535853899997,20.93391494100007],[-98.70722650999994,20.938142950000042],[-98.71090070999998,20.94203857100007],[-98.71192679999996,20.947470680000038],[-98.71749616999995,20.950559430000055],[-98.72023759999996,20.97185374000003],[-98.71780657999994,20.976075601000048],[-98.72195464999999,20.987366490000056],[-98.72674630999995,20.991237510000076],[-98.73018394999997,20.998330770000052],[-98.72800311999998,21.003471770000033],[-98.72575937,21.004709020000064],[-98.72278261999998,21.00870015000004],[-98.72519688999995,21.009646020000048],[-98.73136467999996,21.01637586000004],[-98.72927607999998,21.018304090000072],[-98.72698681999998,21.028211549000048],[-98.73141742099995,21.034243290000063],[-98.73239311999998,21.039512400000035],[-98.73095250999995,21.03984082000005],[-98.73269550999999,21.041535630000055],[-98.73170693999998,21.041924540000025],[-98.73263856999995,21.04324808900003],[-98.73246805099996,21.044787151000037],[-98.73136568999996,21.04513005000007],[-98.73182103,21.04724894000003],[-98.73577388099994,21.049020580000047],[-98.73546454999996,21.05137588100007],[-98.73848188999995,21.05277939900003],[-98.73665390999997,21.05568709000005],[-98.73379177099997,21.056792490000078],[-98.73517911999994,21.05928465900007],[-98.73400233999996,21.059763110000063],[-98.73393536999998,21.059859369000037],[-98.73339505999996,21.06339538000003],[-98.73448688999997,21.06882525000003],[-98.73251867999994,21.070592890000057],[-98.73335539999994,21.070741140000052],[-98.73438904899996,21.076226940000026],[-98.73377621999998,21.080454340000074],[-98.73571708999998,21.087704029000065],[-98.73160768999998,21.093568020000077],[-98.73282319999998,21.098149170000056],[-98.730724,21.101916350000067],[-98.73073705999997,21.11558665000007],[-98.72957274999999,21.119365001000062],[-98.73040477999996,21.12147360000006],[-98.72950107899999,21.129402880000043],[-98.73235071,21.13345637900005],[-98.73339328999998,21.137048720000053],[-98.73224182999996,21.14470455000003],[-98.73280455099996,21.147830230000068],[-98.72965226099996,21.15152622000005],[-98.72574590999994,21.15323518100007],[-98.72454371999999,21.154972970000074],[-98.72781425099998,21.156360450000022],[-98.72878197999995,21.158314521000023],[-98.72437690999999,21.162338430000034],[-98.72415705099996,21.16602621900006],[-98.72102596999997,21.168524541000068],[-98.72227834999995,21.171946630000036],[-98.72032185999996,21.177107980000073],[-98.72212587999996,21.179755860000057],[-98.72158147999994,21.181533630000047],[-98.71654637999995,21.18599198000004],[-98.71464847999994,21.18344275000004],[-98.71249662999998,21.185902419000058],[-98.70617351899995,21.187005880000072]]]]}},{"type":"Feature","properties":{"id":"13017","name":"Chapantongo","slug":"chapantongo","regionId":"11","regionName":"Huichapan"},"geometry":{"type":"MultiPolygon","coordinates":[[[[-99.35080656899999,20.337982020000027],[-99.346446459,20.337123830000053],[-99.34718779799994,20.33475752000004],[-99.34565027899998,20.33242611000003],[-99.34690896999996,20.328162891000034],[-99.34642421899997,20.326430480000056],[-99.34951941999998,20.323231660000033],[-99.34913919899998,20.321137600000043],[-99.34590204899996,20.318047919000037],[-99.34238256799995,20.309698420000075],[-99.33951576899995,20.307059120000076],[-99.34236554999995,20.305744600000025],[-99.34452487999994,20.309953450000023],[-99.34661647899998,20.31047122900003],[-99.34773379799998,20.308439030000045],[-99.35040716999998,20.308618739000053],[-99.35047225999995,20.306722771000068],[-99.35039862899998,20.305382080000072],[-99.35947544899994,20.307074311000065],[-99.35737659999995,20.30273795100004],[-99.35383410999998,20.29925686100006],[-99.35128894899998,20.298325721000026],[-99.35166354899997,20.29641674000004],[-99.34973325899995,20.294568140000024],[-99.34895310899998,20.288155050000057],[-99.34176756999994,20.28277669000005],[-99.33828117099995,20.27582772100004],[-99.33684225999997,20.269739111000035],[-99.33854477999995,20.26060412100003],[-99.33666002999996,20.252757320000057],[-99.33896388999995,20.254336170000045],[-99.34253868999997,20.254042020000043],[-99.34436904999995,20.255113859000062],[-99.34671402099997,20.254156540000054],[-99.35096787999998,20.255663550000065],[-99.36316442999998,20.256355170000063],[-99.37229864999995,20.258834660000048],[-99.38447850999995,20.25475717000006],[-99.39043921999996,20.254974060000052],[-99.39183836999996,20.25762272000003],[-99.39466994999998,20.258693110000024],[-99.39464281999994,20.261918769000033],[-99.39925591999997,20.266202820000046],[-99.39906428999996,20.270215020000023],[-99.40751920099996,20.27576891500007],[-99.40931251999996,20.274785720000068],[-99.40811397999994,20.271477180000034],[-99.40857422999994,20.26759997100004],[-99.41002981999998,20.267019230000074],[-99.41122562099997,20.262817890000065],[-99.41520179999998,20.263461290000066],[-99.41385502999998,20.26827017000005],[-99.417314719,20.268658480000056],[-99.42410170999995,20.262710921000064],[-99.43700504999998,20.254658851000045],[-99.44966610999995,20.250138289000063],[-99.45139454999997,20.24887091000005],[-99.44217067999995,20.234889],[-99.44373897999998,20.230818890000023],[-99.44540561999997,20.230306720000044],[-99.44714167899997,20.22643074900003],[-99.45413294999997,20.22095132000004],[-99.45005385999997,20.214889220000032],[-99.44749381999998,20.20565397000007],[-99.45070350999998,20.198866680000037],[-99.44797307999994,20.191504450000025],[-99.44816313999996,20.19127682000004],[-99.45828427899994,20.188211850000073],[-99.45784222999998,20.182626080000034],[-99.46673259999994,20.17724603000005],[-99.46800634999994,20.171819680000056],[-99.46946476999995,20.16428177000006],[-99.47779971999995,20.168036461000042],[-99.48077264999995,20.167881372000068],[-99.48426613899994,20.170065770000065],[-99.48671914899995,20.169985680000025],[-99.48876877899994,20.163685421000025],[-99.49250890999997,20.16127558000005],[-99.49424573999994,20.158479021000062],[-99.49222134999997,20.15011663100006],[-99.49381324899997,20.15001871100003],[-99.496585569,20.155424890000063],[-99.50144896799998,20.157224779000046],[-99.50207582999997,20.158687249000025],[-99.50526714899996,20.160464620000027],[-99.52069511999997,20.193841751000036],[-99.52976616999996,20.19034043000005],[-99.52791688999997,20.19032917000004],[-99.53169067999994,20.186400090000063],[-99.53096390899998,20.18368774100003],[-99.52904209099995,20.18187118000003],[-99.53096510999995,20.178898090000075],[-99.53631236999996,20.186990770000023],[-99.53985239999997,20.187168660000054],[-99.54481832,20.19040326000004],[-99.54497247999996,20.19161254100004],[-99.54192902999995,20.195619580000027],[-99.54230850999994,20.19738534000004],[-99.54745425999994,20.200579480000044],[-99.55283099899998,20.205916140000056],[-99.55605885999995,20.20666158000006],[-99.56261605999998,20.205627250000077],[-99.56487387999994,20.208084351000025],[-99.56454027899997,20.211045110000043],[-99.55958711999995,20.222125340000048],[-99.55939124999998,20.230425851000064],[-99.56157430999997,20.239125090000073],[-99.58416688999995,20.236450020000063],[-99.59210878099998,20.236478660000046],[-99.58976430999996,20.247482150000053],[-99.58355457,20.250877780000053],[-99.58221265999998,20.250721889000033],[-99.58148384999998,20.25095125000007],[-99.58156446399994,20.251928485000064],[-99.58158579899998,20.25218712000003],[-99.57765108899997,20.255151460000036],[-99.58027348999997,20.260835820000068],[-99.58221244999999,20.261568630000056],[-99.58393219899995,20.26633486000003],[-99.58731450999994,20.270286430000056],[-99.59058247999997,20.271826480000072],[-99.57595713999996,20.279852600000027],[-99.55309931099998,20.276025030000028],[-99.55151208999996,20.274481880000053],[-99.54941471999996,20.27540589000006],[-99.54987995,20.279707660000042],[-99.55708613999997,20.291716739000037],[-99.55675248999995,20.294684880000034],[-99.55169210899999,20.296050740000055],[-99.54907564999996,20.30134811000005],[-99.54328242999998,20.303372570000022],[-99.54396421999996,20.304698060000078],[-99.54439497999994,20.305534420000072],[-99.541181,20.305837650000058],[-99.53677034899994,20.317469881000022],[-99.52912856999995,20.32699389000004],[-99.52649865899997,20.327550600000052],[-99.52375682899998,20.325463769000066],[-99.51711014899996,20.325804350000055],[-99.51530125899995,20.326913819000026],[-99.51333179899996,20.325341920000028],[-99.50448024899998,20.325458420000075],[-99.49674968999994,20.334606850000057],[-99.48031577999996,20.33139562100007],[-99.47723796799994,20.333962340000028],[-99.47479859899994,20.33259294900006],[-99.47161424899997,20.333508660000064],[-99.46372471899997,20.32880694000005],[-99.44160633899997,20.326989880000042],[-99.43993822899995,20.32642328000003],[-99.43552568899997,20.321046919000025],[-99.43324882899998,20.322441050000066],[-99.42682741899995,20.32356149000003],[-99.42487745899996,20.325044310000067],[-99.420374859,20.323686030000033],[-99.41486942899996,20.325161691000062],[-99.41236539899995,20.32390828000007],[-99.41120528899995,20.325170970000045],[-99.41071234899994,20.325691951000067],[-99.40958413199996,20.325163039000074],[-99.406038949,20.323500970000055],[-99.40366731899996,20.324910180000074],[-99.40195788799997,20.32462995000003],[-99.397163719,20.319553690000077],[-99.389252979,20.32323051000003],[-99.38662862899997,20.32573043000008],[-99.38136059899995,20.327552170000047],[-99.37970279899997,20.331682450000073],[-99.37416321799998,20.33357102100007],[-99.36987591899998,20.33798383100003],[-99.36713441899997,20.33731492000004],[-99.36346205899997,20.33931062000005],[-99.35590228899997,20.33779860100003],[-99.35177897799997,20.339351880000038],[-99.35080656899999,20.337982020000027]]]]}},{"type":"Feature","properties":{"id":"13044","name":"Nopala de Villagrán","slug":"nopala-de-villagran","regionId":"11","regionName":"Huichapan"},"geometry":{"type":"MultiPolygon","coordinates":[[[[-99.58447996999996,20.31401125000008],[-99.57723944999998,20.310014230000036],[-99.58130581999995,20.30156862000007],[-99.57793544999998,20.29880182900007],[-99.57648634999998,20.294122050000055],[-99.56738576899994,20.29507662900005],[-99.56412968099994,20.292558450000058],[-99.56504457999995,20.294134949000068],[-99.56209011899995,20.294106140000054],[-99.56220265999997,20.295359740000038],[-99.56212672099997,20.295307570000034],[-99.56027013999994,20.295323749000033],[-99.55994290999996,20.297466290000045],[-99.55675248999995,20.294684880000034],[-99.55708613999997,20.291716739000037],[-99.54987995,20.279707660000042],[-99.54941471999996,20.27540589000006],[-99.55151208999996,20.274481880000053],[-99.55309931099998,20.276025030000028],[-99.57595713999996,20.279852600000027],[-99.59058247999997,20.271826480000072],[-99.58731450999994,20.270286430000056],[-99.58393219899995,20.26633486000003],[-99.58221244999999,20.261568630000056],[-99.58027348999997,20.260835820000068],[-99.57765108899997,20.255151460000036],[-99.58158579899998,20.25218712000003],[-99.58156446399994,20.251928485000064],[-99.58148384999998,20.25095125000007],[-99.58221265999998,20.250721889000033],[-99.58355457,20.250877780000053],[-99.58976430999996,20.247482150000053],[-99.59210878099998,20.236478660000046],[-99.58416688999995,20.236450020000063],[-99.56157430999997,20.239125090000073],[-99.55939124999998,20.230425851000064],[-99.55958711999995,20.222125340000048],[-99.56504950899995,20.208428620000063],[-99.56261605999998,20.205627250000077],[-99.55605885999995,20.20666158000006],[-99.55283099899998,20.205916140000056],[-99.54745425999994,20.200579480000044],[-99.54230850999994,20.19738534000004],[-99.54192902999995,20.195619580000027],[-99.54497247999996,20.19161254100004],[-99.54481832,20.19040326000004],[-99.53985239999997,20.187168660000054],[-99.53631236999996,20.186990770000023],[-99.53096510999995,20.178898090000075],[-99.52904209099995,20.18187118000003],[-99.53096390899998,20.18368774100003],[-99.53169067999994,20.186400090000063],[-99.52791688999997,20.19032917000004],[-99.52976616999996,20.19034043000005],[-99.52069511999997,20.193841751000036],[-99.51224024899994,20.175100171000054],[-99.51749941799994,20.17568988900007],[-99.5259266,20.17329556900006],[-99.52584091899996,20.172401970000067],[-99.52569616899996,20.17068202100006],[-99.52868076999994,20.163583540000047],[-99.53181804999997,20.163778320000063],[-99.53166260099994,20.163245910000057],[-99.53156173899998,20.16294172100004],[-99.53349444999998,20.162058020000075],[-99.53469916899996,20.163935020000054],[-99.54828754699997,20.16313174100003],[-99.55040913699997,20.166405850000046],[-99.55066462899998,20.171391690000064],[-99.55927873799999,20.17075740000007],[-99.56211670999994,20.16906763000003],[-99.57057704899995,20.16913080000006],[-99.57108581899996,20.170325200000036],[-99.57141683099996,20.170217679000075],[-99.57262701999997,20.16907297000006],[-99.57256141999994,20.16425688000004],[-99.57442777999995,20.163034450000055],[-99.57626354899998,20.162091600000053],[-99.57652179999997,20.162836020000043],[-99.58140322999998,20.161997490000033],[-99.58130716999995,20.16416637900005],[-99.58260702999996,20.164443800000072],[-99.58216818099999,20.16248102000003],[-99.58418948999997,20.165975350000053],[-99.58514982899999,20.166330110000047],[-99.58675484899999,20.167285220000053],[-99.59956087999996,20.169673370000055],[-99.60143496899997,20.16690285900006],[-99.60223275099997,20.16791868000007],[-99.60651742999994,20.164362511000036],[-99.60842269499994,20.162781090000067],[-99.61172825999995,20.161469340000053],[-99.61254324999999,20.159360780000043],[-99.63060240099998,20.145694450000065],[-99.63533947999997,20.151803201000064],[-99.63612190799995,20.15815715100007],[-99.63963662199995,20.15916802000004],[-99.64099045999995,20.164229181000053],[-99.65507722999996,20.163089910000053],[-99.65778662899999,20.167859141000065],[-99.65789676799994,20.168038890000048],[-99.65675987699996,20.16912146100003],[-99.659726617,20.18082054000007],[-99.66939736999996,20.179298750000044],[-99.67694890899998,20.162470459000076],[-99.67768456999994,20.166838230000053],[-99.68208234999997,20.17058872100006],[-99.70095107699996,20.17266426200007],[-99.70351091999999,20.172148820000075],[-99.70668079799998,20.168240941000022],[-99.71068353899994,20.166227080000056],[-99.72009552099996,20.16736245000004],[-99.72321097899999,20.170483250000075],[-99.72839745999994,20.171802510000077],[-99.72918511999995,20.172047650000025],[-99.73580522999998,20.177403060000074],[-99.74033625099997,20.177957004000064],[-99.74063051999997,20.180759200000068],[-99.74269565999998,20.182395280000037],[-99.74257891999997,20.183571570000026],[-99.74554456999994,20.18432288100007],[-99.74942179999994,20.18879417000005],[-99.75042018,20.18884785000006],[-99.75132048999996,20.18891080000003],[-99.75373161999994,20.190864520000048],[-99.78842667899994,20.22311202000003],[-99.79523814099997,20.22774129000004],[-99.79353876899995,20.231400119000057],[-99.78806795099996,20.23003492500004],[-99.79041830999995,20.23799420000006],[-99.84188959999994,20.281881419000058],[-99.84397342999995,20.279705429000046],[-99.84598211899998,20.277763080000057],[-99.84438494399996,20.276331276000064],[-99.84501061999998,20.27556935000007],[-99.84570582999999,20.274856450000073],[-99.848555,20.27209588000005],[-99.84905505999996,20.271966621000047],[-99.85034356999995,20.27208348100004],[-99.84965608999994,20.271470600000043],[-99.85570370999994,20.269926001000044],[-99.85954142899999,20.26462834000006],[-99.85809965899995,20.27065150900006],[-99.83946761999994,20.289216709000073],[-99.83942167999999,20.289223079000067],[-99.83764571999995,20.288075351000032],[-99.83719666099995,20.288058679000073],[-99.83657879999998,20.288671081000075],[-99.83832451999996,20.29026691000007],[-99.83145794999996,20.297202629000026],[-99.82420154,20.291467260000047],[-99.79801819899996,20.28889552000004],[-99.79692891899998,20.286814940000056],[-99.79394404999994,20.286217540000052],[-99.79342368999994,20.286528480000072],[-99.79271296999997,20.286654370000065],[-99.79387931999997,20.288533280000024],[-99.78568285999995,20.28799360000005],[-99.77906728,20.290307490000032],[-99.76801260099995,20.28986055000007],[-99.75707737999994,20.28936286000004],[-99.74210047999998,20.28399212000005],[-99.74090897999997,20.285603279000043],[-99.74155377999995,20.28854659900003],[-99.74014223099994,20.28923191000007],[-99.74114263099995,20.29062877000007],[-99.74058814999995,20.29264033900006],[-99.73605188,20.296621750000043],[-99.73372021999995,20.296199311000066],[-99.73233410999995,20.297073260000047],[-99.73136970999997,20.300212430000045],[-99.72848337,20.299694540000075],[-99.72338073999998,20.29393598000007],[-99.72163693899995,20.293902400000036],[-99.72013134899998,20.29552600100004],[-99.71434882999995,20.294106890000023],[-99.70974504999998,20.28868926000007],[-99.71024314999994,20.285779510000054],[-99.70920271999995,20.281204089000028],[-99.70890264999997,20.28103586000003],[-99.70739684999995,20.281007620000025],[-99.70175804999997,20.28204857000003],[-99.70131301999999,20.290074400000037],[-99.69877071999997,20.290526460000024],[-99.70615842999996,20.30059895000005],[-99.70308685999998,20.30228597100006],[-99.70013408999995,20.301982400000043],[-99.70229105999994,20.303830520000076],[-99.69788445999995,20.30321402000004],[-99.69384034999996,20.30098103000006],[-99.69339170999996,20.301234400000055],[-99.69343091999997,20.30254352000003],[-99.69200834999998,20.30247238000004],[-99.67660151999996,20.300012260000074],[-99.67367884999999,20.302566400000046],[-99.67163619999997,20.299372980000044],[-99.67132777999996,20.29625825100004],[-99.66693176899997,20.291924851000033],[-99.66305642999998,20.291097380000053],[-99.65923325999995,20.286490480000055],[-99.65190185999995,20.281187600000067],[-99.64744470999995,20.279327950000038],[-99.64347230899995,20.281792820000078],[-99.63594214999995,20.28070586000007],[-99.63149694099997,20.28451084900007],[-99.62734045999997,20.28446457000007],[-99.62257533999997,20.288035920000027],[-99.61493126,20.289374830000042],[-99.61440444999994,20.292404480000073],[-99.60995394099996,20.293995110000026],[-99.60787323099999,20.29598598000007],[-99.60590808999996,20.303108510000072],[-99.60592316999998,20.30730009100006],[-99.603109481,20.309035539000035],[-99.59909905999996,20.314784830000065],[-99.59777562999994,20.314504340000042],[-99.59611157899997,20.314085431000024],[-99.58687039999995,20.32016746100004],[-99.58447996999996,20.31401125000008]]]]}},{"type":"Feature","properties":{"id":"13045","name":"Omitlán de Juárez","slug":"omitlan-de-juarez","regionId":"5","regionName":"M. de la Reforma"},"geometry":{"type":"MultiPolygon","coordinates":[[[[-98.64990476999998,20.25047574900003],[-98.63914856699995,20.247337982000033],[-98.64031624999996,20.24003920000007],[-98.64600677999994,20.23261535100005],[-98.62880107999996,20.230161171000077],[-98.62995221999995,20.227564630000074],[-98.63262913899996,20.226597860000027],[-98.62902273899994,20.207175690000042],[-98.62984551999995,20.20359723000007],[-98.63139409099995,20.20205418000006],[-98.62961137099995,20.199439151000036],[-98.62917953999994,20.189877549000073],[-98.62719768899996,20.192116290000058],[-98.62448073999997,20.193010620000052],[-98.623880451,20.197061750000046],[-98.62194421999999,20.198518230000047],[-98.61726804999995,20.195657480000023],[-98.61643969099998,20.195797751000043],[-98.61637450899997,20.195807370000068],[-98.61586687899995,20.19824809000005],[-98.61248991999997,20.199863659000073],[-98.61239717099994,20.19893054000005],[-98.61012962999996,20.19980258000004],[-98.60678036999997,20.19843337900005],[-98.60871893999996,20.196314290000032],[-98.60805290899998,20.194648090000044],[-98.61067581999998,20.184052180000037],[-98.61357174999995,20.180084890000046],[-98.61365065999996,20.17686260000005],[-98.60962206,20.177961399000026],[-98.60814322999994,20.176215600000035],[-98.60708664999999,20.175998250000077],[-98.60342356999996,20.180429461000074],[-98.60297893999996,20.17441640000004],[-98.59869214999998,20.173219920000065],[-98.59640376999994,20.175842370000055],[-98.59387339999995,20.171646880000026],[-98.59416522999999,20.169033419000073],[-98.58636273999997,20.166014260000054],[-98.58337827999998,20.170573749000027],[-98.57622082999995,20.167286320000073],[-98.57031081899999,20.17216448000005],[-98.56645038,20.171940621000033],[-98.56347808099997,20.174765371000035],[-98.56114361899995,20.179597820000026],[-98.56057482999995,20.176798080000026],[-98.55894162999994,20.176297711000075],[-98.55999467999999,20.168705060000036],[-98.55850974999998,20.160793821000027],[-98.56192401799996,20.158090770000058],[-98.56161200099996,20.14605271000005],[-98.56418045999999,20.144567250000023],[-98.56610279999995,20.136722630000065],[-98.56609249099995,20.130408550000027],[-98.57358236999994,20.121585340000024],[-98.57595053999995,20.122913460000063],[-98.58039150999997,20.121967461000054],[-98.58252341999997,20.125986261000037],[-98.58881602999998,20.12646894100004],[-98.59251130999996,20.124403691000055],[-98.594051429,20.121835581000028],[-98.60302933999998,20.11695014000003],[-98.60482268099997,20.11703525000007],[-98.61049753999998,20.132814220000057],[-98.61170065099998,20.132754490000025],[-98.61160962999998,20.130091050000033],[-98.61279015099996,20.128663220000078],[-98.62107010999995,20.130403861000048],[-98.62636308899994,20.12784578000003],[-98.63083321999994,20.129490580000038],[-98.63033314999996,20.13143531000003],[-98.63247189099997,20.131753570000058],[-98.63578251999996,20.13969005100006],[-98.63579247999996,20.139707030000068],[-98.63225751099998,20.141053800000066],[-98.63160609,20.144944370000076],[-98.63291519999996,20.147049220000042],[-98.63356459999994,20.146446370000035],[-98.63364994999995,20.146274650000066],[-98.63410070999998,20.147043421000035],[-98.64121714999999,20.146589771000038],[-98.64435522899998,20.148186120000048],[-98.64771468999999,20.147884480000073],[-98.64689438,20.145551341000044],[-98.65238801999999,20.144505770000023],[-98.65583965999997,20.147011890000044],[-98.65696639999999,20.150796290000073],[-98.66160085999996,20.153014281000026],[-98.66004010999995,20.153841879000026],[-98.66519782999995,20.160172170000067],[-98.66627055099997,20.16445428000003],[-98.66047541999995,20.165420150000045],[-98.66331821999995,20.16884875100004],[-98.65964104999995,20.17875446000005],[-98.66626519999994,20.182756650000044],[-98.66403454999994,20.18728433900003],[-98.66137483099999,20.18974657900003],[-98.66064950999998,20.192726400000026],[-98.66368458099998,20.193157690000078],[-98.66013611999995,20.199118550000037],[-98.66065936999996,20.209092180000027],[-98.65844413999997,20.21100497900005],[-98.66619457999997,20.220478289000027],[-98.67005097999998,20.22266835000005],[-98.67426776999997,20.222316],[-98.67246233999998,20.22458690900004],[-98.67243636899997,20.226917710000066],[-98.66876879899996,20.22770255000006],[-98.66662191999995,20.229405290000045],[-98.67056714999995,20.23763568000004],[-98.66848516899995,20.24163254000007],[-98.66397708999995,20.245372290000034],[-98.66397288299999,20.24536699600003],[-98.66268202999998,20.243742820000023],[-98.65774271999999,20.24736002000003],[-98.65773617299999,20.247360788000037],[-98.65394457999997,20.247805060000076],[-98.65077742999995,20.250872180000044],[-98.64990476999998,20.25047574900003]]]]}},{"type":"Feature","properties":{"id":"13046","name":"San Felipe Orizatlán","slug":"san-felipe-orizatlan","regionId":"4","regionName":"Huejutla"},"geometry":{"type":"MultiPolygon","coordinates":[[[[-98.48321137999994,21.397324981000054],[-98.48076616999998,21.39767997000007],[-98.47972282999996,21.396234570000047],[-98.48182828999995,21.389691570000025],[-98.48109139999997,21.388400820000072],[-98.47333556899997,21.391241540000067],[-98.46869708999998,21.38703262000007],[-98.46988404999996,21.383440430000064],[-98.46661004999999,21.377790780000055],[-98.46817708999998,21.377014490000022],[-98.46546345999997,21.37319190900007],[-98.46746168999994,21.37242346000005],[-98.46841911999996,21.37032983000006],[-98.46665888999996,21.368065030000025],[-98.46750511099998,21.36655365000007],[-98.46614551099998,21.365489480000065],[-98.46966741999995,21.362324510000064],[-98.46900853999995,21.358109340000055],[-98.46995976999995,21.357538910000073],[-98.46360567999994,21.350154340000074],[-98.46562071999995,21.34713437000005],[-98.47203393999996,21.346671380000032],[-98.47505496999997,21.344089220000058],[-98.47787816899995,21.343761220000033],[-98.4782684,21.347417620000044],[-98.48517775,21.350149860000045],[-98.48766527999999,21.346757341000057],[-98.49561750999999,21.340420220000055],[-98.49735694099996,21.337232719000042],[-98.49524959999997,21.331611260000045],[-98.49556691999999,21.329965770000058],[-98.50585425999998,21.319356850000077],[-98.51716925999995,21.30448817000007],[-98.52130139999997,21.298140570000044],[-98.52581109,21.287498860000028],[-98.54239406,21.269065140000066],[-98.54251653999995,21.266688049000038],[-98.54388654999997,21.265215829000056],[-98.54398172099997,21.263901231000034],[-98.53786082,21.263866090000022],[-98.51945965099998,21.248126970000044],[-98.51654337099995,21.244268951000038],[-98.52161876999998,21.243105290000074],[-98.52374041899998,21.243823339000073],[-98.52505116999998,21.242438570000047],[-98.52410231899995,21.241089060000036],[-98.52565366099998,21.23724365100003],[-98.52936731999995,21.235980750000067],[-98.53133996999998,21.233820490000028],[-98.53465869099995,21.233666490000076],[-98.53567345,21.235019140000077],[-98.53664950999996,21.23343938000005],[-98.53952053899997,21.232217260000027],[-98.54472712099994,21.22463515000004],[-98.54687981999996,21.214194521000024],[-98.55133466099994,21.21165080000003],[-98.55334367999995,21.208500249000053],[-98.55174562999997,21.204987490000065],[-98.55213287999999,21.201165630000048],[-98.54888408999994,21.202793420000035],[-98.54908025899994,21.205271220000043],[-98.54756965999997,21.205174170000078],[-98.54748297999998,21.205504510000026],[-98.54727670999995,21.20614094000007],[-98.53284965999995,21.207647850000058],[-98.53241612099998,21.20661257000006],[-98.53721203099997,21.201335310000047],[-98.53350200099999,21.196596489000058],[-98.52997176999997,21.19897229000003],[-98.52671623099997,21.19700708000005],[-98.52892298099994,21.195450550000032],[-98.52266816899999,21.18807232000006],[-98.52315131999995,21.183639580000033],[-98.52393510999997,21.183225380000067],[-98.52525739899994,21.185637860000043],[-98.52739632099997,21.185872549000067],[-98.52772168999996,21.18315860000007],[-98.52937130999999,21.182289740000044],[-98.53599621899997,21.183444550000047],[-98.53952431999994,21.182892690000074],[-98.54149516899997,21.178947080000057],[-98.54118702999995,21.17658320000004],[-98.54400856899997,21.175319770000044],[-98.54396805899995,21.173642280000024],[-98.54567390999995,21.174317570000028],[-98.54693251999998,21.172174260000077],[-98.54799994899997,21.172878140000023],[-98.55155339999999,21.16953091000005],[-98.54819505999995,21.165551120000032],[-98.54855405999996,21.163019620000057],[-98.55506014999997,21.159496170000068],[-98.55595222999995,21.157484280000062],[-98.56107625999994,21.156396579000045],[-98.56164811999997,21.153664681000066],[-98.56713671999995,21.15038011000007],[-98.56885165999995,21.145668741000065],[-98.57323770899995,21.141308921000075],[-98.58095481999999,21.137489050000056],[-98.58205546,21.129916820000062],[-98.58157401999995,21.125705340000025],[-98.58508173999996,21.120910110000068],[-98.58582797099996,21.121178430000043],[-98.58684853899996,21.121583910000027],[-98.58559916999997,21.12383968100005],[-98.58699976999998,21.12553592000006],[-98.59123451999994,21.125509540000053],[-98.59439353999994,21.123230540000066],[-98.59707688999998,21.123384060000035],[-98.59765682999995,21.123664980000058],[-98.59574446,21.127419520000046],[-98.60181199899995,21.12828195000003],[-98.60275697999998,21.130805601000077],[-98.60316053999998,21.13064956900007],[-98.60358501999997,21.130319550000024],[-98.60361809099999,21.13169317100005],[-98.60368177999999,21.13324682900003],[-98.60504468099998,21.130939820000037],[-98.60919987999995,21.128681830000062],[-98.61353430899999,21.12787337000003],[-98.61746621999998,21.12514505000007],[-98.61459584899995,21.121990630000028],[-98.61464596999997,21.101852430000065],[-98.61706059999995,21.093801050000025],[-98.62520367899998,21.094899050000038],[-98.63486442999994,21.102812091000033],[-98.64525591999995,21.106459140000027],[-98.64938714999994,21.113394911000057],[-98.65805528999994,21.120747650000055],[-98.65721104999994,21.12431957000007],[-98.65845861999998,21.125311880000027],[-98.65873402999995,21.132408739000027],[-98.66037393999994,21.135191801000076],[-98.65997833999995,21.142521260000024],[-98.66209834999995,21.142282970000053],[-98.66362771899998,21.144078850000028],[-98.66347530999997,21.150253491000058],[-98.65915436999995,21.156850020000036],[-98.67135610999998,21.158665550000023],[-98.67321081899996,21.16029762000005],[-98.67293276999999,21.16370623000006],[-98.67673650999996,21.16530472000005],[-98.67861754999996,21.167815620000056],[-98.68395536999998,21.16841843000003],[-98.68729062899996,21.166940090000026],[-98.69202408999996,21.167982031000065],[-98.69153639999996,21.16892095000003],[-98.69459945999995,21.17827009000007],[-98.69310711999998,21.179171030000077],[-98.69475361999997,21.181759121000027],[-98.69399185999998,21.18389785100004],[-98.69147025999996,21.18465488100003],[-98.69169933999996,21.188028490000022],[-98.68927863,21.189662659000078],[-98.68515276999995,21.190197140000066],[-98.68544657999996,21.19433803100003],[-98.68659833999999,21.194900852000046],[-98.68345164999994,21.197656920000043],[-98.68372850999998,21.198997921000057],[-98.68233659899994,21.200723740000058],[-98.68038984999998,21.19848023000003],[-98.67691774999997,21.199367660000064],[-98.67306431999998,21.194561350000072],[-98.66893113999998,21.19485970900007],[-98.66935088999998,21.193244950000064],[-98.66581237999998,21.189167449000024],[-98.66378251099997,21.184050580000076],[-98.66030822,21.182845821000058],[-98.65829707999995,21.182805920000078],[-98.65852468999998,21.18610522000006],[-98.65052162999996,21.180932661000043],[-98.65062533999998,21.183517949000077],[-98.64242164999996,21.18215655000006],[-98.63915168999995,21.18322986100003],[-98.63861463099994,21.184961430000044],[-98.61797654999998,21.194284880000055],[-98.60912064999997,21.200998970000057],[-98.60756974999998,21.20373415000006],[-98.60822721999995,21.207118661000038],[-98.60522610899994,21.215213351000045],[-98.60654473999995,21.216323690000024],[-98.60359211999997,21.218376340000077],[-98.60468065999999,21.22030472000006],[-98.60389997999994,21.225337370000034],[-98.60105354999996,21.232763371000033],[-98.60233515099998,21.242876480000064],[-98.59944871,21.247731060000035],[-98.60420229099998,21.249458230000073],[-98.60685351899997,21.24877568000005],[-98.60863016999997,21.25042731900004],[-98.60892490999998,21.25270400100004],[-98.60767479999998,21.25654774000003],[-98.60002153999994,21.261053659000027],[-98.60244854999996,21.26234960000005],[-98.60154451999995,21.263654940000038],[-98.60227397999995,21.26588649000007],[-98.60499568999995,21.268482170000027],[-98.60305362999998,21.27031075000008],[-98.60418237899995,21.27234235000003],[-98.60316308999995,21.271896680000054],[-98.60296041899994,21.27389732000006],[-98.60109909099998,21.274806140000067],[-98.60393957099996,21.276449350000064],[-98.60258027999998,21.279367860000036],[-98.59872636999995,21.27957628000007],[-98.59747867999994,21.282711120000045],[-98.59574456999997,21.282120829000064],[-98.59548113999995,21.284574881000026],[-98.60164857999996,21.286603081000067],[-98.59913145999997,21.292050421000056],[-98.60142596999998,21.29635189000004],[-98.60391262999997,21.29799084900003],[-98.60467325999997,21.301842030000046],[-98.60949273999995,21.299270551000063],[-98.61253133899999,21.299812691000056],[-98.61575382999996,21.30472911100003],[-98.61892090999999,21.30496252100005],[-98.62018256999994,21.30714229000006],[-98.62494693899998,21.308164050000073],[-98.62446554999997,21.309728850000056],[-98.63195919899994,21.313104320000036],[-98.64886570999994,21.31292220000006],[-98.65089701999995,21.315086550000046],[-98.65802882999998,21.318221820000076],[-98.66027150999997,21.320868200000064],[-98.67090828,21.324858780000056],[-98.67695004999996,21.33655125000007],[-98.68358273999996,21.341963940000028],[-98.68114084999996,21.344310779000068],[-98.68108336999995,21.346178490000057],[-98.67509128999995,21.34984294000003],[-98.67419379899997,21.348905970000033],[-98.67182731999998,21.348277860000053],[-98.65275014999997,21.346844180000062],[-98.65190334999994,21.35278911000006],[-98.65172702999996,21.352786421000076],[-98.64960082099998,21.352639620000048],[-98.649687971,21.354827490000048],[-98.64515976999996,21.358061690000056],[-98.64552644899999,21.35809192000005],[-98.64634808999995,21.358661690000076],[-98.64475317999995,21.360965450000037],[-98.64404664999995,21.36653946000007],[-98.64037402099996,21.365954481000074],[-98.63833779999999,21.367706061000035],[-98.63777877999996,21.364388059000078],[-98.63513230999996,21.363530570000023],[-98.63152665999996,21.365590170000075],[-98.62857602899999,21.36476440000007],[-98.62715564999996,21.359814740000047],[-98.62506451899998,21.361052090000044],[-98.62349639999996,21.364718451000044],[-98.61915785999997,21.36251586000003],[-98.62034724899996,21.361246550000033],[-98.61901314999994,21.358857030000024],[-98.61564921999997,21.36015057000003],[-98.61423281999998,21.361968880000063],[-98.61200591099998,21.359237950000022],[-98.60802821999994,21.359529380000026],[-98.606980551,21.358126420000076],[-98.60352242,21.359250060000022],[-98.60350231999996,21.35808768000004],[-98.60244178,21.357868650000057],[-98.59989701899997,21.360059910000075],[-98.59923695099997,21.358425370000077],[-98.59693527999997,21.359073520000038],[-98.59609081999997,21.36419089000003],[-98.59300157999996,21.36461828000006],[-98.59260759999995,21.366443030000028],[-98.59097001999999,21.366595940000025],[-98.59131231999999,21.36871266000003],[-98.58962013999997,21.370811460000027],[-98.59005171999996,21.372761720000028],[-98.58612285999999,21.371687490000056],[-98.58348625999997,21.37283369000005],[-98.58289257999996,21.370132170000034],[-98.58126247999996,21.36968655100003],[-98.58012037999998,21.371539600000062],[-98.58132848999998,21.372142981000025],[-98.58075013899997,21.374076910000042],[-98.57897481999998,21.373136540000075],[-98.57601144999995,21.374633690000053],[-98.57437097099995,21.37300435000003],[-98.56956222999997,21.372431620000043],[-98.56771573999998,21.370773541000062],[-98.56717391999996,21.37288194100006],[-98.56592062999994,21.372687480000025],[-98.56645342099995,21.373709150000025],[-98.56426971999997,21.37203322000005],[-98.56415262999997,21.374840540000037],[-98.56199210999995,21.37560848000004],[-98.56154004899997,21.377444969000067],[-98.55888337,21.377430140000058],[-98.556986511,21.379601310000055],[-98.55202727999995,21.37946111900004],[-98.55077788999995,21.384015060000024],[-98.54956647999995,21.38459843100003],[-98.54703237999996,21.383468780000044],[-98.54614790999995,21.380608229000075],[-98.54458267999996,21.380939941000065],[-98.54500544999996,21.384287120000067],[-98.54130022899994,21.383958],[-98.53908394999996,21.383380480000028],[-98.53929344999995,21.37908352000005],[-98.53828345999995,21.380265660000077],[-98.53603245999994,21.38037294000003],[-98.53452677999996,21.379847909000034],[-98.53525507999996,21.378739650000057],[-98.53197136999995,21.37853197000004],[-98.53105017099995,21.37763914100003],[-98.533854481,21.376510650000057],[-98.53254474999994,21.37579338000006],[-98.53360765999997,21.37446052100006],[-98.53269282999997,21.372648150000032],[-98.53087388999995,21.372517710000068],[-98.53145210999998,21.371167],[-98.52980051999998,21.371121690000052],[-98.53020639999994,21.36953217100006],[-98.52821719999997,21.36973006100004],[-98.52957830999998,21.367762260000063],[-98.52742421999994,21.367801860000043],[-98.52754910999994,21.366549320000047],[-98.52518109099998,21.366027380000048],[-98.52052002,21.368628581000053],[-98.51964625999994,21.368046720000052],[-98.52041461999994,21.364651450000054],[-98.51744450999996,21.361864711000067],[-98.51538477999998,21.361685650000027],[-98.51484609,21.365216200000077],[-98.51142579999998,21.362513140000033],[-98.50685602999994,21.366103449000036],[-98.50737904999994,21.369970980000062],[-98.50907002099996,21.370650751000028],[-98.51159157999996,21.368974260000073],[-98.51539689099997,21.370824750000054],[-98.51572057999994,21.371429830000068],[-98.51575184999996,21.372289650000027],[-98.51313073999995,21.37445285000007],[-98.51293134999997,21.377067891000024],[-98.50868261999995,21.378392919000078],[-98.50495425999998,21.381997],[-98.50713327999995,21.38573782000003],[-98.50518447999997,21.388660421000054],[-98.50292286099994,21.38935108000004],[-98.50120770999996,21.38545651000004],[-98.49717981999999,21.386059600000067],[-98.49412208899997,21.38751028100006],[-98.49129827899998,21.39198743000003],[-98.48887930999996,21.391127520000055],[-98.48692761899997,21.392386180000074],[-98.48703973899995,21.398148400000025],[-98.48321137999994,21.397324981000054]]]]}},{"type":"Feature","properties":{"id":"13047","name":"Pacula","slug":"pacula","regionId":"12","regionName":"Jacala"},"geometry":{"type":"MultiPolygon","coordinates":[[[[-99.30699293899994,21.146477229000027],[-99.30466285099999,21.144038770000066],[-99.30266436999995,21.139420720000032],[-99.29814157099997,21.141739490000077],[-99.29583882999998,21.141764571000067],[-99.28846919999995,21.135792250000065],[-99.28687159999998,21.130977080000036],[-99.28324745999998,21.131802951000054],[-99.28260104999998,21.129760059000034],[-99.28387617099997,21.125435750000065],[-99.28228576999999,21.122064910000063],[-99.27783302999995,21.12026546000004],[-99.27684504899997,21.12304085100004],[-99.275740021,21.123436170000048],[-99.27189607999998,21.121293911000066],[-99.27031157999994,21.11903508000006],[-99.27218839999995,21.114830890000064],[-99.27081021999999,21.112715370000046],[-99.26361264999997,21.11034100100005],[-99.25700249,21.104780450000078],[-99.25274039999994,21.104146120000053],[-99.24814904999994,21.101349981000055],[-99.24559882999995,21.10368243000005],[-99.24355879899997,21.10385092100006],[-99.24032561999996,21.09942804900004],[-99.24362622999996,21.095438779000062],[-99.24834662999996,21.092732139000077],[-99.24866379999997,21.089103710000074],[-99.24730721999998,21.087867259000063],[-99.24652298099994,21.08193428000004],[-99.24861488099998,21.07801954000007],[-99.24823185099996,21.074437199000045],[-99.24970204999994,21.07146558000005],[-99.25683965099995,21.06629737000003],[-99.25955294099998,21.066421370000057],[-99.26611656999995,21.060373691000052],[-99.26505330999998,21.053922460000024],[-99.26551277099998,21.04644282000004],[-99.25441483099996,21.040511740000056],[-99.24883413999999,21.040161940000075],[-99.2425874,21.035550150000063],[-99.24102114999994,21.036295090000067],[-99.23880151999998,21.031412680000074],[-99.23504170999996,21.033477090000076],[-99.23231148999997,21.036952060000033],[-99.22257663,21.032258170000034],[-99.22699405999998,21.022580660000074],[-99.23209137899994,21.02271894000006],[-99.23219574099994,21.021426620000057],[-99.23061542999994,21.017670340000052],[-99.23139697,21.01397797000004],[-99.23527266099995,21.009192920000032],[-99.23610748899995,21.008367030000045],[-99.23587250999998,21.003862309000056],[-99.23896525999999,20.999196550000022],[-99.24207673999996,20.99685338000006],[-99.24957640099996,20.99458480000004],[-99.25217819999995,20.991092060000028],[-99.25810817099995,20.988255709000043],[-99.25612324999997,20.986650170000075],[-99.25391077899997,20.986554510000076],[-99.25535082999994,20.983251949000078],[-99.25349051999996,20.982465400000024],[-99.25362565999995,20.98106204900006],[-99.25146149099999,20.98196843000005],[-99.25023954999995,20.981018680000034],[-99.24991554099995,20.978180140000063],[-99.24791797999995,20.980296289000023],[-99.24527206,20.980913],[-99.24351480099995,20.97838340000004],[-99.24469947999995,20.977607551000062],[-99.24402625,20.975809119000075],[-99.24705023099995,20.975208030000033],[-99.24615425999997,20.973838430000058],[-99.24723921999998,20.972089120000078],[-99.24675102999998,20.968568880000078],[-99.24435022999995,20.965908890000037],[-99.24011674999997,20.965466580000054],[-99.23626107999996,20.962526510000032],[-99.23318593999994,20.96165251000008],[-99.23051697999995,20.956190511000045],[-99.23048434999998,20.950308859000074],[-99.22492862899998,20.94558729000005],[-99.22337684799999,20.942736849000028],[-99.23055113999999,20.936256780000065],[-99.23183034899995,20.93231662000005],[-99.23607571899998,20.929821310000023],[-99.23338301899997,20.92549905000004],[-99.238686079,20.916742490000047],[-99.24449317899996,20.91191844900004],[-99.24540454999999,20.911752550000074],[-99.246421979,20.912113170000055],[-99.25056516899997,20.915563400000053],[-99.25362404999998,20.920496370000023],[-99.26681301799994,20.927236710000045],[-99.26732462899997,20.926230910000072],[-99.26775910899994,20.925308770000072],[-99.26465253899994,20.919905740000047],[-99.26298902899998,20.909789370000055],[-99.25508344899998,20.899473819000036],[-99.26221573899994,20.89573438000008],[-99.26875224999998,20.89384184900007],[-99.27296379799998,20.890698620000023],[-99.27896302,20.888490630000035],[-99.28353224899996,20.88483782000003],[-99.29092444899999,20.88939029000005],[-99.29301714899998,20.887440170000048],[-99.29299562899996,20.885001549000037],[-99.29612571899997,20.88485471000007],[-99.29588059999998,20.88224905000004],[-99.30067337899999,20.881043479000027],[-99.300700109,20.87826178000006],[-99.30159202999994,20.876692250000076],[-99.30299111799997,20.87699168000006],[-99.30271331999995,20.875608570000054],[-99.30575942799999,20.87068724900007],[-99.30545388999997,20.867530480000028],[-99.30692717899996,20.86649729000004],[-99.30591462899997,20.86521022100004],[-99.30883744899995,20.863369771000066],[-99.30857073899995,20.862165090000076],[-99.31173804899998,20.85852569000002],[-99.31672857899997,20.861008850000076],[-99.31936227999995,20.866655630000025],[-99.32209344899996,20.869558830000074],[-99.32434904899998,20.86880922000006],[-99.32535465899997,20.869097830000044],[-99.32598630899997,20.869485230000066],[-99.32732081899997,20.866614050000067],[-99.33466373899995,20.863524770000026],[-99.33447976899998,20.867986021000036],[-99.33604441899996,20.868543690000024],[-99.33640259899994,20.869119820000037],[-99.33656211899995,20.871018680000077],[-99.33475341899998,20.872263350000026],[-99.33429391899995,20.87665578000008],[-99.33789311899994,20.880564940000056],[-99.33375697899999,20.88498436900005],[-99.33384888899997,20.88977323000006],[-99.335883519,20.890109],[-99.33801345899997,20.892244620000042],[-99.34015302999995,20.89179297000004],[-99.34184604899997,20.894422200000065],[-99.34449282899999,20.89409132000003],[-99.34911882899996,20.897439620000057],[-99.35369285899998,20.897328739000045],[-99.35776671899998,20.89588131000005],[-99.35643290899998,20.895177449000073],[-99.35671881899998,20.895042490000037],[-99.36302336899996,20.893757771000026],[-99.36383754899998,20.892748020000056],[-99.36288765899997,20.89069311000003],[-99.35993025899995,20.88856485100007],[-99.36046934899997,20.885955661000025],[-99.36519542899998,20.88633157000004],[-99.37059702899995,20.881164400000046],[-99.37250590899998,20.881180090000043],[-99.37248491899999,20.882852999000022],[-99.37565447999998,20.884086550000063],[-99.37503182999995,20.885164290000034],[-99.37829631899996,20.886973600000033],[-99.37770482999997,20.888498781000067],[-99.38240331799994,20.889977480000027],[-99.39156824899999,20.91173992000006],[-99.39426341899997,20.910209980000047],[-99.39622665899998,20.91271129000006],[-99.39623528899995,20.916544180000074],[-99.39643825899998,20.916640140000027],[-99.39805947899998,20.91649369000004],[-99.39795664999997,20.917690311000058],[-99.40144159899995,20.918947290000062],[-99.40381807799997,20.918645370000036],[-99.40386530899997,20.919842321000033],[-99.40146445,20.920826340000076],[-99.40011517799996,20.925132980000058],[-99.40080214899996,20.926873940000064],[-99.40126642899997,20.92712589000007],[-99.40237474899999,20.926748],[-99.40435705099998,20.929149880000068],[-99.40239294099996,20.93112995000007],[-99.40251942999998,20.93453013900006],[-99.40395591899994,20.93585371000006],[-99.40455554,20.934372970000027],[-99.40633173999998,20.933980570000074],[-99.40760607999994,20.935580170000037],[-99.40655448099994,20.937819940000054],[-99.40159547999997,20.939685110000028],[-99.40087682999996,20.942049030000078],[-99.39769787999995,20.94314077000007],[-99.39062601999996,20.952274320000072],[-99.39274781899996,20.95827335000007],[-99.39124565999998,20.963512539000078],[-99.38827884999995,20.96619837000003],[-99.39474110999998,20.973076740000067],[-99.39632911999996,20.981086881000067],[-99.39343520099999,20.982702480000057],[-99.39126436999999,20.986676630000034],[-99.393656,20.990355340000065],[-99.39217962999999,20.992966140000078],[-99.39188974099994,20.99747448900007],[-99.38965234999995,21.000376980000055],[-99.38995451999995,21.00413838000003],[-99.38404916999997,21.007415601000048],[-99.38324236899996,21.012231771000074],[-99.38469848999995,21.014138400000036],[-99.38503677899996,21.017457140000033],[-99.38299322999995,21.019203341000036],[-99.37732171899995,21.020976490000066],[-99.37689362999998,21.02318351200006],[-99.37516187899996,21.024329480000063],[-99.36856202899997,21.024518881000063],[-99.36817791999994,21.02982189000005],[-99.36646734999994,21.033825231000037],[-99.36750264999995,21.037489249000032],[-99.36324590899994,21.041728891000048],[-99.36475019999995,21.043779720000032],[-99.36416645899999,21.049155910000025],[-99.36788947899998,21.049537181000062],[-99.37191228999995,21.05584426000007],[-99.37582574899994,21.05558154000005],[-99.37707901999994,21.05661505100005],[-99.37670770899996,21.05938038000005],[-99.37358430899997,21.062143201000026],[-99.36937381899997,21.060844022000026],[-99.36822631899997,21.06183001900007],[-99.36628193899998,21.066154941000036],[-99.36743745899997,21.069479690000037],[-99.37232168999998,21.07328331100007],[-99.37581482999997,21.073367911000048],[-99.38418854899999,21.06785534000005],[-99.38767319999994,21.067827231000024],[-99.38959451899996,21.07183457900004],[-99.38802616999999,21.076455320000036],[-99.38881828899997,21.079267291000065],[-99.39077471999997,21.08012695000008],[-99.39433374899994,21.07937792000007],[-99.39449402899999,21.085250462000033],[-99.39867017799997,21.089007510000044],[-99.39826341999998,21.091241911000054],[-99.39953684799997,21.095248250000054],[-99.39704401999995,21.09835798000006],[-99.39750890899995,21.10180112100005],[-99.39149233999996,21.100996920000057],[-99.38847277999997,21.104114820000063],[-99.38213983099996,21.101305909000075],[-99.37931182999995,21.101774120000073],[-99.37691657,21.09822089000005],[-99.37184421999996,21.10175988000003],[-99.366762769,21.101947970000026],[-99.36099414899996,21.104784261000077],[-99.35876282899994,21.099659260000067],[-99.35325985999998,21.10291765000005],[-99.34635966099995,21.10087666100003],[-99.34397501899997,21.107269600000052],[-99.341157249,21.110111020000033],[-99.34386937999994,21.114549260000047],[-99.34182842899997,21.12365968000006],[-99.33760877999998,21.126109350000036],[-99.33588402099997,21.130260320000048],[-99.33108791999996,21.130145260000063],[-99.32538691999997,21.134035250000068],[-99.32329366,21.139579280000078],[-99.31802127999998,21.141821909000043],[-99.31291462099995,21.146182680000038],[-99.30920564999997,21.147299650000036],[-99.30699293899994,21.146477229000027]]]]}},{"type":"Feature","properties":{"id":"13048","name":"Pachuca de Soto","slug":"pachuca-de-soto","regionId":"3","regionName":"Pachuca"},"geometry":{"type":"MultiPolygon","coordinates":[[[[-98.723607169,20.181981431000054],[-98.71817691999996,20.181766890000063],[-98.71354701999996,20.183612581000034],[-98.71122742999995,20.17956280100003],[-98.70740872099998,20.177066250000053],[-98.70253974999997,20.175698280000063],[-98.70258927899994,20.157104981000032],[-98.70174385099995,20.153378631000066],[-98.69693502099994,20.152836981000064],[-98.69637762899998,20.15277357100007],[-98.69247591899995,20.149234621000062],[-98.69212694099997,20.145215491000044],[-98.69451865999997,20.142474771000025],[-98.69529179899996,20.137600341000052],[-98.69866617999998,20.135908881000034],[-98.699914289,20.13289283100005],[-98.70249741999999,20.134149921000073],[-98.70348173899998,20.132550741000045],[-98.70673545999995,20.132711481000058],[-98.70790068999997,20.134579461000044],[-98.71140394899999,20.13077355100006],[-98.71575756899995,20.13068288100004],[-98.71580539099995,20.124761832000047],[-98.71115931099996,20.12509755900004],[-98.71373953099999,20.120908993000057],[-98.71219672599995,20.11729355800003],[-98.71542157499994,20.11308420200004],[-98.71799831399994,20.105013776000078],[-98.71948249299999,20.10415405400005],[-98.72238025199994,20.110610370000074],[-98.72884510799997,20.101920964000044],[-98.73082560999995,20.096925886000065],[-98.73187792799996,20.094439409000074],[-98.73432456099994,20.09544717700004],[-98.73876954299999,20.08757690500005],[-98.74110266599996,20.085976135000067],[-98.74961633799995,20.089823057000046],[-98.75146942699996,20.078363178000075],[-98.75544464999996,20.075038178000057],[-98.760094843,20.067186856000035],[-98.76883739799996,20.069972060000055],[-98.77765448799994,20.058222839000052],[-98.76809612699998,20.051954918000035],[-98.77624050399999,20.034213702000045],[-98.77231020899995,20.03204938300007],[-98.77395634199996,20.02348945800003],[-98.79682477199998,20.035185309000042],[-98.80096846499998,20.02769209400003],[-98.82243745099998,20.038676734000035],[-98.83025648999995,20.029352150000022],[-98.83274327999999,20.033765260000052],[-98.83275744799994,20.036020250000036],[-98.83714139199998,20.038008310000066],[-98.83700162099996,20.042042449000064],[-98.84259277999996,20.04019074000007],[-98.84417062899996,20.040991262000034],[-98.85009539999999,20.034643481000046],[-98.85532364899996,20.044367480000062],[-98.85388697899998,20.044390581000073],[-98.85706936899999,20.04663737900006],[-98.85519365899995,20.047784351000075],[-98.85516422999996,20.047876021000036],[-98.85733582899996,20.049543850000077],[-98.85669711099996,20.051523820000057],[-98.84680634999995,20.04934606100005],[-98.84111070999995,20.051452940000047],[-98.84811456999995,20.05645665000003],[-98.85096225999996,20.060162880000064],[-98.85188631899996,20.05978489100005],[-98.85265599899998,20.068143631000055],[-98.85379474899997,20.07014440000006],[-98.860901889,20.074018970000054],[-98.86429824899994,20.07944180000004],[-98.85586619999998,20.086947880000025],[-98.85344976999994,20.090529461000074],[-98.85112982899994,20.09754214000003],[-98.85212368899994,20.098813180000036],[-98.85163565899995,20.100189150000062],[-98.85066065999996,20.099945981000076],[-98.84924637899996,20.10231562100006],[-98.85232977899994,20.106203710000045],[-98.85682936899997,20.108318951000058],[-98.85934034999997,20.111558341000034],[-98.85408917799998,20.114755780000053],[-98.84836081899994,20.121044030000064],[-98.84539471099998,20.120872769000073],[-98.84382508099998,20.123525620000066],[-98.84451422999996,20.124369581000053],[-98.84243013899999,20.124468970000066],[-98.83452381899997,20.118770261000066],[-98.83033277899995,20.11707969100007],[-98.82601276999998,20.116895631000034],[-98.82920365899997,20.12023012000003],[-98.82802531999994,20.12171494100005],[-98.82814377999995,20.127517820000037],[-98.83248148999996,20.132606800000076],[-98.83365596999994,20.132757540000057],[-98.83435247999995,20.13288366100005],[-98.83446337999999,20.13579892000007],[-98.83308666,20.136522829000057],[-98.83314248,20.13834857100005],[-98.82373417999997,20.139284631000066],[-98.82251727899995,20.137011200000074],[-98.82200296899998,20.13963822000005],[-98.81735168899996,20.140415850000068],[-98.815043431,20.13939017200005],[-98.81477042999995,20.140837281000074],[-98.80922414999998,20.141040020000048],[-98.80877647899996,20.134800420000033],[-98.81129802999999,20.131015970000078],[-98.80123039999995,20.123788580000053],[-98.78840627899996,20.134924020000028],[-98.78872937899996,20.137343541000064],[-98.787741,20.13800492100006],[-98.78695113899994,20.14287229000007],[-98.77749681999995,20.14589108000007],[-98.77302262099994,20.14927411000002],[-98.75697325899995,20.146806280000078],[-98.74832348999996,20.144320650000054],[-98.74872935099995,20.150802051000028],[-98.74763901899996,20.151607540000043],[-98.74950850799996,20.154720620000035],[-98.74812579999997,20.163484950000054],[-98.73757367899998,20.18152334000007],[-98.73110012099994,20.181353170000023],[-98.73099534099998,20.181373911000037],[-98.73099101899999,20.183899261000022],[-98.73110541799997,20.185362660000067],[-98.723607169,20.181981431000054]]]]}},{"type":"Feature","properties":{"id":"13049","name":"Pisaflores","slug":"pisaflores","regionId":"12","regionName":"Jacala"},"geometry":{"type":"MultiPolygon","coordinates":[[[[-98.94442322999998,21.309407570000076],[-98.94028330999998,21.294602459000032],[-98.93258013999997,21.298294889000033],[-98.929277,21.292729449000035],[-98.92821291999996,21.282773750000047],[-98.92648390999994,21.278667320000068],[-98.92794079899994,21.268741951000038],[-98.92514945899995,21.265203661000044],[-98.92133777999999,21.263216020000073],[-98.92215653999995,21.258689080000067],[-98.91772881999998,21.255501079000055],[-98.91798685999998,21.25155243000006],[-98.92287341999997,21.246731090000026],[-98.91910031999998,21.242759781000075],[-98.91781810999998,21.239754550000043],[-98.91298741999998,21.24003187900007],[-98.91236776999995,21.24155051100007],[-98.91130757999997,21.24061097200007],[-98.91027551999997,21.241936060000057],[-98.90924502999997,21.240665111000055],[-98.90280777999999,21.238397461000034],[-98.90044957999999,21.23999789000004],[-98.89924417999998,21.23604791100007],[-98.90143316999996,21.23594742100005],[-98.90155131999995,21.235505620000026],[-98.90149262999995,21.23514655100007],[-98.89860667999994,21.232963080000047],[-98.89888821999995,21.23127014100004],[-98.90781187999994,21.232793171000026],[-98.91526940099999,21.226316750000024],[-98.91508090999997,21.225193771000022],[-98.91422408999995,21.22429488000006],[-98.90637410899996,21.223136031000024],[-98.90365664899997,21.213595420000047],[-98.90456691999998,21.211061980000068],[-98.90856874999997,21.209316541000078],[-98.91476514999994,21.208741089000057],[-98.91507053999999,21.20710383000005],[-98.91355907999997,21.20406328100006],[-98.91468842999996,21.202233250000063],[-98.922885851,21.206450260000054],[-98.92369393899997,21.204315],[-98.92128795099995,21.19890212000007],[-98.92190896999995,21.197215950000043],[-98.92674753999995,21.198846020000076],[-98.93546421999997,21.19875251900004],[-98.93604031999996,21.19557885000006],[-98.93437897999996,21.191920370000048],[-98.93525265999995,21.19024297900006],[-98.94842593899995,21.189073721000057],[-98.95384596999997,21.187525600000072],[-98.95522493899995,21.18601495100006],[-98.95516651999998,21.18516666000005],[-98.95156945099995,21.184433050000052],[-98.94690370999996,21.18590258000006],[-98.94496040099995,21.183113081000045],[-98.94602074899996,21.18007557100003],[-98.95051925899998,21.181095551000055],[-98.95536141999997,21.177462540000022],[-98.95823765999995,21.17669065000007],[-98.95999521899995,21.18219103000007],[-98.96743950999996,21.184903260000056],[-98.97465784999997,21.180799570000033],[-98.98214051999997,21.182092260000047],[-98.98766659999995,21.17964894000005],[-98.99081679999995,21.180914080000036],[-98.99893694899998,21.180935460000057],[-99.00115205999998,21.17893242100007],[-99.00023996999994,21.172787890000052],[-98.99385994999994,21.17061928000004],[-98.99215537999999,21.16745186000003],[-98.99341117999995,21.166101710000078],[-98.99638853999994,21.165880350000066],[-98.99931861999994,21.16871494000003],[-99.00451376999996,21.169531250000034],[-99.01251023099996,21.16670343000004],[-99.01498444999999,21.167040460000067],[-99.01803563099998,21.158249110000042],[-99.01958198099999,21.157305230000077],[-99.02255341999995,21.158193340000025],[-99.02217190999994,21.160884279000072],[-99.02372184999996,21.166397850000067],[-99.02760127999994,21.167051951000076],[-99.03054305099994,21.164988220000055],[-99.02799322099997,21.15852183000004],[-99.02935477099999,21.154815089000067],[-99.03987657,21.15116474000007],[-99.04771813999997,21.152931740000042],[-99.05090053899994,21.151950370000066],[-99.05478793999998,21.159439090000035],[-99.05386285999998,21.161380660000077],[-99.05444130999996,21.163617550000026],[-99.05346264999997,21.163982710000028],[-99.05410831999995,21.165535661000035],[-99.05205091999994,21.166516140000056],[-99.05243302999997,21.16783006000003],[-99.05091904999995,21.167488890000072],[-99.04859043,21.169811550000077],[-99.04836616999995,21.172407819000057],[-99.04666636999997,21.17410848000003],[-99.04795196999999,21.17496846000006],[-99.04718139999994,21.176930280000022],[-99.04793454999998,21.177928080000072],[-99.04307984999997,21.178677250000078],[-99.05043873999995,21.209856030000026],[-99.05094430999998,21.211385180000036],[-99.05255708999994,21.21280708000006],[-99.05194327999999,21.21844892000007],[-99.05237048999999,21.219515580000063],[-99.05607053999995,21.22235917000006],[-99.06311408999994,21.22340969000004],[-99.06536620099996,21.222542050000072],[-99.06835447999998,21.223918780000076],[-99.07353210799994,21.230425285000024],[-99.07373116999997,21.235776860000044],[-99.07344782999996,21.238811680000026],[-99.06994049099995,21.243058150000024],[-99.05680176999994,21.246971681000048],[-99.05549801999996,21.248238939000032],[-99.05542782999999,21.25048368100005],[-99.05117673999996,21.253429680000067],[-99.05234397999999,21.269990860000064],[-99.05062985999996,21.274700909000046],[-99.05324381999998,21.281631350000055],[-99.05513849,21.282538480000028],[-99.04984936999995,21.283193200000028],[-99.04879005999999,21.281432450000068],[-99.04652513999997,21.282129231000056],[-99.04667694999995,21.27967465000006],[-99.04345337999996,21.279433020000056],[-99.04270910999998,21.281555600000047],[-99.04036673999997,21.28230637000007],[-99.03933031999998,21.28421343100007],[-99.03713265999994,21.282570820000046],[-99.03192157999996,21.28595991000003],[-99.03024491999997,21.28392038000004],[-99.02879710999997,21.28563668000004],[-99.02706964999999,21.285514540000065],[-99.026021889,21.287226200000077],[-99.02334196899994,21.287158970000064],[-99.02054048999997,21.291236620000063],[-99.01541256999997,21.29260622000004],[-99.01278451099995,21.29537091000003],[-99.00882845099994,21.295331150000038],[-99.00227936999994,21.297957691000022],[-98.99574077999995,21.297737090000055],[-98.99296245999994,21.299479060000067],[-98.98942511999996,21.297496570000078],[-98.98188427899998,21.29842737000007],[-98.97785545999994,21.296418020000033],[-98.97455371999996,21.29745877000005],[-98.97571539999996,21.300345770000035],[-98.97483776999997,21.30308485000006],[-98.97003533999998,21.304386860000022],[-98.96940728099997,21.306102120000048],[-98.96795902999997,21.305420080000033],[-98.96485205,21.306915850000053],[-98.96249808999994,21.30245947900005],[-98.95966667999994,21.30344070900003],[-98.95651354999995,21.301804050000044],[-98.95511131999996,21.303136720000055],[-98.95461758,21.306685620000053],[-98.95259662899997,21.306818880000037],[-98.95316808099994,21.308773],[-98.95086387999999,21.30868730900005],[-98.94496075099994,21.311336580000045],[-98.94469197899997,21.310372081000025],[-98.94442322999998,21.309407570000076]]]]}},{"type":"Feature","properties":{"id":"13077","name":"Tulancingo de Bravo","slug":"tulancingo-de-bravo","regionId":"2","regionName":"Tulancingo"},"geometry":{"type":"MultiPolygon","coordinates":[[[[-98.28936714999998,20.212298490000023],[-98.28337014799996,20.205235091000077],[-98.27879808999995,20.208805650000045],[-98.27583305899998,20.205441619000055],[-98.27698501999998,20.20249498000004],[-98.27217453999998,20.19682880000005],[-98.28043501999997,20.192093111000077],[-98.28495484899997,20.194582370000035],[-98.28765201999994,20.19413018000006],[-98.28888839899997,20.195595511000022],[-98.29266026,20.193367660000035],[-98.29118865899994,20.19091209100003],[-98.29070877999999,20.185003110000025],[-98.28711871899998,20.184686342000077],[-98.28388765899996,20.18209820100003],[-98.29031148899998,20.17813909000006],[-98.29027956899995,20.178028780000034],[-98.29027084999996,20.176826911000035],[-98.28782710899998,20.17408406000004],[-98.28238085099997,20.17643563100006],[-98.27776988999995,20.163009921000025],[-98.27688433799995,20.162757679000038],[-98.27562261899999,20.166587479000043],[-98.27218383099995,20.167785940000044],[-98.26830972,20.155815521000022],[-98.26403288899996,20.15510431000007],[-98.26174869,20.152251401000058],[-98.25680325999997,20.14958469100003],[-98.25603564899995,20.14712362000006],[-98.25227164999995,20.143433850000065],[-98.25245853999996,20.138679110000055],[-98.25062461899995,20.13775258000004],[-98.24839165999998,20.13252654000007],[-98.24665681899995,20.130995951000045],[-98.24748277999998,20.110592050000037],[-98.25230605899998,20.11106448000004],[-98.25457225799994,20.109387080000033],[-98.25456568899995,20.10247437000004],[-98.25616557899997,20.100559710000027],[-98.26059404899996,20.101509140000076],[-98.26360670899999,20.095531679000032],[-98.26408645899994,20.09495706000007],[-98.27063548999996,20.09591694100004],[-98.27845691899995,20.089412751000054],[-98.28382976899996,20.091797951000046],[-98.28426276999994,20.089071051000076],[-98.28513811999994,20.087800350000066],[-98.28581417899994,20.087292150000053],[-98.28733674999995,20.089913830000057],[-98.28814745999995,20.090257880000024],[-98.28891476999996,20.090218350000043],[-98.29066378099998,20.08785423100005],[-98.29371628999996,20.091570770000033],[-98.29996217999997,20.092997371000024],[-98.30539704999995,20.096731350000027],[-98.30598410899995,20.09607935100007],[-98.30755562999997,20.097112620000075],[-98.30828073999999,20.093819629000052],[-98.31018394899996,20.09343614200003],[-98.31196546099994,20.091099691000068],[-98.31307373999994,20.09338975000003],[-98.31766861999995,20.094315951000056],[-98.31770425999997,20.095821542000067],[-98.31816251899994,20.095939550000026],[-98.31887616999995,20.096000221000054],[-98.31939597799999,20.09419622100006],[-98.32360934899998,20.09616548100007],[-98.32622693999997,20.093162950000078],[-98.32584704899995,20.090614710000068],[-98.32540464999994,20.08771451900003],[-98.32854770899996,20.086656250000033],[-98.32744954999998,20.084062150000022],[-98.32789277099994,20.08338383000006],[-98.32789368999994,20.083697181000048],[-98.32942527899996,20.084668600000043],[-98.33080722899996,20.083517119000078],[-98.33018779899999,20.08048075000005],[-98.33202716999995,20.075340251000057],[-98.33120708999996,20.07506488000007],[-98.33104726,20.074098089000074],[-98.33687576999995,20.067475890000026],[-98.34257588999998,20.06315511100007],[-98.34259049099995,20.061906710000073],[-98.34494896799998,20.06410414000004],[-98.34537543,20.066397230000064],[-98.34995887999997,20.064582150000035],[-98.35554405999994,20.064676571000064],[-98.35852351999995,20.06817663100003],[-98.35820701899996,20.066423620000023],[-98.36417562799994,20.066012940000064],[-98.36041237999996,20.05809185100003],[-98.35981530899994,20.053729952000026],[-98.36039271999994,20.053634012000032],[-98.36061602099994,20.053596911000056],[-98.36283485999996,20.05743540000003],[-98.36709376999994,20.058431770000027],[-98.37028345899995,20.061614741000028],[-98.37559285899994,20.06181457100007],[-98.37788971899994,20.056347801000072],[-98.38435122799996,20.06232926000007],[-98.40028290999999,20.064948770000058],[-98.40222817999995,20.063261020000027],[-98.406108169,20.068339182000045],[-98.40581468899995,20.069573341000023],[-98.40168576899998,20.070247890000076],[-98.40390933899994,20.080805260000034],[-98.40837321999999,20.08036240000007],[-98.40892259899994,20.079452180000033],[-98.40846184999998,20.069100091000053],[-98.432547,20.06556278000005],[-98.44262267899995,20.061810571000024],[-98.44524354999999,20.062027311000065],[-98.46002460099999,20.052173751000055],[-98.46347922899997,20.05566900100007],[-98.46223250899999,20.056383021000045],[-98.48207036999997,20.057042461000037],[-98.48056034999996,20.05829243100004],[-98.48080379899994,20.064479981000034],[-98.49674231899996,20.064677481000047],[-98.49526377899997,20.06704934100003],[-98.49933051999994,20.06997455100003],[-98.49994831099997,20.075237111000035],[-98.50215673899999,20.078541551000058],[-98.50192027999998,20.081940771000063],[-98.50021157899994,20.080505321000032],[-98.49317748999994,20.080802821000077],[-98.49165431899996,20.076956401000075],[-98.48274894999997,20.071789911000053],[-98.47975404999994,20.076819171000068],[-98.47507507899996,20.074782373000062],[-98.46718894099996,20.08128080000006],[-98.46416237999995,20.08511025000007],[-98.46029941899997,20.086451820000036],[-98.45913701899997,20.089976541000055],[-98.45397501899998,20.093698820000043],[-98.45358301999994,20.096408540000027],[-98.44861682899995,20.100362690000054],[-98.444046201,20.107533001000036],[-98.43245234899996,20.115852691000043],[-98.42557216999995,20.119499689000065],[-98.42132397999995,20.120038201000057],[-98.42242924899995,20.122022150000078],[-98.40438905899998,20.136298280000062],[-98.39748290899996,20.130281941000078],[-98.38965188999998,20.131551740000077],[-98.38519528899997,20.12627438000004],[-98.38565882899996,20.133866371000067],[-98.38040114999995,20.138426551000066],[-98.37742541899996,20.139474680000035],[-98.37593119899998,20.14183335100006],[-98.37220045899994,20.14035607900007],[-98.36939974999996,20.14061122000004],[-98.37927885,20.16258234000003],[-98.37795687999994,20.172249371000078],[-98.37452494899998,20.17694502100005],[-98.37483504999994,20.178922399000044],[-98.37092067899994,20.179534681000064],[-98.36864699899996,20.182120431000044],[-98.37015908999996,20.184840721000057],[-98.36994521999998,20.187744980000048],[-98.37246391999997,20.190821751000044],[-98.36850587999999,20.196062280000035],[-98.36929122999999,20.196611741000027],[-98.36765616899999,20.197458080000047],[-98.36739128899995,20.204763121000042],[-98.37238141799997,20.20506548000003],[-98.37519111899996,20.20523215000003],[-98.37514405999997,20.20894788100003],[-98.36445147799998,20.209009321000053],[-98.36118233899998,20.20709278100003],[-98.36125230899995,20.205752981000046],[-98.36012735099996,20.205908030000046],[-98.35935265099994,20.20430471000003],[-98.35561922899996,20.203808141000025],[-98.35559390799995,20.201892031000057],[-98.35460934999998,20.20222548000004],[-98.33374285899998,20.188183200000026],[-98.33018913899997,20.206940831000054],[-98.31459750999994,20.196936090000065],[-98.31094228899997,20.193373421000047],[-98.30157888999997,20.205591079000044],[-98.29903985899995,20.202523690000078],[-98.28936714999998,20.212298490000023]]]]}},{"type":"Feature","properties":{"id":"13018","name":"Chapulhuacán","slug":"chapulhuacan","regionId":"12","regionName":"Jacala"},"geometry":{"type":"MultiPolygon","coordinates":[[[[-98.89542350999994,21.203895940000052],[-98.88527144999995,21.196444550000024],[-98.88512588999998,21.196339860000023],[-98.88565260099995,21.195122912000045],[-98.88379048999997,21.193464622000022],[-98.882896771,21.192612600000075],[-98.88265881999996,21.17961088000004],[-98.88000747999996,21.17926435000004],[-98.87469730999999,21.180896620000055],[-98.87266256999999,21.18327198000003],[-98.86375308899994,21.18836938000004],[-98.85739979999994,21.18926422100003],[-98.85457570999995,21.18729083000005],[-98.85644097999995,21.184125720000054],[-98.85559887999995,21.180096151000043],[-98.85209533899996,21.176799290000076],[-98.84794905999996,21.174710250000032],[-98.84706725999996,21.176619661000075],[-98.84635188899995,21.173970541000074],[-98.84388430999996,21.172145370000067],[-98.84362958099996,21.170704080000064],[-98.84049154999997,21.169080031000078],[-98.83756969099994,21.170550970000022],[-98.83254848999997,21.167075510000075],[-98.82928117999995,21.166679180000074],[-98.82848310999998,21.16352218000003],[-98.82453713999996,21.161248139000065],[-98.83138884999994,21.159440580000023],[-98.83467908999995,21.162333430000047],[-98.83860337999994,21.16223872000006],[-98.83977942999996,21.161878880000074],[-98.84377144999996,21.15550120000006],[-98.84392528099994,21.148631369000043],[-98.84049302999995,21.137403980000045],[-98.84057579999995,21.13445229000007],[-98.84763825999994,21.133251020000046],[-98.85717665099997,21.137431250000077],[-98.86707834999999,21.137070920000042],[-98.86875748999995,21.141515979000076],[-98.87101844999995,21.14202240000003],[-98.87467568999995,21.140671250000025],[-98.88185248999997,21.133754800000077],[-98.88260596999999,21.13191795000006],[-98.88137349099998,21.129509910000024],[-98.87497508999996,21.128164620000064],[-98.86940947999994,21.123176510000064],[-98.87280510999994,21.118630720000056],[-98.87820708099997,21.119039910000026],[-98.87920628899997,21.117493830000058],[-98.87822024999997,21.114682170000037],[-98.87395864899997,21.109991860000036],[-98.87162134999994,21.10360460000004],[-98.87330848899995,21.103669920000073],[-98.87870968999994,21.109427910000022],[-98.88197794899997,21.110601951000035],[-98.89008805999998,21.10559445000007],[-98.89036409099998,21.09850109000007],[-98.89235301999997,21.096657340000036],[-98.90061267999994,21.09504503000005],[-98.90371308999994,21.100200080000036],[-98.90628768999994,21.101153340000053],[-98.91203465999996,21.096654570000055],[-98.91716165999998,21.098550750000072],[-98.91792039999996,21.098497090000023],[-98.91877554099995,21.09794414000004],[-98.92097633999998,21.094797370000038],[-98.92797602999997,21.089832880000074],[-98.92850547999996,21.08759728900003],[-98.92700412,21.083291690000067],[-98.92905584999994,21.078688150000062],[-98.93191291899996,21.07618228000007],[-98.93707508999995,21.075709490000065],[-98.93749904999999,21.071814149000033],[-98.94377377999996,21.065484110000057],[-98.94626196999997,21.046881860000042],[-98.95484217999996,21.041410060000032],[-98.95807602899998,21.04205318100003],[-98.95897708899997,21.04461745900005],[-98.95941976999995,21.04484346000004],[-98.96150774999995,21.045031250000022],[-98.96061065999999,21.04992371000003],[-98.96278787999995,21.05171702000007],[-98.96511097099994,21.05083245000003],[-98.96895901999994,21.04686178000003],[-98.97473557099994,21.047704490000058],[-98.97691679999997,21.044882139000038],[-98.98627094999995,21.039552680000043],[-98.99716164999995,21.04216280000003],[-99.00082270999997,21.045576570000037],[-99.00256554999999,21.050455020000072],[-99.00752801999994,21.04923031000004],[-99.00807997099997,21.04953272000006],[-99.00872157999999,21.05022869000004],[-99.00908456999997,21.05347811100006],[-99.01278593999996,21.05384],[-99.01329151999994,21.05445928100005],[-99.013771,21.05535131000005],[-99.02040936999998,21.05773848000007],[-99.01597391999996,21.058563310000068],[-99.01454739899998,21.060727110000073],[-99.00780402999999,21.06326929000005],[-99.00918876999998,21.06686755000004],[-99.01512406099994,21.06685591100006],[-99.02051693999994,21.068319510000038],[-99.02270631999994,21.067368290000047],[-99.02899610999998,21.07067008000007],[-99.03698372099996,21.071898060000024],[-99.04430534999995,21.078316920000077],[-99.04211493999998,21.08019494000007],[-99.03998537999996,21.083616479000057],[-99.03693825,21.08446569000006],[-99.03485610899997,21.087577830000043],[-99.03527779899997,21.090866710000057],[-99.03715597999997,21.092928150000034],[-99.03723581999998,21.096200800000076],[-99.03590419899996,21.098944851000056],[-99.03676750999995,21.106490749000045],[-99.03992391999998,21.11216582000003],[-99.03975821999995,21.11361174900003],[-99.04121981999998,21.11397371000004],[-99.04041807999994,21.116034110000044],[-99.04038087999999,21.117159749000052],[-99.03799842999996,21.118888450000043],[-99.03627396999997,21.11989169000003],[-99.03638910999996,21.12124171000005],[-99.03555162999999,21.123261291000063],[-99.03444737999996,21.12433808000003],[-99.02716050999999,21.130722110000022],[-99.02791420099999,21.134702880000077],[-99.0294,21.136597339000048],[-99.03023593999995,21.13719628900003],[-99.03117033999996,21.138394350000056],[-99.03441013999998,21.13833677100007],[-99.03914139999995,21.151464180000062],[-99.02882638099999,21.15540131000006],[-99.02799322099997,21.15852183000004],[-99.03055864999999,21.164605940000058],[-99.03005985999994,21.165983250000068],[-99.02704416999995,21.167131659000063],[-99.02394925899995,21.16658312000004],[-99.02217190999994,21.160884279000072],[-99.02255341999995,21.158193340000025],[-99.01900188099995,21.15731855000007],[-99.01498444999999,21.167040460000067],[-99.01251023099996,21.16670343000004],[-99.00451376999996,21.169531250000034],[-98.99931861999994,21.16871494000003],[-98.99638853999994,21.165880350000066],[-98.99254881999997,21.16681555100007],[-98.99385994999994,21.17061928000004],[-99.00023996999994,21.172787890000052],[-99.00115205999998,21.17893242100007],[-98.99938236899999,21.180778950000047],[-98.99081679999995,21.180914080000036],[-98.98766659999995,21.17964894000005],[-98.98277454899994,21.182092320000038],[-98.97465784999997,21.180799570000033],[-98.96919279999997,21.18455006000005],[-98.96655181999995,21.184840689000055],[-98.95999521899995,21.18219103000007],[-98.95907402999995,21.177119050000044],[-98.95667547999994,21.176916721000055],[-98.95051925899998,21.181095551000055],[-98.94602074899996,21.18007557100003],[-98.94490445999998,21.182086430000027],[-98.94543513999997,21.18424809100003],[-98.94758193999996,21.186317630000076],[-98.95156945099995,21.184433050000052],[-98.95516651999998,21.18516666000005],[-98.95522493899995,21.18601495100006],[-98.95384596999997,21.187525600000072],[-98.94842593899995,21.189073721000057],[-98.93501937999997,21.19040669000003],[-98.93437897999996,21.191920370000048],[-98.93616234999996,21.19762774000003],[-98.93546421999997,21.19875251900004],[-98.92674753999995,21.198846020000076],[-98.92190896999995,21.197215950000043],[-98.92128795099995,21.19890212000007],[-98.92369393899997,21.204315],[-98.922885851,21.206450260000054],[-98.91418830999999,21.202394111000046],[-98.91355907999997,21.20406328100006],[-98.91507053999999,21.20710383000005],[-98.91476514999994,21.208741089000057],[-98.90656437999996,21.209846280000022],[-98.90363876899994,21.212657140000033],[-98.90061564999996,21.211086030000047],[-98.89513519999997,21.210378801000047],[-98.89521416999997,21.20957751000003],[-98.89542350999994,21.203895940000052]]]]}},{"type":"Feature","properties":{"id":"13020","name":"Eloxochitlán","slug":"eloxochitlan","regionId":"9","regionName":"Zacualtipán"},"geometry":{"type":"MultiPolygon","coordinates":[[[[-98.89149737899999,20.843708780000043],[-98.88575601999997,20.84289558100005],[-98.88533701999995,20.841934680000065],[-98.88518021899995,20.840463750000026],[-98.88623527999994,20.836474550000048],[-98.87391764899996,20.823023462000037],[-98.87379288899996,20.819408431000056],[-98.87501302899994,20.81699928000006],[-98.87450850999994,20.811830831000066],[-98.87192453999995,20.80304614100004],[-98.87433257999999,20.796450200000038],[-98.87634407899998,20.79691591900007],[-98.87485054899997,20.79537349000003],[-98.87528565899999,20.794696780000038],[-98.87654359899994,20.79466314000007],[-98.87532107899995,20.793140340000036],[-98.87815416999996,20.788873291000073],[-98.87739601899995,20.787023661000035],[-98.87025791999997,20.789150169000038],[-98.85705011999994,20.785681510000074],[-98.85235028999995,20.785638220000067],[-98.85011696899994,20.780386090000036],[-98.85113069,20.775524621000045],[-98.84554001899994,20.768975381000075],[-98.83233659899997,20.769296121000025],[-98.81810105999995,20.775711690000037],[-98.81229131899994,20.779868151000073],[-98.79986530999997,20.783989261000045],[-98.79761801899997,20.786843860000033],[-98.79419781899998,20.78819842100006],[-98.79283021899994,20.792037340000036],[-98.78775534,20.792824691000078],[-98.78162822899998,20.79834652100004],[-98.77847942899996,20.799368172000072],[-98.77321708899996,20.79625186000004],[-98.77461271899995,20.79510668000006],[-98.774330449,20.793408511000052],[-98.77117093899994,20.791812221000043],[-98.76707299899994,20.785069861000068],[-98.76574797899997,20.784582261000025],[-98.76546904899999,20.778198321000048],[-98.76167641899997,20.77590622100007],[-98.76127311,20.77300568100003],[-98.75558197799995,20.766791890000036],[-98.75665819899996,20.76423494000005],[-98.75493651899995,20.761896971000056],[-98.75630779899996,20.760437741000032],[-98.75694282799998,20.753579521000063],[-98.75538065799998,20.75095882000005],[-98.75308521999995,20.740849620000063],[-98.76066439899995,20.740182710000056],[-98.76973705899997,20.73523158000006],[-98.77264853899999,20.731580740000027],[-98.77308921999997,20.729312630000038],[-98.77227328899994,20.728555651000022],[-98.78079921899996,20.724914289000026],[-98.782151479,20.722262021000063],[-98.78515961899996,20.721226021000064],[-98.78800188899999,20.722958711000047],[-98.79460950899994,20.723729691000074],[-98.79754401899999,20.723236691000068],[-98.79979659999998,20.721469221000063],[-98.807755279,20.721037971000044],[-98.81206747899995,20.719426741000063],[-98.82173885899994,20.71951985100003],[-98.822948479,20.71786048000007],[-98.82791176799998,20.71772665000003],[-98.82808948999997,20.71378168900003],[-98.82473785899998,20.712263290000067],[-98.82349817999994,20.708385520000036],[-98.821383229,20.709807400000045],[-98.82212384899998,20.707328879000045],[-98.82082079899999,20.706820580000056],[-98.81833288999997,20.708235581000054],[-98.81714765999999,20.699120151000045],[-98.81538461899999,20.69784371000003],[-98.81484332099996,20.69570432100005],[-98.82316165999998,20.690846622000038],[-98.82190671899997,20.688593431000072],[-98.82251567799995,20.685663169000065],[-98.82383330999994,20.686188430000072],[-98.82490373999997,20.685293139000066],[-98.82642807899998,20.681768060000024],[-98.83081368899997,20.68181880000003],[-98.83083561899997,20.67956602000004],[-98.83651771899997,20.679719680000062],[-98.83649737899998,20.67763657000006],[-98.83651585999996,20.67760177100007],[-98.83988664999998,20.677752720000058],[-98.84161302999996,20.676633740000057],[-98.85171634999995,20.67862406100005],[-98.85280233899994,20.67981689100003],[-98.84171187799996,20.68004415000007],[-98.84167588899999,20.682135450000033],[-98.84167851799998,20.682163479000053],[-98.84489797899994,20.682271650000075],[-98.84460985899995,20.685899651000057],[-98.84185633999994,20.685850260000052],[-98.84172028999996,20.68946862000007],[-98.83759388099998,20.68927185000007],[-98.83774314999994,20.69205817200003],[-98.83922367999998,20.69420235000007],[-98.84379368899994,20.69814751000007],[-98.84522710899995,20.698416510000072],[-98.84567857999997,20.69768571000003],[-98.84595091999995,20.696520431000067],[-98.84758167999996,20.696756780000044],[-98.84638668899998,20.700179861000038],[-98.84177278099997,20.703194661000055],[-98.84435027999996,20.712558691000027],[-98.84835940099998,20.711892170000056],[-98.85036608999997,20.714439711000068],[-98.84989950899995,20.71613240100004],[-98.85216231899994,20.717180550000023],[-98.85521048899994,20.715768721000074],[-98.85831754999998,20.716730119000033],[-98.86218612099998,20.708487860000048],[-98.86667501899996,20.704196290000027],[-98.87637490999998,20.708213689000047],[-98.87810875099996,20.707004980000022],[-98.88973614899999,20.715516940000043],[-98.89038817999995,20.714932430000033],[-98.89071431899998,20.71445914000003],[-98.88967954899994,20.711868091000042],[-98.89235401999997,20.70507420000007],[-98.89029964899999,20.700188480000065],[-98.89578962899998,20.698593480000056],[-98.89906593999996,20.693941540000026],[-98.89569357,20.690694421000046],[-98.89301726099995,20.689909430000057],[-98.89114390999998,20.686943631000076],[-98.89348845899997,20.683621020000032],[-98.89313859999999,20.681228799000053],[-98.89489150799994,20.677968779000025],[-98.89224870899994,20.67284335000005],[-98.88714317899996,20.668492310000033],[-98.88819869099996,20.664893370000073],[-98.88946648899997,20.66415734000003],[-98.89015557999994,20.663248551000038],[-98.89675616999995,20.662322431000064],[-98.90082201899997,20.66331389000004],[-98.90146194799996,20.66640534000004],[-98.90307596999997,20.66496852000006],[-98.90932997999994,20.66437495100007],[-98.90942064799998,20.661283081000022],[-98.91048392099998,20.660008821000076],[-98.91398313899998,20.65915422000006],[-98.91645245999996,20.657187950000036],[-98.93008144899994,20.65847769100003],[-98.93183322899995,20.65285331000007],[-98.93871357899997,20.649421480000058],[-98.94076285799997,20.646695221000073],[-98.94261605899999,20.64770358100003],[-98.94387099899996,20.647004090000053],[-98.94242014899999,20.64680577000007],[-98.94315845899996,20.64216614000003],[-98.94411677899996,20.644655229000023],[-98.94401748899998,20.641387080000072],[-98.947167429,20.649147311000036],[-98.95015631899997,20.65241411100004],[-98.95057879899997,20.654833110000027],[-98.94867397999997,20.657691060000047],[-98.94950102999996,20.659426951000057],[-98.95171822899994,20.661311022000064],[-98.95425262899994,20.66174131100007],[-98.95989085899998,20.659795381000038],[-98.96576470999997,20.659604740000077],[-98.96612633999996,20.662990001000026],[-98.96974434899994,20.664380030000075],[-98.97086764899996,20.668026310000073],[-98.97535937099997,20.669863821000035],[-98.96779017899996,20.673724510000056],[-98.96508850899994,20.676907521000032],[-98.95982202,20.67522768200007],[-98.95793090899997,20.672343770000055],[-98.95380892099996,20.670646181000052],[-98.95203299899998,20.670329951000042],[-98.95123250899996,20.67241523100006],[-98.95248153899996,20.67365114100005],[-98.95177619899994,20.675308401000052],[-98.95275325999995,20.675549750000073],[-98.95256027999994,20.677147110000078],[-98.95428748999996,20.677708280000047],[-98.95443942999998,20.68210565000004],[-98.95602121799999,20.68499722100006],[-98.95582839899998,20.691027689000066],[-98.95788142899994,20.694267231000026],[-98.96109851899996,20.697152620000054],[-98.961370548,20.696609291000073],[-98.96158430899999,20.69593948000005],[-98.96394582899995,20.695118920000027],[-98.96421924899994,20.69325672100007],[-98.96606734899996,20.691540571000075],[-98.97168536899994,20.693542380000054],[-98.97214665899997,20.694493949000048],[-98.97250094999998,20.69524142000006],[-98.97116202899997,20.69790954000007],[-98.96922839999996,20.70073640000004],[-98.96673694899994,20.701373661000048],[-98.964283089,20.70512683100003],[-98.96626766099996,20.708193421000033],[-98.96506322099998,20.712325521000025],[-98.96697825899997,20.71386412000004],[-98.97043610999998,20.714435550000076],[-98.97375259999995,20.71895545900003],[-98.97239910999997,20.720039370000052],[-98.97577505799995,20.72107328000004],[-98.97805776799999,20.723347081000043],[-98.97694371899996,20.72562748100006],[-98.97464434999995,20.726904060000038],[-98.97595365799998,20.72920945000004],[-98.97973250899997,20.73038315100007],[-98.98317410899995,20.72827005000005],[-98.98580857999997,20.73588495000007],[-98.98495796999998,20.73726615100003],[-98.98060599899998,20.738741021000067],[-98.98068779999994,20.740689711000073],[-98.97930693899997,20.741842311000028],[-98.97987456799996,20.743901580000056],[-98.97840442999996,20.744894910000028],[-98.97812976899996,20.746976630000063],[-98.97031814999997,20.75085984900005],[-98.96723696999999,20.750859280000043],[-98.96843304899994,20.754915631000074],[-98.96719953899998,20.75758225000004],[-98.94585467999997,20.762800311000035],[-98.944658829,20.76235052100003],[-98.94370227899998,20.761676110000053],[-98.94238628899996,20.762743020000073],[-98.93500108899997,20.763122171000077],[-98.93442661799997,20.765712860000065],[-98.93017459999999,20.770632830000068],[-98.92386462899998,20.773524181000028],[-98.92997984999994,20.77531409000005],[-98.94045250899995,20.78376571000007],[-98.94288708899995,20.790194340000028],[-98.93706513799998,20.791557650000072],[-98.93606788099999,20.792663830000038],[-98.93551710999998,20.794461742000067],[-98.93593411899997,20.79639940000004],[-98.92984153899994,20.795598021000046],[-98.92395514099996,20.80232015000007],[-98.92203664999994,20.807235121000076],[-98.91378165899994,20.813066480000032],[-98.91806270999996,20.818378879000022],[-98.91094633999995,20.83045263100007],[-98.90709157899994,20.830951881000033],[-98.90395191999994,20.83648172000005],[-98.90225791899996,20.836800780000033],[-98.89529111899998,20.84400334000003],[-98.89149737899999,20.843708780000043]]]]}},{"type":"Feature","properties":{"id":"13022","name":"Epazoyucan","slug":"epazoyucan","regionId":"5","regionName":"M. de la Reforma"},"geometry":{"type":"MultiPolygon","coordinates":[[[[-98.58562265099994,20.118749770000022],[-98.59393103099995,20.103417781000076],[-98.58943645999994,20.099416405000056],[-98.593850821,20.099491261000026],[-98.59474850999999,20.09801026100007],[-98.59378230899995,20.095520371000077],[-98.59525310899994,20.09478129000007],[-98.59447584999998,20.094361381000056],[-98.59450676999995,20.09422815100004],[-98.59477122899995,20.09417182100003],[-98.59642893999995,20.093486750000068],[-98.59866676999997,20.09011957100006],[-98.60214003099998,20.088599110000075],[-98.60325577999998,20.08663240100003],[-98.59595391,20.080490831000077],[-98.60053984999996,20.07373306100004],[-98.600436689,20.073312970000075],[-98.59901908999996,20.073060051000027],[-98.59952091899999,20.07265982000007],[-98.60074322999998,20.07213089100003],[-98.59856379899998,20.07007032100006],[-98.59757651099994,20.071815151000067],[-98.59360537999999,20.071269201000064],[-98.58675975099999,20.07738143100005],[-98.58266848999995,20.07384355100004],[-98.58294597999998,20.072379522000062],[-98.58063105999997,20.070054431000074],[-98.57760984999999,20.072426060000055],[-98.57592892099996,20.070752851000066],[-98.59160734899996,20.054978451000068],[-98.59109051999997,20.054066860000034],[-98.60034637999996,20.041232421000075],[-98.60030424899998,20.03709198100006],[-98.60517591999997,20.035952371000064],[-98.62057667999994,20.01862654100006],[-98.61518347999998,20.01756751000005],[-98.60020934999994,20.005553021000026],[-98.60061070999996,20.001497742000026],[-98.59875054999998,19.999970001000065],[-98.59320987899997,20.007098851000023],[-98.58903362899997,20.00282283100006],[-98.58264930999997,19.99950720100003],[-98.58700527999997,19.99223735000004],[-98.59231692099996,19.983371490000025],[-98.59713389099994,19.986858520000055],[-98.60399542,19.97711325000006],[-98.60349528999996,19.976517150000063],[-98.60891589,19.971617180000067],[-98.63190032099999,19.965171170000076],[-98.62951725,19.95990838000006],[-98.63547545999995,19.95599370900004],[-98.63715147999994,19.957300600000053],[-98.64154645999997,19.95367648000007],[-98.648626,19.959694711000054],[-98.65223728999996,19.953945800000042],[-98.65741934999994,19.954491460000042],[-98.65397550999995,19.960524570000075],[-98.65785822099997,19.961066620000054],[-98.65626034999997,19.966645280000023],[-98.65787361999998,19.97365848000004],[-98.66294422999994,19.981712170000037],[-98.66997559999999,19.98565154000005],[-98.67002445099996,19.985735780000027],[-98.67081979899996,19.987107520000052],[-98.67515696999999,19.984615310000038],[-98.67580701999998,19.986248421000028],[-98.67592685099999,19.986959660000025],[-98.675926313,19.986960587000056],[-98.67519704999995,19.98821612000006],[-98.67901830999995,19.98973348000004],[-98.68182808999995,19.99430772000005],[-98.68346862999994,19.993145369000047],[-98.68322977999998,19.989767119000078],[-98.68639647999998,19.987618720000057],[-98.69533693899996,19.99155225100003],[-98.69894974999994,19.98916440000005],[-98.70235713999995,19.989802550000036],[-98.70445948999998,19.986903031000054],[-98.70145559999997,19.978436050000028],[-98.70550282,19.982821751000074],[-98.70762468999999,19.98253554000007],[-98.70817941999996,19.984249569000042],[-98.71941973999998,19.986559060000047],[-98.71840285999997,19.992699711000057],[-98.71534494999997,19.99223351200004],[-98.71504854899996,19.99218832100007],[-98.72841736999999,20.00450346200006],[-98.72841381699999,20.00450386500006],[-98.72625993999998,20.004748681000024],[-98.71316276999994,19.998908452000023],[-98.71316461199996,19.99891290900007],[-98.71640393999996,20.006753031000073],[-98.72721451999996,20.008477121000055],[-98.72308157899994,20.022045771000023],[-98.72205628899997,20.020162451000033],[-98.71556277999997,20.020485981000036],[-98.71533842399998,20.023878977000038],[-98.70711321499994,20.02391826400003],[-98.70725861799997,20.02202342100003],[-98.70604886099994,20.022039310000025],[-98.70604002899995,20.021170031000054],[-98.70379636999996,20.021878721000064],[-98.70072433799999,20.019671741000025],[-98.68929116899994,20.01878122100004],[-98.68804445899997,20.016545031000078],[-98.68678627899999,20.016568091000067],[-98.68627436999998,20.018222801000036],[-98.68555001999994,20.018910032000065],[-98.683841939,20.015578461000075],[-98.67969997899996,20.01262003000005],[-98.67548887999999,20.026158681000027],[-98.67548988199997,20.026158775000056],[-98.68167528899994,20.02674014100006],[-98.68675999899995,20.034130021000067],[-98.69745997899997,20.030050001000063],[-98.69916197999999,20.048552421000068],[-98.69685061899997,20.050947251000025],[-98.69689876999996,20.05332752100003],[-98.69615916999999,20.05371129100007],[-98.69460558099996,20.05298711100005],[-98.69349742999998,20.053623771000048],[-98.69001362999995,20.055078770000023],[-98.68957074799994,20.05560666300005],[-98.68833057999996,20.05708485100007],[-98.68873097899996,20.05841563100006],[-98.68683065999994,20.058706821000044],[-98.68228673899995,20.06217932100003],[-98.67492779899999,20.06220451100006],[-98.67360573699995,20.06674545000004],[-98.66517631899995,20.06635303300004],[-98.66408304699996,20.07325071100007],[-98.66678777999994,20.099986380000075],[-98.66634257899995,20.102569551000045],[-98.66441531999999,20.101808060000053],[-98.66249956999997,20.105201201000057],[-98.66327314899996,20.10818331100006],[-98.66314234999999,20.109556920000045],[-98.66157075099994,20.105514180000057],[-98.65850064899996,20.104496509000057],[-98.65389901999998,20.099953260000063],[-98.63862545999996,20.097747540000057],[-98.62947476999994,20.093005090000077],[-98.628861541,20.09392796900005],[-98.62542745999997,20.09376620000006],[-98.622500861,20.09207218100005],[-98.62154714999997,20.088304980000032],[-98.61930676999998,20.088287570000034],[-98.61703453999996,20.090396850000047],[-98.61820314,20.09245123000005],[-98.61580650999997,20.09601125000006],[-98.61496738099999,20.107654231000026],[-98.61036788099995,20.111420740000028],[-98.60718185999997,20.11216642000005],[-98.60806530999997,20.114563910000072],[-98.60548654899998,20.11748577000003],[-98.60302933999998,20.11695014000003],[-98.58385914999997,20.12200374100007],[-98.58562265099994,20.118749770000022]]]]}},{"type":"Feature","properties":{"id":"13023","name":"Francisco I. Madero","slug":"francisco-i-madero","regionId":"7","regionName":"Actopan"},"geometry":{"type":"MultiPolygon","coordinates":[[[[-99.08297385199995,20.287916061000033],[-99.08107307999995,20.285511461000056],[-99.08061356999997,20.278076741000064],[-99.06731041999996,20.275920461000055],[-99.06586364999998,20.27481792100008],[-99.06602148999997,20.26883354100005],[-99.06483171899998,20.26710589100003],[-99.06326463,20.26770194000005],[-99.06256273899999,20.26616168000004],[-99.06525902999994,20.260504681000043],[-99.06140779999998,20.250537682000072],[-99.05617581899998,20.25266202100005],[-99.05118611099994,20.257217051000055],[-99.04959142599995,20.254606177000028],[-99.04959099899997,20.254605480000066],[-99.02520299899999,20.262200222000047],[-99.01338677999996,20.26440488000003],[-99.01289259799995,20.24228149100003],[-99.01812896899997,20.23969283100007],[-99.01879388899994,20.237243152000076],[-99.02152276899994,20.235927321000077],[-99.01753151899999,20.23443037000004],[-99.02680882999994,20.23133763100003],[-99.02680901999997,20.22735165100005],[-99.02703660299994,20.226783956000077],[-99.02837873899995,20.223435981000023],[-99.03095684899995,20.221203381000066],[-99.03149348899996,20.211690460000057],[-99.03751601999994,20.203369740000028],[-99.03375545899996,20.199076201000025],[-99.03544402999995,20.192033120000076],[-99.04028490999997,20.188842342000044],[-99.04182719899995,20.191461821000075],[-99.05467290899998,20.19378026100003],[-99.05507191899994,20.193024171000047],[-99.06712327999998,20.19361500100007],[-99.07819151899997,20.191072451000025],[-99.08734494799995,20.19303177000006],[-99.10224985999997,20.192239852000057],[-99.10488056899999,20.18553802100007],[-99.10715336799996,20.18413083100006],[-99.10968056899998,20.186505821000026],[-99.11224128899994,20.18610932100006],[-99.12249290999995,20.188885081000024],[-99.12520102899998,20.188421781000045],[-99.12943570899995,20.190793651000035],[-99.13375056899997,20.18878009100007],[-99.13911830999996,20.189920651000023],[-99.13977782999996,20.19527565100003],[-99.13715368899994,20.197421521000024],[-99.13262225999995,20.198218912000073],[-99.12952484999994,20.196858252000027],[-99.11680057099994,20.19767586200004],[-99.11277307999995,20.199030221000044],[-99.11206996899995,20.201756772000067],[-99.11338991999997,20.206465481000066],[-99.13183914899997,20.217317492000063],[-99.13622733899996,20.224569802000076],[-99.13720084899995,20.22965134100008],[-99.12149104899999,20.238403662000053],[-99.12228110999996,20.23894780100005],[-99.12242508799994,20.239142621000042],[-99.12366462899996,20.247744371000067],[-99.126269859,20.247985482000047],[-99.12617717999996,20.262427541000022],[-99.13093530999998,20.268713511000044],[-99.12514630899994,20.277461321000033],[-99.11104902999995,20.283402830000057],[-99.11190894799995,20.291279833000033],[-99.11190911999995,20.29128140100005],[-99.10707957899996,20.291410601000052],[-99.10245399899998,20.289359751000063],[-99.09755291,20.28894543100006],[-99.09622064899997,20.286363651000045],[-99.09278890899998,20.291419821000034],[-99.09270961899995,20.295675691000042],[-99.08886674999997,20.29845748100007],[-99.08761601999998,20.295165861000044],[-99.08462477999996,20.29310046100005],[-99.08418414899995,20.288894950000042],[-99.08297385199995,20.287916061000033]]]]}},{"type":"Feature","properties":{"id":"13024","name":"Huasca de Ocampo","slug":"huasca-de-ocampo","regionId":"5","regionName":"M. de la Reforma"},"geometry":{"type":"MultiPolygon","coordinates":[[[[-98.53448682899995,20.34702382000006],[-98.53361916999995,20.345979680000028],[-98.52986481999994,20.346304490000023],[-98.52820779999996,20.344259720000025],[-98.52714071999998,20.344991080000057],[-98.52528325999998,20.34186],[-98.52285224999997,20.34261852000003],[-98.52269903099995,20.341189770000028],[-98.51963282899999,20.34019040000004],[-98.51740107899997,20.336851680000052],[-98.51124493999998,20.33932745900006],[-98.50997976999997,20.337857291000034],[-98.50736997999996,20.337716861000047],[-98.505592848,20.335406032000037],[-98.50385211999998,20.337827619000052],[-98.50080607799998,20.33717246200007],[-98.49960907899998,20.33873968000006],[-98.49808401799999,20.337655169000072],[-98.49649439899997,20.33869174000006],[-98.494721369,20.337713741000073],[-98.49467021699996,20.33625498200007],[-98.48993113799997,20.336917801000027],[-98.48667582999997,20.334788049000053],[-98.47759068999994,20.33643791000003],[-98.47498694999996,20.335514120000028],[-98.47109765999994,20.335947150000038],[-98.46944242999996,20.33435275000005],[-98.46979896999994,20.33249815000005],[-98.47306159899995,20.331143850000046],[-98.47898813799998,20.324848461000045],[-98.476660601,20.324680340000043],[-98.47587584999997,20.321844980000037],[-98.48446262999994,20.32079465000004],[-98.49200762999999,20.315618680000057],[-98.49370913999996,20.313217180000038],[-98.49444373999995,20.307899],[-98.49756714899996,20.308993050000026],[-98.49732537999995,20.300752380000063],[-98.49845167999996,20.29708278000004],[-98.49341207999998,20.292926231000024],[-98.49040922999995,20.29180106000007],[-98.49094211,20.289767890000064],[-98.48793224999997,20.285111550000067],[-98.48220753899994,20.282090550000078],[-98.48210624999996,20.280447690000074],[-98.47953745999996,20.280132321000053],[-98.48604497999997,20.274232969000025],[-98.48396262899996,20.269834170000024],[-98.48869779999995,20.266666429000054],[-98.48686937999997,20.26308251000006],[-98.48482246099996,20.26243560000006],[-98.48451473999995,20.25988448000004],[-98.48229130999994,20.258618050000052],[-98.48163833999996,20.256348849000062],[-98.47949407899995,20.25651952000004],[-98.47715604999996,20.253731550000055],[-98.47509324999999,20.25338748000007],[-98.47481645,20.252052891000062],[-98.471776219,20.252183830000035],[-98.47115448999995,20.248177850000047],[-98.46657373999994,20.246189600000037],[-98.46860129099997,20.244090780000022],[-98.46488247999997,20.23405955000004],[-98.46919082999995,20.235747050000043],[-98.46934874999994,20.235807660000035],[-98.46994614999994,20.235331341000062],[-98.46826634999996,20.23269449000003],[-98.47112905999995,20.23298206000004],[-98.47058517899995,20.230971510000074],[-98.47154185999995,20.229263710000055],[-98.47290557999997,20.228346860000045],[-98.47934505999996,20.228947850000054],[-98.47839696999995,20.22266434000005],[-98.48029201999998,20.218827549000025],[-98.47846788899994,20.215937550000035],[-98.47597179999997,20.215354380000065],[-98.46952179999994,20.210374650000063],[-98.46410193999998,20.197269710000057],[-98.46145159999998,20.194343310000022],[-98.48583796999998,20.183990550000033],[-98.48007348999994,20.15902469100007],[-98.48034396899999,20.15273312000005],[-98.48141804899996,20.15239814000006],[-98.48252805999994,20.153640620000033],[-98.48479057999998,20.14854926000004],[-98.48656317999996,20.14931991000003],[-98.488025,20.148375690000023],[-98.48876476999999,20.150234350000062],[-98.48895633999996,20.147492380000074],[-98.48798127999999,20.146683220000057],[-98.48943713999995,20.14358732000005],[-98.49069054999995,20.142549720000034],[-98.49202141999996,20.141612200000054],[-98.49121837999996,20.133537120000028],[-98.49329745899996,20.133141230000035],[-98.493739,20.126695120000022],[-98.49805568999994,20.125963220000074],[-98.49857565899998,20.12679581900005],[-98.49948335,20.118966740000076],[-98.50250741999997,20.112117],[-98.50594925999997,20.10964917000007],[-98.50916551999995,20.109357970000076],[-98.51427617999997,20.10557743100003],[-98.51352490999994,20.105186509000077],[-98.51728295099997,20.099305980000054],[-98.51984452099998,20.101526621000062],[-98.51948951999998,20.102914971000075],[-98.51996447999994,20.103898951000076],[-98.52594384999998,20.10774794100007],[-98.52742385,20.107631371000025],[-98.53065584999996,20.10280295000007],[-98.53964203099997,20.100528850000046],[-98.54098717999995,20.10176128100005],[-98.54157157999998,20.102278350000063],[-98.54280443,20.106256981000058],[-98.54470213999997,20.10636271000004],[-98.54526459899995,20.10506377100006],[-98.54917544999995,20.103438251000057],[-98.55247616999998,20.104100291000066],[-98.55475093999996,20.102239261000022],[-98.561436631,20.11019432200004],[-98.56650245999998,20.11181146100006],[-98.56691193999995,20.11741648000003],[-98.57081421999999,20.12077454100006],[-98.57358236999994,20.121585340000024],[-98.56609249099995,20.130408550000027],[-98.56661594999997,20.131623150000053],[-98.56658093999994,20.13287402000003],[-98.56446488999995,20.143573220000064],[-98.56149767999995,20.146508751000056],[-98.56192401799996,20.158090770000058],[-98.55850974999998,20.160793821000027],[-98.55999467999999,20.168705060000036],[-98.55882050999998,20.175917769000023],[-98.56057482999995,20.176798080000026],[-98.56114361899995,20.179597820000026],[-98.56347808099997,20.174765371000035],[-98.56645038,20.171940621000033],[-98.57031081899999,20.17216448000005],[-98.57622082999995,20.167286320000073],[-98.58337827999998,20.170573749000027],[-98.58636273999997,20.166014260000054],[-98.59416522999999,20.169033419000073],[-98.59387339999995,20.171646880000026],[-98.59640376999994,20.175842370000055],[-98.59869214999998,20.173219920000065],[-98.60297893999996,20.17441640000004],[-98.60342356999996,20.180429461000074],[-98.60708664999999,20.175998250000077],[-98.60814322999994,20.176215600000035],[-98.60962206,20.177961399000026],[-98.61365065999996,20.17686260000005],[-98.61357174999995,20.180084890000046],[-98.61067581999998,20.184052180000037],[-98.60805290899998,20.194648090000044],[-98.60871893999996,20.196314290000032],[-98.60678036999997,20.19843337900005],[-98.61012962999996,20.19980258000004],[-98.61239717099994,20.19893054000005],[-98.61248991999997,20.199863659000073],[-98.61586687899995,20.19824809000005],[-98.61637450899997,20.195807370000068],[-98.61643969099998,20.195797751000043],[-98.61726804999995,20.195657480000023],[-98.62194421999999,20.198518230000047],[-98.623880451,20.197061750000046],[-98.62448073999997,20.193010620000052],[-98.62719768899996,20.192116290000058],[-98.62917953999994,20.189877549000073],[-98.62961137099995,20.199439151000036],[-98.63139409099995,20.20205418000006],[-98.62984551999995,20.20359723000007],[-98.62902273899994,20.207175690000042],[-98.63262781999998,20.22664191000007],[-98.62995221999995,20.227564630000074],[-98.62890179999994,20.229270969000027],[-98.62890115399995,20.229276679000066],[-98.62880107999996,20.230161171000077],[-98.63206500099994,20.23064308000005],[-98.62625331999999,20.24008451000003],[-98.62797908899995,20.240360661000068],[-98.62843781999999,20.241887381000026],[-98.62789118099994,20.247904401000028],[-98.63741178099997,20.258123230000024],[-98.63249813999994,20.27085315000005],[-98.63200357999995,20.27503523000007],[-98.62786168999997,20.276389090000066],[-98.61589651999998,20.272847089000038],[-98.61464262099997,20.274244450000026],[-98.61226841899997,20.273236480000037],[-98.60879967999995,20.28167657000006],[-98.60260707999998,20.291942800000072],[-98.60177470899998,20.29910151000007],[-98.593899449,20.30280903000005],[-98.59181679999995,20.30564811000005],[-98.59133602999998,20.305903940000064],[-98.58999330999995,20.30652992000006],[-98.58405536999999,20.304415720000065],[-98.57882448999999,20.30421091000005],[-98.56772414999995,20.300363290000064],[-98.56239365,20.301621280000063],[-98.56417456999998,20.305153940000025],[-98.56315605999998,20.307546150000064],[-98.56156073999995,20.30805992100005],[-98.56302618099994,20.314502120000043],[-98.55648874099995,20.315880880000066],[-98.55554664999994,20.318491949000077],[-98.55558125099998,20.323050911000053],[-98.55715394999999,20.328282260000037],[-98.55453437999995,20.33004389000007],[-98.54495242999997,20.33150142100004],[-98.54045477999995,20.333779150000055],[-98.53891219999997,20.332577180000044],[-98.53485579999995,20.334336680000035],[-98.53184305999997,20.33865066000004],[-98.53835867899994,20.34189168000006],[-98.53448682899995,20.34702382000006]]]]}},{"type":"Feature","properties":{"id":"13067","name":"Tezontepec de Aldama","slug":"tezontepec-de-aldama","regionId":"1","regionName":"Tula"},"geometry":{"type":"MultiPolygon","coordinates":[[[[-99.33964597,20.25435409000005],[-99.33215642899995,20.249752371000056],[-99.32978728899997,20.25096503000003],[-99.32649234899998,20.249660770000048],[-99.32370141999996,20.250902030000077],[-99.31532531999994,20.248136480000028],[-99.30999730899998,20.250413681000055],[-99.30673299899996,20.248904510000045],[-99.30339176899997,20.249625140000035],[-99.30188168999996,20.248825260000046],[-99.30802882899997,20.240237971000056],[-99.30411628999997,20.23950068000005],[-99.30351236899998,20.23673357000007],[-99.29887301899998,20.235573850000037],[-99.289247919,20.237588740000035],[-99.28804717799994,20.23636251000005],[-99.28204511899997,20.236551250000048],[-99.28192541899995,20.235153421000064],[-99.27963525899997,20.236523120000072],[-99.27517768999996,20.22961385900004],[-99.27353581799997,20.22899968100006],[-99.25726646099997,20.227127600000074],[-99.25326673999996,20.234349250000037],[-99.24741279899996,20.233590091000053],[-99.24003068899998,20.235710290000043],[-99.24272367899994,20.22625755200005],[-99.24648773999996,20.222035950000077],[-99.25193544999996,20.21927813900004],[-99.24582917899994,20.214539650000063],[-99.248599889,20.202365151000038],[-99.22388754899998,20.196988920000024],[-99.22416091899998,20.18954394000008],[-99.22977785999996,20.167615511000065],[-99.21853390799998,20.161955461000048],[-99.21134934999998,20.160222460000057],[-99.21157679999999,20.15933306000005],[-99.21353481799997,20.155762539000023],[-99.22401937899997,20.15714063000007],[-99.23284350899996,20.155377669000075],[-99.23511002999999,20.144963510000025],[-99.24132936999996,20.14322954100004],[-99.24204937999997,20.141826250000065],[-99.24266998099995,20.136046660000034],[-99.24094670899996,20.131025350000073],[-99.24214353899998,20.12773875000005],[-99.25037514999997,20.124106620000077],[-99.27095437899999,20.106469450000077],[-99.29134385099997,20.093624230000046],[-99.31303424999999,20.114222260000076],[-99.33653622999998,20.146577170000057],[-99.34086590899994,20.143474140000023],[-99.34261202999994,20.14750022000004],[-99.34490208999995,20.148006680000037],[-99.34390382899994,20.157293460000062],[-99.34605240099995,20.160133771000062],[-99.34709534099994,20.168217620000064],[-99.35059064999996,20.17039875000006],[-99.34890159999998,20.171935180000048],[-99.34901284999995,20.174118570000076],[-99.34643181999996,20.175977230000058],[-99.35054460099997,20.17869802100006],[-99.35094616899994,20.18053346100004],[-99.34718245899995,20.181013920000055],[-99.34462281899994,20.17907445000003],[-99.344494549,20.18205635100003],[-99.34239317999999,20.181509281000046],[-99.34209707999997,20.186299292000058],[-99.35554658099994,20.19467503100003],[-99.35750702999997,20.195468050000045],[-99.36152345099998,20.196917351000025],[-99.36062514899999,20.202215350000074],[-99.35576925899994,20.20849351100003],[-99.35967371899994,20.21788697100004],[-99.35662661999999,20.230944781000062],[-99.35796347899998,20.236525542000038],[-99.34623096999997,20.24531318100003],[-99.34467870899994,20.25007278000004],[-99.33964597,20.25435409000005]]]]}},{"type":"Feature","properties":{"id":"13025","name":"Huautla","slug":"huautla","regionId":"4","regionName":"Huejutla"},"geometry":{"type":"MultiPolygon","coordinates":[[[[-98.21557537099994,21.150083659000074],[-98.21784764899996,21.147673660000066],[-98.21683122899998,21.14471972000007],[-98.20862628999998,21.143316021000032],[-98.20454677999999,21.136784370000044],[-98.20422108999998,21.135311450000074],[-98.20440661999999,21.134876121000048],[-98.20799983099994,21.130808030000026],[-98.20804757999997,21.130016219000026],[-98.20741765999998,21.128726051000058],[-98.20598181999998,21.126827350000042],[-98.19690602999998,21.122974370000065],[-98.19515224899999,21.120363200000043],[-98.19566734999995,21.11781742000005],[-98.19951485999997,21.115819180000074],[-98.20235608999997,21.11089020000003],[-98.20169427999997,21.106136510000056],[-98.19424313999997,21.107975680000038],[-98.18980445999995,21.11076016900006],[-98.18334301899995,21.110241280000025],[-98.18076671899996,21.106834880000065],[-98.17444331999997,21.10598557000003],[-98.17095650999994,21.096811650000063],[-98.15881803099995,21.09068540000004],[-98.15350617999997,21.086004400000036],[-98.15094677899998,21.085498280000024],[-98.14913785999994,21.083021889000065],[-98.14735822999995,21.078449680000062],[-98.14795933999994,21.074797340000032],[-98.15043954999999,21.069508909000035],[-98.15452367999995,21.066079450000075],[-98.15055070899996,21.049718090000056],[-98.15407222099998,21.03675227900004],[-98.15515176999997,21.034837020000055],[-98.15567795099997,21.033386179000047],[-98.15977050999999,21.032183020000048],[-98.16081657999996,21.031147091000037],[-98.16270053999995,21.02833189000006],[-98.16069904999995,21.021057220000046],[-98.16076431999994,21.019957480000073],[-98.16115768099996,21.019130630000063],[-98.16316791999998,21.01772317900003],[-98.163896621,21.01764718000004],[-98.16475850999996,21.018267630000025],[-98.16786371999996,21.022892660000025],[-98.170254619,21.022801969000056],[-98.17301377899997,21.020606120000025],[-98.17631741999998,21.021167880000064],[-98.18047351899997,21.024052320000067],[-98.18266530899996,21.029990320000024],[-98.1887324,21.030841491000047],[-98.19093174999995,21.02633688000003],[-98.18863119999997,21.021279380000067],[-98.18899836899999,21.018318771000054],[-98.19699341999996,21.01659249100004],[-98.20206845999996,21.01174922000007],[-98.20200897999996,21.00532811000005],[-98.19953090999996,20.999058800000057],[-98.20061927999996,20.99469632000006],[-98.21500744999997,20.98962731000006],[-98.21328042999994,20.983119720000047],[-98.21691940099998,20.97374302000003],[-98.21107974999995,20.972245720000046],[-98.20976452099995,20.970700831000045],[-98.21203354999994,20.96783311100006],[-98.20953930999997,20.967088580000052],[-98.21350321999995,20.962580600000024],[-98.21438497099996,20.956047540000043],[-98.21611156999995,20.952607921000038],[-98.22568767999996,20.95941945000004],[-98.22823673999994,20.95801965100003],[-98.22835540099999,20.955252020000046],[-98.22736933999994,20.95406543000007],[-98.22973062999995,20.949748320000026],[-98.23020382999994,20.94476553900006],[-98.23493550999996,20.941062921000025],[-98.23738624999999,20.934776249000038],[-98.23729683,20.930965311000023],[-98.24134450899999,20.930176799000037],[-98.24764902899994,20.926468920000048],[-98.25192808899999,20.929990780000026],[-98.25430539999996,20.934894950000057],[-98.26626381899996,20.935646860000077],[-98.27178971899997,20.933923080000056],[-98.27553244899997,20.930103830000064],[-98.28184547899997,20.933706250000057],[-98.288793549,20.93530848000006],[-98.292652278,20.934552460000077],[-98.29270457899997,20.93453166000006],[-98.29494274899997,20.93758181900006],[-98.29495453799996,20.941451630000074],[-98.29766119899995,20.944939230000045],[-98.30098428899998,20.944459120000033],[-98.30219636899994,20.944589020000024],[-98.30308005899997,20.94542191000005],[-98.30302464899995,20.94596806000004],[-98.30213173999994,20.94586540100005],[-98.30251590899996,20.94849172000005],[-98.30768345899997,20.946600370000056],[-98.30821614799999,20.945383400000026],[-98.309013828,20.947293600000023],[-98.31349324999996,20.945667289000028],[-98.31576112,20.946833920000074],[-98.31814150999998,20.946296200000063],[-98.31781996999996,20.947040050000055],[-98.32017904999998,20.949054939000064],[-98.32323750999996,20.948249220000037],[-98.32611917099996,20.95173051000006],[-98.32741082999996,20.951838140000064],[-98.32682868999996,20.953857080000034],[-98.32835028999995,20.953497620000064],[-98.33033548999998,20.958452860000023],[-98.32794302999997,20.95915343100006],[-98.32776346099996,20.957817120000072],[-98.32543637999999,20.958019369000056],[-98.32584051999999,20.958675570000025],[-98.32555257999996,20.958862620000048],[-98.32803214999996,20.964642250000054],[-98.33175774999995,20.968942170000048],[-98.33206201999997,20.976319970000077],[-98.33533167999997,20.982789490000073],[-98.33932595099998,20.98558975000003],[-98.33647862999999,20.991888050000057],[-98.33227577999997,20.99378789000008],[-98.32971602999999,20.997274110000035],[-98.33137422899995,21.001214740000023],[-98.32008924999997,21.006296320000047],[-98.32180874999995,21.009341370000072],[-98.32125268999994,21.01176607900004],[-98.31892105999998,21.012799060000077],[-98.31805482999994,21.016435880000074],[-98.31948347999997,21.02700851000003],[-98.31527145999996,21.027762970000026],[-98.31702068899995,21.03068846000008],[-98.31687551099998,21.035481060000052],[-98.31988305999994,21.038857800000073],[-98.319426949,21.045367971000076],[-98.31441165999996,21.04673346000004],[-98.31005142999999,21.04547517000003],[-98.30654056999998,21.04878972000006],[-98.30862617999998,21.054558651000036],[-98.306478,21.05908604900003],[-98.30712173999996,21.06142298000003],[-98.30543837,21.062084291000076],[-98.30431725899996,21.065340940000056],[-98.30416168999994,21.066428549000022],[-98.30507882099994,21.068084230000068],[-98.30402394899994,21.068390770000065],[-98.30496639999996,21.069747911000036],[-98.30262953999994,21.073251710000022],[-98.30613891999997,21.077370750000057],[-98.30852689099999,21.078114570000025],[-98.31083346099996,21.084088371000064],[-98.31551154999994,21.08746005000006],[-98.31458261999995,21.08883294000003],[-98.31670416999998,21.088606911000056],[-98.31480106099997,21.090357450000056],[-98.30837119999995,21.092601140000056],[-98.30631777999997,21.095248179000066],[-98.30533822999996,21.09427560000006],[-98.30234679899996,21.096435910000025],[-98.301481,21.095552800000064],[-98.30262290999997,21.092015460000027],[-98.29924904999996,21.089353250000045],[-98.29527651099994,21.091373340000075],[-98.29572633999999,21.09261526100005],[-98.29380464999997,21.093729320000023],[-98.29348674999994,21.093296660000078],[-98.29232231099996,21.09286091000007],[-98.28581584999995,21.093258370000058],[-98.28526190999997,21.094187370000043],[-98.28689762,21.096470950000025],[-98.29293077999995,21.101558770000054],[-98.28956329,21.105708479000043],[-98.29050051999997,21.108347340000023],[-98.29234870999994,21.109144180000044],[-98.29129414099998,21.115052780000042],[-98.29219442999994,21.11830954000004],[-98.29071268999996,21.119671890000063],[-98.28398587999999,21.120427320000033],[-98.27935450999996,21.126807600000063],[-98.28217376999999,21.13641738000007],[-98.27168641999998,21.13936717000007],[-98.27005025999995,21.139254290000054],[-98.26903516999994,21.13909115000007],[-98.26466821999998,21.14115325000006],[-98.26199707999996,21.14035535100004],[-98.25710233999996,21.133924970000066],[-98.24911037099997,21.12940332000005],[-98.24527342099998,21.132169540000064],[-98.24596097999995,21.134601771000064],[-98.24509614999994,21.13477837000005],[-98.24431124999995,21.134612520000076],[-98.24245451999997,21.136790680000047],[-98.23938305999997,21.138065350000034],[-98.23692059999996,21.143358250000063],[-98.23379630999995,21.140610710000033],[-98.23421218099998,21.142817310000055],[-98.23126162999995,21.14236857000003],[-98.23165608999994,21.144357660000026],[-98.23028022999995,21.14423112000003],[-98.22924062999994,21.145590750000054],[-98.22735004899994,21.150415939000027],[-98.22421121999997,21.149881290000053],[-98.21773305899995,21.151754520000054],[-98.21557537099994,21.150083659000074]]]]}},{"type":"Feature","properties":{"id":"13026","name":"Huazalingo","slug":"huazalingo","regionId":"4","regionName":"Huejutla"},"geometry":{"type":"MultiPolygon","coordinates":[[[[-98.48072801999996,21.055400660000032],[-98.47734810999998,21.045692340000073],[-98.48180298099999,21.03811888000007],[-98.47896771999996,21.039202430000046],[-98.47807374999996,21.037507550000043],[-98.47853982999999,21.037500279000028],[-98.47904035,21.037477220000028],[-98.47910097999994,21.03597325000004],[-98.47654814999999,21.035336200000074],[-98.47656344999996,21.034873110000035],[-98.47663037999996,21.03439662900007],[-98.475153,21.035153510000043],[-98.47556277999996,21.036612520000062],[-98.47087470999998,21.039454979000027],[-98.46104354,21.040177480000068],[-98.45385156999998,21.04224712000007],[-98.450635649,21.044262280000055],[-98.44358717999995,21.043627150000077],[-98.44264979999997,21.04216438000003],[-98.44203330999994,21.04382952000003],[-98.43709145899999,21.044772200000068],[-98.43619314999995,21.046331140000063],[-98.43474201999999,21.046392570000023],[-98.43331096999998,21.044690770000045],[-98.42900328999997,21.045239680000066],[-98.42723027999995,21.04435083000004],[-98.42532519899999,21.046138067000072],[-98.42300122999995,21.044554170000026],[-98.41595535099998,21.043842340000026],[-98.41655085999997,21.039027370000042],[-98.42067225999995,21.03338395000003],[-98.41949445999995,21.031469780000066],[-98.42155816999997,21.02811211100004],[-98.42548410999996,21.02626011900003],[-98.42967801999998,21.02231758000005],[-98.43697645999998,21.020431279000036],[-98.43944396899997,21.01391631000007],[-98.43870071999999,21.010174320000033],[-98.43956009099998,21.010100780000073],[-98.43911925999998,21.008677770000077],[-98.43974837999997,21.008706020000034],[-98.44020047999999,21.008618089000038],[-98.44056184999994,21.003925020000054],[-98.44014521999998,21.003937910000047],[-98.43812342999996,21.00386351000003],[-98.44324570899994,20.97815520000006],[-98.45008771999994,20.965860690000056],[-98.45646642099996,20.96892531000003],[-98.45828476999998,20.968539770000064],[-98.45882669099996,20.966934200000026],[-98.45957607999998,20.965979539000045],[-98.46975305999996,20.960368250000045],[-98.47052257999997,20.960508280000056],[-98.47143742999998,20.961027260000037],[-98.47477365999998,20.965259950000075],[-98.47706739999995,20.965979660000073],[-98.48126188999998,20.965751770000054],[-98.486323111,20.962898491000033],[-98.48651408999996,20.960662400000047],[-98.48859628999998,20.958284140000046],[-98.48964436999995,20.94607067900006],[-98.49700253999998,20.936441820000027],[-98.50403451099999,20.93227957000005],[-98.50876442099997,20.931995780000022],[-98.50976297999995,20.938532230000078],[-98.516211651,20.942923660000076],[-98.51848348099998,20.94153637000005],[-98.51883921999996,20.937611770000046],[-98.52161277099998,20.936095370000032],[-98.52668590999997,20.930359569000075],[-98.53086362999994,20.933112],[-98.52803821999998,20.93520551000006],[-98.52799928999997,20.935829831000035],[-98.52803439999997,20.93641968000003],[-98.52858728999996,20.936906860000022],[-98.52958402999997,20.937291220000077],[-98.53183885999994,20.936587520000046],[-98.53468297999996,20.933591170000057],[-98.53939044999998,20.93258780000008],[-98.53640953899998,20.937700450000023],[-98.53712387999997,20.940225490000046],[-98.53521754999997,20.948385290000033],[-98.53962703099995,20.950233780000076],[-98.539429741,20.950805],[-98.53955545999997,20.951525650000065],[-98.54049229099996,20.95192834000005],[-98.54159901999998,20.952550170000052],[-98.54269951999999,20.955067710000037],[-98.54261204999995,20.95899479900004],[-98.54117270999996,20.959925480000038],[-98.54290936999996,20.960194079000075],[-98.54262823,20.962380649000067],[-98.54103002999994,20.963967660000037],[-98.54212647999998,20.963442920000034],[-98.54145897999996,20.96485977900005],[-98.54270319999995,20.96411752000006],[-98.54306164899998,20.96460146000004],[-98.54328945999998,20.964871690000052],[-98.543237031,20.964979020000044],[-98.54280288899997,20.96617642900003],[-98.54124042999996,20.965589140000077],[-98.54003321999994,20.967616450000037],[-98.542270939,20.966137150000066],[-98.54450914999995,20.969176420000053],[-98.54374393999996,20.97046971000003],[-98.54515068899997,20.969336940000062],[-98.54541206,20.969225660000063],[-98.54782821999999,20.970488540000076],[-98.55076542999996,20.97503168000003],[-98.54888374999996,20.975494690000062],[-98.54698261999994,20.978270660000078],[-98.54345084999994,20.977997110000047],[-98.54265751999998,20.97860870900007],[-98.54247457999998,20.97884583000007],[-98.54298157999995,20.98097665000006],[-98.53833882999999,20.982417820000023],[-98.53669622999996,20.987723510000023],[-98.53699057999995,20.990264371000023],[-98.53478035099994,20.98965669000006],[-98.53274125999997,20.991424600000073],[-98.53369319999996,20.994762260000073],[-98.53232848,20.997039],[-98.53181231999997,21.003917371000057],[-98.53156471999995,21.004301371000054],[-98.53064230999996,21.004807019000054],[-98.53253470999994,21.009096200000045],[-98.52858390999995,21.01552434100006],[-98.53046633999998,21.015387490000023],[-98.52943072099998,21.019662],[-98.53208388099995,21.019013770000072],[-98.53188693999994,21.021805150000034],[-98.53320977999994,21.02210488000003],[-98.53449741999998,21.024582250000037],[-98.53097444999997,21.02384778000004],[-98.53127322999995,21.022492580000062],[-98.53025975099996,21.02274902000005],[-98.53105342999999,21.02525871000006],[-98.52435054999995,21.02699892000004],[-98.52456504899999,21.02983603000007],[-98.52300457999996,21.029421600000035],[-98.52189593999998,21.031091941000057],[-98.52082057099994,21.03077834000004],[-98.51722737999995,21.033424550000063],[-98.51554791999996,21.036671090000027],[-98.51581595,21.040168599000026],[-98.511177751,21.043647080000028],[-98.51036985999997,21.04601052000004],[-98.50756537999996,21.046485619000066],[-98.50709013999995,21.050882600000023],[-98.50412476999998,21.05595769000007],[-98.50091546099998,21.055818050000028],[-98.497625541,21.057529800000054],[-98.48072801999996,21.055400660000032]]]]}},{"type":"Feature","properties":{"id":"13027","name":"Huehuetla","slug":"huehuetla","regionId":"2","regionName":"Tulancingo"},"geometry":{"type":"MultiPolygon","coordinates":[[[[-98.06778265999998,20.673805940000022],[-98.06678288999996,20.673869740000043],[-98.03997941999995,20.631932430000063],[-98.03601714999996,20.63333022000006],[-98.02939277099995,20.632121829000027],[-98.02100999899994,20.626779999000064],[-98.01770979899999,20.60170491100007],[-98.02872816999997,20.589711600000044],[-98.00830564999995,20.53268982000003],[-98.01207593999999,20.52953430900004],[-98.01846264999995,20.528632280000068],[-98.01727162099996,20.525992380000048],[-98.01423327999998,20.524103940000032],[-98.01259185999999,20.525247620000073],[-98.00790430999996,20.524270820000027],[-98.004517879,20.524941311000077],[-98.00283944999995,20.52394128000003],[-98.00327204999996,20.522837879000065],[-98.00023476899997,20.524686820000056],[-97.99930839999996,20.52395308100006],[-97.99876462099996,20.525199860000043],[-97.99792301999997,20.52302431000004],[-97.99497804999999,20.522979510000027],[-97.99265131099997,20.519860820000076],[-97.99002919999998,20.520198710000045],[-97.98974331999995,20.51829943000007],[-97.98537716999994,20.517898970000033],[-97.98528259999995,20.515604350000046],[-97.98934103,20.515454350000027],[-97.99159142099995,20.513046720000034],[-97.99288050999996,20.507632831000024],[-97.99747342999996,20.505879340000035],[-97.99606833999997,20.503304420000063],[-97.99332841899997,20.502525340000034],[-97.99290901999996,20.499611280000067],[-97.99004791999994,20.49790512000004],[-97.98879100099998,20.495385200000044],[-97.99193536999996,20.492817340000045],[-97.99366702999998,20.484913620000043],[-97.99901291999998,20.487117800000078],[-97.99792782999998,20.484379310000065],[-97.9998508,20.482544720000078],[-98.00886477999995,20.482541],[-98.00834251999999,20.474746030000063],[-98.01192262999996,20.471000120000042],[-98.01168697999998,20.469568520000053],[-98.01329789099998,20.468323420000047],[-98.01276370999994,20.466726290000054],[-98.01406574999999,20.466209650000053],[-98.01194656899997,20.463633680000044],[-98.01156194999999,20.461233],[-98.01497424999997,20.45918669100007],[-98.01207979999998,20.45842095000006],[-98.01402254999994,20.457030350000025],[-98.01397291999996,20.456386181000028],[-98.01380896999996,20.45622989000003],[-98.01140483099994,20.456327221000038],[-98.01193961999996,20.455144681000036],[-98.01709385099997,20.454739290000077],[-98.02002173999995,20.44997065000007],[-98.02194824999998,20.448893311000063],[-98.02294141899995,20.449662231000048],[-98.02475305999997,20.448609830000066],[-98.03384982999995,20.44769068900007],[-98.03412916899998,20.445785150000063],[-98.03724561999996,20.44455191000003],[-98.03999094999995,20.440185090000057],[-98.04278562099995,20.44056788000006],[-98.04455365099994,20.436634881000032],[-98.04681393999994,20.436891401000025],[-98.05200125999994,20.441878630000076],[-98.05361877999997,20.43858909000005],[-98.05699233999997,20.43874762100006],[-98.06127271999998,20.435485551000056],[-98.06344027899996,20.435876139000072],[-98.070484261,20.430273170000078],[-98.07427650999995,20.421614659000056],[-98.07660102099999,20.420809950000034],[-98.07610837899995,20.417685050000046],[-98.07189462999997,20.416395220000027],[-98.07204113999995,20.415172290000044],[-98.07269501999997,20.414432801000032],[-98.07641981999996,20.412136260000068],[-98.079044679,20.408928080000067],[-98.07686776899999,20.407025230000045],[-98.07731791099997,20.40311975000003],[-98.08837502899996,20.39640263000007],[-98.08864823,20.390419080000072],[-98.09174841999999,20.386805020000054],[-98.09389048999998,20.38663475100003],[-98.09694494099995,20.38867404900003],[-98.10196876999998,20.38902095000003],[-98.10419984999999,20.394025940000063],[-98.106633,20.394689480000068],[-98.10740064999999,20.393406740000046],[-98.10824353999999,20.393903140000077],[-98.10918642999997,20.39406008900005],[-98.10850027999999,20.395362229000057],[-98.11040044899994,20.39719855000004],[-98.11305756999997,20.396384970000042],[-98.11396885999994,20.398358770000073],[-98.11443573999998,20.397182720000046],[-98.11487097999998,20.39744427900007],[-98.11583248899996,20.401825460000055],[-98.11190751999999,20.404374520000033],[-98.10799093999998,20.403511380000054],[-98.10687930999995,20.404770120000023],[-98.10707577999995,20.406596050000076],[-98.11299037999999,20.409302770000068],[-98.11555137,20.409324749000064],[-98.12174490999996,20.40607890900003],[-98.12434851999996,20.406018820000043],[-98.12454714999996,20.401432060000047],[-98.12659701999996,20.398495860000025],[-98.13056650999994,20.398714280000036],[-98.13430845999994,20.400494940000044],[-98.13759588,20.40003241900007],[-98.137585,20.39809672000007],[-98.14043985099994,20.398371319000034],[-98.14391765999994,20.391422109000075],[-98.14913822899996,20.389261370000042],[-98.15916571999998,20.387743140000055],[-98.16168990999995,20.39256142000005],[-98.17097828999994,20.398377150000044],[-98.17495281899994,20.404109770000048],[-98.17502341999995,20.412988781000024],[-98.17287437999994,20.413499711000043],[-98.17190871999998,20.411803881000026],[-98.16783037999994,20.413353141000073],[-98.16544450999999,20.408831021000026],[-98.15887204999996,20.408436711000036],[-98.15446162999996,20.41186902100003],[-98.15306162999997,20.416574680000053],[-98.14985357999996,20.41719560000007],[-98.15070705099998,20.421091691000072],[-98.14751091999995,20.422551541000075],[-98.14452823,20.42633957000004],[-98.14000422999999,20.426695891000065],[-98.13669111999997,20.430492021000077],[-98.13196022999995,20.429032521000067],[-98.11367759899997,20.439595091000058],[-98.11252394099995,20.442181601000073],[-98.10930896999997,20.442820571000027],[-98.11562094999994,20.449938941000028],[-98.11596365999998,20.45630605200006],[-98.12040916899997,20.45619735200006],[-98.12069448999995,20.459797551000065],[-98.11345719999997,20.468684051000025],[-98.10920125999996,20.47026020000004],[-98.10446764999995,20.47404929100003],[-98.09947557999999,20.475149542000054],[-98.09635805,20.47715712100006],[-98.10520948999994,20.483526851000022],[-98.10144464999996,20.489296081000077],[-98.09891181999996,20.490085401000044],[-98.09491842999995,20.486460631000057],[-98.08506916999994,20.492318881000074],[-98.08396711999995,20.503945351000027],[-98.08981364999994,20.507412251000062],[-98.09011568099999,20.507757281000067],[-98.09000353999994,20.508517021000046],[-98.08686876999997,20.511364121000042],[-98.07880350999994,20.51211980000005],[-98.07539637099995,20.510707551000053],[-98.07326304999998,20.514045631000045],[-98.07180451899995,20.51399932000004],[-98.07325290999995,20.511196631000075],[-98.07331145999996,20.507701741000062],[-98.07185793999997,20.50532657100007],[-98.07257465999999,20.503513351000038],[-98.07090202999996,20.502073521000057],[-98.07116145999998,20.497897351000063],[-98.06353040099998,20.50022928100003],[-98.05859651999998,20.499798431000045],[-98.05288731999997,20.50466092100004],[-98.05000797999998,20.50441683100007],[-98.04978085999994,20.503283401000033],[-98.04796600099996,20.502934201000073],[-98.04307001999996,20.50589945100006],[-98.04747721999996,20.512945450000075],[-98.05449313999998,20.518992121000053],[-98.05721508099998,20.523504151000054],[-98.05641607999996,20.528096051000034],[-98.05781663,20.53144306200005],[-98.05649065999995,20.532612481000058],[-98.05833534999994,20.532070231000034],[-98.05961364999996,20.53303948200005],[-98.05995443099994,20.529640941000025],[-98.06115545999995,20.53237672000006],[-98.06219339899997,20.531697621000035],[-98.06207425999997,20.533730890000072],[-98.06472130999998,20.534179782000024],[-98.07148925999996,20.541539201000035],[-98.07169102999995,20.544394521000072],[-98.06922581899994,20.548134971000025],[-98.07182267999997,20.55378526100003],[-98.06996374,20.557117541000025],[-98.07021490999995,20.560349401000053],[-98.06980121999999,20.560758371000077],[-98.06930982999995,20.56126368100007],[-98.07114431999997,20.56610934100007],[-98.07029714999999,20.56906857100006],[-98.07788650999998,20.565902341000026],[-98.07966528999998,20.572047311000063],[-98.08746118,20.574082651000026],[-98.09324831999999,20.57426514100007],[-98.09564088099995,20.57947037100007],[-98.09450614999997,20.584310291000065],[-98.09110173999994,20.585476091000032],[-98.08877953999996,20.590912721000052],[-98.08964226099994,20.590813981000053],[-98.09522965999997,20.599869230000024],[-98.09529057999998,20.60375017100006],[-98.09637865099995,20.604759200000046],[-98.09478670999994,20.60809578100003],[-98.10052487999997,20.614026890000048],[-98.09830342899994,20.61702894000007],[-98.10055236999995,20.621249050000074],[-98.09861979999994,20.624089490000074],[-98.09499465,20.625548740000056],[-98.09101419999996,20.623381250000023],[-98.08718084999998,20.62287677000006],[-98.08723219899997,20.626259150000067],[-98.08545605099994,20.629759620000073],[-98.08060970999998,20.633513980000032],[-98.08271169099999,20.642206830000077],[-98.08119717999995,20.64340757100007],[-98.07931796999998,20.649696120000044],[-98.07195810899998,20.65772063000003],[-98.07255461999995,20.660660650000068],[-98.07033467999997,20.668445520000034],[-98.07160388999995,20.670054150000055],[-98.07564181999999,20.670283141000027],[-98.07657882999996,20.674449550000077],[-98.07536697999996,20.676335220000055],[-98.07183525999994,20.677177120000067],[-98.06778265999998,20.673805940000022]]]]}},{"type":"Feature","properties":{"id":"13028","name":"Huejutla de Reyes","slug":"huejutla-de-reyes","regionId":"4","regionName":"Huejutla"},"geometry":{"type":"MultiPolygon","coordinates":[[[[-98.47425445999994,21.250911350000024],[-98.46835973899994,21.249651140000026],[-98.470493,21.244497570000078],[-98.46851857999997,21.236740680000025],[-98.46925782999995,21.234163980000062],[-98.47149076899996,21.233788739000033],[-98.47170436899995,21.23240626100005],[-98.47583056999997,21.233053850000033],[-98.48081488099996,21.230674650000026],[-98.48174121999995,21.22869989000003],[-98.48005064999995,21.228144660000055],[-98.48029673999997,21.22660865000006],[-98.47919526099997,21.22645177000004],[-98.47965663099995,21.223888461000058],[-98.47572965099994,21.22042871000008],[-98.47280665999995,21.219810550000034],[-98.46775950999995,21.223840710000047],[-98.46650622899995,21.219900120000034],[-98.45694787899998,21.214833],[-98.45591393899997,21.212260280000066],[-98.45289289099998,21.21003195000003],[-98.45962606099994,21.20480175000006],[-98.457067769,21.202879030000076],[-98.45298007999997,21.20327005000007],[-98.44935957999996,21.201993050000056],[-98.446673,21.19962],[-98.44906708899998,21.193626320000078],[-98.44842794899995,21.18848380000003],[-98.44939984999996,21.186670690000028],[-98.44676690999995,21.17981315000003],[-98.44545931999994,21.180620119000025],[-98.44513342899995,21.17867240100003],[-98.44204884399994,21.178372199000023],[-98.43896324899998,21.176221550000037],[-98.43704150999997,21.177170490000037],[-98.43546059999994,21.174550660000023],[-98.43299814999995,21.174778830000037],[-98.43235248999997,21.17225620000005],[-98.43010748999995,21.172787741000036],[-98.42944445999996,21.171560310000075],[-98.43025564899995,21.16804606000005],[-98.42371097999995,21.167174600000067],[-98.42345442899995,21.16352211000003],[-98.42037913999997,21.161455490000037],[-98.41871304899996,21.162385279000034],[-98.41875807999998,21.161334880000027],[-98.41708788999995,21.160399120000022],[-98.417758,21.15952120000003],[-98.41636879999999,21.15726494000006],[-98.41643568999996,21.154981889000055],[-98.40989724999997,21.154096630000026],[-98.40541854799994,21.15470668000006],[-98.40454444999995,21.152651891000062],[-98.40319688999995,21.15442451000007],[-98.40443419899998,21.156332690000056],[-98.40380897999995,21.15759245000004],[-98.40105823,21.15590295000004],[-98.40065739999994,21.15816159900004],[-98.39953368999994,21.158588080000072],[-98.39780193999997,21.15647826000003],[-98.39689313899999,21.158026620000044],[-98.39309950999996,21.15883622000007],[-98.39113208999999,21.160536320000062],[-98.39075693999996,21.158863430000054],[-98.38933274999994,21.158667880000053],[-98.38809951999997,21.15927546000006],[-98.38845350899999,21.161641020000047],[-98.38680796999995,21.16225914000006],[-98.38404217999994,21.160908650000067],[-98.38359719999994,21.158460829000035],[-98.38148930899996,21.159303140000077],[-98.38093853999999,21.159062320000032],[-98.38016741999996,21.158363420000057],[-98.38021951999997,21.155124740000076],[-98.36774019899997,21.158830970000054],[-98.36624107999995,21.162235060000057],[-98.36552061999998,21.162112751000052],[-98.36496607999999,21.16173838000003],[-98.36574328899997,21.161047090000068],[-98.36506314999997,21.158095180000032],[-98.36296227999998,21.158410220000064],[-98.36203993999999,21.157049030000053],[-98.35947833999995,21.157615660000033],[-98.35814102999996,21.156289180000044],[-98.35739496899998,21.15788875000004],[-98.35558802999998,21.157894380000073],[-98.35368264999994,21.15980477000005],[-98.35075422999995,21.15714268000005],[-98.35058216999994,21.159867650000024],[-98.34211254999997,21.160773710000058],[-98.34088671899997,21.164823630000058],[-98.34235647999998,21.167190150000067],[-98.33814957099997,21.172770909000064],[-98.33271516999997,21.174467551000077],[-98.32755961999999,21.179114880000043],[-98.32114636999995,21.181262980000042],[-98.31585590999998,21.18687962000007],[-98.31454348999995,21.18568151000005],[-98.31330413999996,21.186158659000057],[-98.31331436999994,21.18550957900004],[-98.31342822899995,21.18491652000006],[-98.31118847999994,21.183434850000026],[-98.30844527999994,21.184814911000046],[-98.30790611099997,21.182847800000047],[-98.30911127999997,21.18165578000003],[-98.30803421999997,21.180251940000062],[-98.30678747999997,21.180370551000067],[-98.30594455,21.182835370000078],[-98.30543853999995,21.18290028000007],[-98.30499994999997,21.182956540000077],[-98.30538370999994,21.181294770000022],[-98.30084759999994,21.18000249100004],[-98.30108328999995,21.17828718000004],[-98.29790337099996,21.177402490000077],[-98.29799988899998,21.17906934000007],[-98.29922676999996,21.179509060000044],[-98.29830522999998,21.180121600000064],[-98.29858325999999,21.183543691000068],[-98.29953668899998,21.183418940000024],[-98.29956813999996,21.184128350000037],[-98.29821553999994,21.18457871000004],[-98.29774557999997,21.182706970000027],[-98.29597868999997,21.183036800000025],[-98.29615026099998,21.18796154100005],[-98.29336499899995,21.188881750000064],[-98.28717821999999,21.194296200000053],[-98.27810228899995,21.192022],[-98.27551631999995,21.187373060000027],[-98.27887445899995,21.182858450000026],[-98.27857934999997,21.17258472000003],[-98.28186061999997,21.168055820000063],[-98.28314715,21.163971110000034],[-98.28639567999994,21.16139665000003],[-98.29071594099997,21.160562690000063],[-98.29535381999995,21.15597185000007],[-98.29573302999995,21.155273110000053],[-98.29592225,21.153613260000043],[-98.29571870999996,21.14866526000003],[-98.29451371,21.147188549000077],[-98.28624942,21.14508735000004],[-98.28077939999997,21.14102569000005],[-98.28263745999999,21.13827506100006],[-98.27935450999996,21.126807600000063],[-98.28398587999999,21.120427320000033],[-98.29071268999996,21.119671890000063],[-98.29219442999994,21.11830954000004],[-98.29129414099998,21.115052780000042],[-98.29234870999994,21.109144180000044],[-98.29050051999997,21.108347340000023],[-98.28956329,21.105708479000043],[-98.29293077999995,21.101558770000054],[-98.28689762,21.096470950000025],[-98.28526190999997,21.094187370000043],[-98.28581584999995,21.093258370000058],[-98.29232231099996,21.09286091000007],[-98.29348674999994,21.093296660000078],[-98.29380464999997,21.093729320000023],[-98.29572633999999,21.09261526100005],[-98.29527651099994,21.091373340000075],[-98.29924904999996,21.089353250000045],[-98.30262290999997,21.092015460000027],[-98.301481,21.095552800000064],[-98.30234679899996,21.096435910000025],[-98.30533822999996,21.09427560000006],[-98.30631777999997,21.095248179000066],[-98.30837119999995,21.092601140000056],[-98.31480106099997,21.090357450000056],[-98.31732902899995,21.088111620000063],[-98.32353494999995,21.089635180000073],[-98.32701753899994,21.09270218100005],[-98.33172957999994,21.09208846100006],[-98.32957665999999,21.09750260000004],[-98.330986769,21.098872950000043],[-98.33139833999996,21.103124781000076],[-98.33061528999997,21.107533140000044],[-98.32842602999995,21.110435230000064],[-98.32987347999995,21.111831340000037],[-98.34248634999994,21.105494820000047],[-98.34079524999999,21.102135970000063],[-98.33987826099997,21.100432460000036],[-98.34378904899995,21.097094089000052],[-98.34560474999995,21.10003892000003],[-98.35031424999994,21.09772698000006],[-98.35176528899996,21.09899949000004],[-98.35280615099998,21.098529910000025],[-98.35197816999994,21.09943794900005],[-98.35453370999994,21.102458800000022],[-98.36000059999998,21.102713660000063],[-98.36037664999998,21.10169762000004],[-98.36356837999995,21.101196880000032],[-98.36392713899994,21.10239758000006],[-98.36504694999996,21.102691460000074],[-98.36566831,21.102550380000025],[-98.36727659999997,21.10110455100005],[-98.36751828999996,21.100112571000068],[-98.37340044999996,21.099582180000027],[-98.37087822999996,21.094175171000074],[-98.37206596999994,21.092413630000067],[-98.37519368999995,21.090949350000074],[-98.38145162999996,21.09291868100007],[-98.38317164999995,21.092284170000028],[-98.38610790999996,21.090431220000028],[-98.38749785999994,21.086740080000027],[-98.39294487999996,21.08119238000006],[-98.38714351099998,21.078519580000034],[-98.38740264999996,21.076273370000024],[-98.38209756999998,21.07120977900007],[-98.38263436899996,21.069979540000077],[-98.38132474999998,21.06716175100007],[-98.38189952,21.06648780000006],[-98.38214141999998,21.066275450000035],[-98.381637201,21.06599846000006],[-98.38078428999995,21.06525085000004],[-98.39167465899999,21.062272910000047],[-98.39318617899994,21.06362917100006],[-98.39584945999997,21.062049830000035],[-98.39699688899998,21.06313102000007],[-98.39821017999998,21.060053740000058],[-98.40349331999994,21.056617120000055],[-98.40306131999995,21.055119860000048],[-98.40419606099994,21.053843310000047],[-98.40497321999999,21.052303600000073],[-98.40319004999998,21.049725780000074],[-98.403434,21.04675511000005],[-98.40895410999997,21.044491320000077],[-98.41039131999997,21.04597134000005],[-98.41190534999998,21.045893720000038],[-98.41595535099998,21.043842340000026],[-98.42300122999995,21.044554170000026],[-98.42532520099996,21.046138074000055],[-98.42723027999995,21.04435083000004],[-98.42900328999997,21.045239680000066],[-98.43331096999998,21.044690770000045],[-98.43598341999996,21.04637383000005],[-98.43709145899999,21.044772200000068],[-98.44203330999994,21.04382952000003],[-98.44264979999997,21.04216438000003],[-98.44358717999995,21.043627150000077],[-98.450635649,21.044262280000055],[-98.45385156999998,21.04224712000007],[-98.46104354,21.040177480000068],[-98.47087470999998,21.039454979000027],[-98.47556277999996,21.036612520000062],[-98.475153,21.035153510000043],[-98.47663037999996,21.03439662900007],[-98.47656344999996,21.034873110000035],[-98.47654814999999,21.035336200000074],[-98.47910097999994,21.03597325000004],[-98.47904035,21.037477220000028],[-98.47853982999999,21.037500279000028],[-98.47807374999996,21.037507550000043],[-98.47896771999996,21.039202430000046],[-98.48180298099999,21.03811888000007],[-98.47734810999998,21.045692340000073],[-98.48072801999996,21.055400660000032],[-98.497625541,21.057529800000054],[-98.50091546099998,21.055818050000028],[-98.50392785999998,21.056028510000033],[-98.50799654999997,21.050332310000044],[-98.51154817999998,21.049618140000064],[-98.51758916999995,21.046041690000038],[-98.52103419999997,21.046664629000077],[-98.52744041999995,21.045043830000054],[-98.53001127899995,21.042996250000044],[-98.53452687999999,21.043835150000064],[-98.53648765999998,21.044208679000064],[-98.54759654999998,21.052924349000023],[-98.54910624999997,21.057539460000044],[-98.55645448999996,21.064411420000056],[-98.56151651,21.06558811000008],[-98.56583450999995,21.06468571000005],[-98.57042791999999,21.06259797900003],[-98.57580045999998,21.057832460000043],[-98.57732982899995,21.065270551000026],[-98.58303708999995,21.068789940000045],[-98.59067032099995,21.076265310000053],[-98.59456311999998,21.077118230000053],[-98.60408354999998,21.07486865000004],[-98.60077207999996,21.083428080000033],[-98.60422757099997,21.084290520000025],[-98.60808071999998,21.087539340000035],[-98.61301417099997,21.085528690000046],[-98.61576645999997,21.08680480000004],[-98.61406854999996,21.090955250000036],[-98.61713284999996,21.09377654000008],[-98.61464596999997,21.101852430000065],[-98.61459584899995,21.121990630000028],[-98.61746621999998,21.12514505000007],[-98.61499177999997,21.127074281000034],[-98.60833930999996,21.129077770000038],[-98.60504468099998,21.130939820000037],[-98.60368177999999,21.13324682900003],[-98.60361809099999,21.13169317100005],[-98.60358501999997,21.130319550000024],[-98.60316053999998,21.13064956900007],[-98.60275697999998,21.130805601000077],[-98.60181199899995,21.12828195000003],[-98.59574446,21.127419520000046],[-98.59765682999995,21.123664980000058],[-98.59707688999998,21.123384060000035],[-98.59439353999994,21.123230540000066],[-98.59123451999994,21.125509540000053],[-98.58699976999998,21.12553592000006],[-98.58559916999997,21.12383968100005],[-98.58684853899996,21.121583910000027],[-98.58582797099996,21.121178430000043],[-98.58508173999996,21.120910110000068],[-98.58157401999995,21.125705340000025],[-98.58205546,21.129916820000062],[-98.58095481999999,21.137489050000056],[-98.57323770899995,21.141308921000075],[-98.56885165999995,21.145668741000065],[-98.56713671999995,21.15038011000007],[-98.56142524999996,21.154488120000053],[-98.55989322,21.154107620000048],[-98.55637985999994,21.150183851000065],[-98.55447748999995,21.140918630000044],[-98.55178521999994,21.137554],[-98.54978739999996,21.131966770000076],[-98.55530636999998,21.121103920000053],[-98.55140487999995,21.12178132100007],[-98.55533275,21.114370860000065],[-98.55314782,21.11364591100005],[-98.55364505899996,21.110186979000048],[-98.55307247999997,21.110827090000043],[-98.54869268999994,21.109317060000024],[-98.53949537999995,21.110854909000068],[-98.53836582999998,21.115457],[-98.53576302,21.113631850000047],[-98.53455825999998,21.110414030000072],[-98.52781421999998,21.11505040000003],[-98.52602574999997,21.11392845000006],[-98.52448070899999,21.115065919000074],[-98.52136374999998,21.125396890000047],[-98.51696148999997,21.12460180000005],[-98.50863994899998,21.13092294100005],[-98.51026051999997,21.12575762000006],[-98.50661570999995,21.124486370000056],[-98.50091627999996,21.132256350000034],[-98.49859908999997,21.13847315000004],[-98.49173777999994,21.143909740000026],[-98.49143165999999,21.145236460000035],[-98.49346017999994,21.146398720000036],[-98.49290976999998,21.154104820000043],[-98.49386202899996,21.154153250000036],[-98.49378821899995,21.15453498000005],[-98.49322039999998,21.155447520000052],[-98.49415004999997,21.155737290000047],[-98.49220025999995,21.15805123000007],[-98.49594276999994,21.160616480000044],[-98.49659187999998,21.16449369000003],[-98.49889630999996,21.163690279000036],[-98.49910304999997,21.16483162000003],[-98.50197450999997,21.164999739000052],[-98.50294703099996,21.168033050000076],[-98.50627056999997,21.16789883000007],[-98.50680608,21.169757920000052],[-98.51137756999998,21.170528800000056],[-98.51112094999996,21.171343660000048],[-98.52016951999997,21.17230858000005],[-98.51958373999997,21.175078540000072],[-98.51676274,21.174476430000027],[-98.51467492099994,21.176639370000032],[-98.51611997999998,21.17805437000004],[-98.51586911899994,21.17838014000006],[-98.51543347999996,21.178933629000028],[-98.51677042999995,21.180984479000074],[-98.51726528999995,21.185614170000065],[-98.51880864999998,21.186749510000027],[-98.51777124999995,21.19037415100007],[-98.51845996999998,21.19012125100005],[-98.51854829099995,21.190088820000028],[-98.51897902999997,21.19181646000004],[-98.52033551999995,21.19196752000005],[-98.52511250899994,21.19772001900003],[-98.52838591999995,21.19739911000005],[-98.52997176999997,21.19897229000003],[-98.53350200099999,21.196596489000058],[-98.53446499299997,21.19764900800004],[-98.53656058099995,21.19993934000007],[-98.53587159999995,21.20035142000006],[-98.53721203099997,21.201335310000047],[-98.53631801999995,21.201809],[-98.53686881999994,21.202375920000065],[-98.535235,21.202559690000044],[-98.53585914999996,21.203647080000053],[-98.53504765899999,21.203267250000067],[-98.53523087999997,21.204452510000067],[-98.53337791999996,21.20530431000003],[-98.53284965999995,21.207647850000058],[-98.54727670999995,21.20614094000007],[-98.54748297999998,21.205504510000026],[-98.54756965999997,21.205174170000078],[-98.54908025899994,21.205271220000043],[-98.54888408999994,21.202793420000035],[-98.55205462999999,21.200962851000043],[-98.55174562999997,21.204987490000065],[-98.55347588899997,21.207874030000028],[-98.55133466099994,21.21165080000003],[-98.54687981999996,21.214194521000024],[-98.54472712099994,21.22463515000004],[-98.53952053899997,21.232217260000027],[-98.53664950999996,21.23343938000005],[-98.53567345,21.235019140000077],[-98.53465869099995,21.233666490000076],[-98.53133996999998,21.233820490000028],[-98.52936731999995,21.235980750000067],[-98.52565366099998,21.23724365100003],[-98.52410231899995,21.241089060000036],[-98.52505116999998,21.242438570000047],[-98.52374041899998,21.243823339000073],[-98.52161876999998,21.243105290000074],[-98.51454387799998,21.24470081800007],[-98.51348060099997,21.246161350000023],[-98.50922497999994,21.246059260000038],[-98.50832659999998,21.247072570000057],[-98.50430651,21.247067320000042],[-98.50263721999994,21.245845650000035],[-98.50137370999994,21.24775772000004],[-98.49983217999994,21.247756680000066],[-98.50049842899995,21.251672950000057],[-98.49900978099998,21.25223114000005],[-98.49319717999998,21.250521680000077],[-98.49313762999998,21.251756509000074],[-98.48700537999997,21.250667581000073],[-98.47699550999994,21.25236022000007],[-98.47425445999994,21.250911350000024]]]]}},{"type":"Feature","properties":{"id":"13043","name":"Nicolás Flores","slug":"nicolas-flores","regionId":"8","regionName":"Ixmiquilpan"},"geometry":{"type":"MultiPolygon","coordinates":[[[[-99.17011159999998,20.898740049000025],[-99.16805653999995,20.894773180000072],[-99.16339354999997,20.894373710000025],[-99.15819652,20.897193550000054],[-99.15436404899998,20.893536710000035],[-99.15622088899994,20.88909571000005],[-99.15912554999994,20.887000569000065],[-99.14020659999994,20.888419570000053],[-99.13341853999998,20.886338720000026],[-99.12916289099996,20.87989734000007],[-99.13259454999996,20.877470080000023],[-99.13391565999996,20.874923550000062],[-99.13609085999997,20.87418106000007],[-99.13112485,20.87013594000007],[-99.12377438099998,20.874197351000078],[-99.11820106099998,20.879764419000026],[-99.11504025099998,20.881162370000027],[-99.11361218099995,20.87983122000003],[-99.11210805999997,20.87205128000005],[-99.11381159999996,20.86948565000006],[-99.11709170999995,20.869703250000043],[-99.11953884999997,20.867536089000055],[-99.12904694999997,20.863426950000076],[-99.13239182099994,20.857689780000044],[-99.13575756999995,20.855519250000043],[-99.13555097999995,20.852291880000053],[-99.14321822999995,20.84900975000005],[-99.14389881899996,20.845982520000064],[-99.14211693999994,20.842993620000072],[-99.14342032099995,20.839131690000045],[-99.14043891999995,20.83447952000006],[-99.14055384999995,20.83106254000006],[-99.13799801999994,20.829382400000043],[-99.13459329099999,20.83498560000004],[-99.13272211999998,20.83514260100003],[-99.13169991999996,20.836892770000077],[-99.12758351999997,20.838744079000037],[-99.12368377999996,20.835371420000058],[-99.122758149,20.829347320000068],[-99.11437187899998,20.824174370000037],[-99.10981827999996,20.82455334900004],[-99.10761917999997,20.828126750000024],[-99.10531717999999,20.827789780000046],[-99.10674374999996,20.822440940000035],[-99.10246695099994,20.81813746000006],[-99.09891268999996,20.808977120000065],[-99.10174030999997,20.80492606000007],[-99.10476402999996,20.80458266000005],[-99.10441168999995,20.80313428000005],[-99.09392222999998,20.80411218000006],[-99.09222321999994,20.805110780000064],[-99.09790254999996,20.797128539000028],[-99.09662662999995,20.79310638000004],[-99.09784564999995,20.791900181000074],[-99.10131467999997,20.791629580000063],[-99.10124928,20.788592820000076],[-99.10303797999995,20.78667186000007],[-99.10345821999994,20.782244260000027],[-99.10102984999997,20.779965520000076],[-99.10090713999995,20.779735281000058],[-99.09982032,20.77674546000003],[-99.09610987999997,20.781399630000067],[-99.09609211099996,20.78277791000005],[-99.08842979999997,20.78147912000003],[-99.085271,20.782272740000053],[-99.083258861,20.77987414100005],[-99.08077140099994,20.779581350000058],[-99.080466861,20.76865317000005],[-99.08182648899998,20.76762352000003],[-99.08258964899994,20.767301600000053],[-99.08709165899995,20.767751910000072],[-99.09026317899998,20.759285480000074],[-99.09461716899995,20.756431620000058],[-99.09734019899997,20.75122386000004],[-99.10272076899997,20.753304420000063],[-99.10458767899996,20.752228200000047],[-99.11203788899996,20.751936079000075],[-99.11228111899999,20.749017940000044],[-99.12201113899994,20.746959080000067],[-99.11745641899995,20.742771970000035],[-99.11731382899995,20.74148948000004],[-99.11866687899999,20.740566510000065],[-99.116712109,20.735863660000064],[-99.11737217899997,20.734860690000062],[-99.11942225899998,20.737257020000072],[-99.12197904899995,20.737898571000073],[-99.12191691799995,20.733170460000053],[-99.12427991799996,20.72778057000005],[-99.12883957899999,20.727865940000072],[-99.13832022899999,20.73030237000006],[-99.13688450899997,20.723513119000074],[-99.13354570899997,20.719484890000047],[-99.13180013899995,20.713875690000066],[-99.13837488899998,20.71658553900005],[-99.14301514999994,20.71178580000003],[-99.14719553899994,20.70971957000006],[-99.15407464899994,20.711424780000073],[-99.15997007899995,20.710545289000038],[-99.16313665799998,20.707987079000077],[-99.16397451899996,20.708593910000047],[-99.16415405899994,20.70991582000005],[-99.17583810999997,20.71104445000003],[-99.176703509,20.70878195100005],[-99.18049971999994,20.708611180000048],[-99.18219674999995,20.70697129000007],[-99.19286689099994,20.705789949000064],[-99.20150651899996,20.702703600000063],[-99.20537361999999,20.696636890000036],[-99.21739416999998,20.69816497000005],[-99.21973626,20.695367],[-99.21968395,20.69255368000006],[-99.22460373999996,20.690332450000028],[-99.22518793899997,20.693734970000037],[-99.22634865999999,20.695321660000047],[-99.22775197099998,20.69772480000006],[-99.23230657099998,20.701011779000055],[-99.237329919,20.707698550000032],[-99.23826539999999,20.706202420000068],[-99.24313439999997,20.703414080000073],[-99.24510213999997,20.703958310000075],[-99.24638171899994,20.703358800000046],[-99.24733011099994,20.703059950000068],[-99.25090430999995,20.704098140000042],[-99.25251176999996,20.70267466000007],[-99.26116176999994,20.700158400000078],[-99.27449596899999,20.69910962000006],[-99.27502114899994,20.700280520000035],[-99.27320779899998,20.701574400000027],[-99.27251117799995,20.70395220100005],[-99.26756244899997,20.710332230000063],[-99.26419079999994,20.712825380000027],[-99.26212525899996,20.720021460000055],[-99.25703210899997,20.72387180000004],[-99.25617114999994,20.72757175000004],[-99.25683657899998,20.730365430000063],[-99.25574545999996,20.73228],[-99.25655311899999,20.733695520000026],[-99.25538030999996,20.736162],[-99.25629984899996,20.74269252000005],[-99.25995607899995,20.747576260000073],[-99.26064565899998,20.747784799000044],[-99.26128770899999,20.747839510000063],[-99.26093594999998,20.748575780000067],[-99.26625593899996,20.750498890000074],[-99.26484501899995,20.752484090000053],[-99.263378489,20.75242269000006],[-99.26391276899994,20.753500260000067],[-99.26230870899997,20.755459630000075],[-99.25956081899994,20.755610340000032],[-99.25666088799994,20.758585630000027],[-99.25403041799996,20.759253620000038],[-99.25224016899995,20.762710600000048],[-99.24424374799997,20.75863183000007],[-99.24154976899996,20.75836497000006],[-99.23110617899994,20.76337472000006],[-99.23051437999999,20.76497628000004],[-99.22691301899994,20.767419449000045],[-99.22546890899997,20.770709820000036],[-99.22697779799995,20.773015890000067],[-99.22840324899994,20.772492830000033],[-99.23370647899998,20.77441777000007],[-99.23743225899995,20.778806490000022],[-99.23650357899999,20.781491541000037],[-99.23744142899994,20.783691340000075],[-99.23905202899994,20.784227460000068],[-99.24051007899999,20.793498920000047],[-99.23964782899998,20.79870434000003],[-99.24065997899999,20.800317970000037],[-99.24036559899997,20.80432974000007],[-99.23627304899998,20.80516337000006],[-99.237189619,20.804466],[-99.23596990899995,20.804004290000023],[-99.23334105999999,20.806220650000057],[-99.23558127899997,20.807435860000055],[-99.23299930899998,20.806501911000055],[-99.23144247899995,20.809244680000063],[-99.22933124899998,20.81019691000006],[-99.22293088899994,20.808652600000073],[-99.22186810899996,20.810688910000067],[-99.21734554999995,20.811132830000076],[-99.21536639899995,20.813849830000038],[-99.21216968999994,20.81375551900004],[-99.21022230899996,20.817337310000028],[-99.21076365999994,20.818471060000036],[-99.20875005899995,20.819267830000058],[-99.210813509,20.830133940000053],[-99.20881419899996,20.835899290000043],[-99.21312930899995,20.83798894000006],[-99.21432119899998,20.837542660000054],[-99.21391487899996,20.836195860000032],[-99.21639642899999,20.836802060000025],[-99.21791470899996,20.83801358100004],[-99.21797073899995,20.839929140000038],[-99.21657081899997,20.83942503000003],[-99.21646371999998,20.842152721000048],[-99.20975545999994,20.853526630000033],[-99.21267056999994,20.855720620000056],[-99.21313907899997,20.856378720000066],[-99.21293028899998,20.857483220000063],[-99.20709941899997,20.86049514000007],[-99.20947885899994,20.86667832100005],[-99.20578504899999,20.870229549000044],[-99.20285274899999,20.870654350000052],[-99.20261517899996,20.87346998000004],[-99.19751274899994,20.873136860000045],[-99.19812081899994,20.876020620000077],[-99.20403287899995,20.880284580000023],[-99.20323788999997,20.889472890000036],[-99.19863427999996,20.89448845000004],[-99.190739,20.890515980000032],[-99.19088771999998,20.892014720000077],[-99.19086297999996,20.893144680000034],[-99.18864611999999,20.89527466000004],[-99.18019461999995,20.892030259000023],[-99.17517591099994,20.893517689000078],[-99.17549462899996,20.895129061000034],[-99.17305308999994,20.898349220000057],[-99.17011159999998,20.898740049000025]]]]}},{"type":"Feature","properties":{"id":"13066","name":"Villa de Tezontepec","slug":"villa-de-tezontepec","regionId":"6","regionName":"Tizayuca"},"geometry":{"type":"MultiPolygon","coordinates":[[[[-98.78841102099994,19.95986362000008],[-98.78354208099995,19.958295340000063],[-98.77750585899997,19.95301254000003],[-98.77557911999997,19.94965114000007],[-98.76768279999999,19.94586663000007],[-98.77002194099998,19.943723740000053],[-98.75871534999999,19.937004397000067],[-98.75882357999996,19.93509634000003],[-98.75527509099999,19.927628580000032],[-98.75170728999996,19.925613940000062],[-98.74992725099997,19.92668862000005],[-98.74606281999996,19.92651557000005],[-98.74448993999994,19.92334825000006],[-98.74387865899996,19.92288818000003],[-98.74297417999998,19.922632750000048],[-98.74180046099997,19.91816165000006],[-98.74369382999998,19.91745442000007],[-98.74173293999996,19.91570192000006],[-98.75280179999999,19.910981999000057],[-98.75680654099995,19.90336369000005],[-98.75660437,19.902280260000055],[-98.75633026099996,19.901275460000022],[-98.75554214999994,19.901609180000037],[-98.75131239999996,19.897362980000025],[-98.75356396999996,19.89280989100007],[-98.75190068999996,19.888250371000026],[-98.75469905099999,19.876790460000052],[-98.76145096999994,19.874902380000037],[-98.76730982999999,19.876602260000027],[-98.78057411999998,19.883540551000067],[-98.78750513999995,19.878920950000065],[-98.79392681899998,19.872084090000044],[-98.79162119899996,19.871243940000056],[-98.79142753999997,19.868882690000078],[-98.78949670999998,19.868542690000027],[-98.78952033699994,19.868491465000034],[-98.79106421999995,19.86514402100005],[-98.79002195099997,19.86354557900006],[-98.79079298,19.86228065000006],[-98.78972153999996,19.861886850000076],[-98.79517247999996,19.856414690000065],[-98.80483018099994,19.862381],[-98.80619936999994,19.864586260000067],[-98.81367557999994,19.865871741000035],[-98.81623367999998,19.868969381000056],[-98.81713524999998,19.867284150000046],[-98.83818213899997,19.87942054000007],[-98.83665425899994,19.88121952000006],[-98.84403367999994,19.88198826000007],[-98.84095154999994,19.89230886000007],[-98.85583001899994,19.904280150000034],[-98.86589594099996,19.892586890000075],[-98.87061995,19.894958029000065],[-98.85482408899998,19.912882550000063],[-98.87617474899997,19.932596260000025],[-98.87125553999994,19.942263249000064],[-98.84298294999996,19.925724751000075],[-98.80087496899995,19.97238691000007],[-98.79767857899998,19.96656586000006],[-98.78841102099994,19.95986362000008]]]]}},{"type":"Feature","properties":{"id":"13068","name":"Tianguistengo","slug":"tianguistengo","regionId":"9","regionName":"Zacualtipán"},"geometry":{"type":"MultiPolygon","coordinates":[[[[-98.50450936999994,20.885405740000067],[-98.50237722099996,20.885606651000046],[-98.49998124999996,20.883408169000063],[-98.49895967999998,20.879217250000067],[-98.49344964999995,20.87904683100004],[-98.48953673999995,20.880408141000032],[-98.48804545999997,20.874787311000034],[-98.48728299899994,20.87410792000003],[-98.48369556999995,20.875287180000043],[-98.48177071999999,20.87657255000005],[-98.47937025099998,20.872682750000024],[-98.47313962899995,20.872207650000064],[-98.47195451999994,20.870607800000073],[-98.46892627999995,20.86976689000005],[-98.46798057999996,20.87400799900007],[-98.46642710999998,20.87499463000006],[-98.46579908999996,20.87432892000004],[-98.46500159999994,20.87412358000006],[-98.46409845999995,20.875349780000022],[-98.46608648899996,20.87799368000003],[-98.46258436999995,20.87798292100007],[-98.46192739999998,20.879250180000042],[-98.45808208999995,20.876810600000056],[-98.45667024999995,20.87130934000004],[-98.44425376999999,20.863170081000078],[-98.43115070999994,20.856848911000043],[-98.42822248899995,20.85110603000004],[-98.42513830899998,20.84960458000006],[-98.426866911,20.847101830000042],[-98.42763195099997,20.849305480000055],[-98.43063857999994,20.847672430000046],[-98.43073879999997,20.846636600000068],[-98.430522651,20.846693650000077],[-98.42952067999994,20.846958120000068],[-98.43232487999995,20.840977060000057],[-98.43318674899996,20.841834581000057],[-98.43937542999998,20.838335581000024],[-98.44045428099997,20.835648049000042],[-98.443680181,20.834323510000047],[-98.44402745999997,20.82899223000004],[-98.45107181999998,20.820027570000036],[-98.45212364999998,20.812881510000068],[-98.45043261899997,20.81022826000003],[-98.44921876999996,20.810094709000055],[-98.44934174999997,20.80731411000005],[-98.45585202999996,20.78951905100007],[-98.46051605999997,20.788127950000046],[-98.46323055,20.785177110000063],[-98.46213627999998,20.780353830000024],[-98.46051696999996,20.778983140000037],[-98.46392357099995,20.775114341000062],[-98.46434571999998,20.77192597100003],[-98.46164621899999,20.770170310000026],[-98.46009941999995,20.762848339000072],[-98.45603717999995,20.75561035000004],[-98.44972887999995,20.751345710000066],[-98.45279982999995,20.748508350000066],[-98.45756613999998,20.746907290000024],[-98.46194868099997,20.745766290000063],[-98.46768562999995,20.74613394900007],[-98.47069985999997,20.74494272000004],[-98.47601268999995,20.738925321000067],[-98.49681113999998,20.736830120000036],[-98.50361050999999,20.73222669000006],[-98.50728719999995,20.738050369000064],[-98.50813864999998,20.74418940000004],[-98.51278924999997,20.74436023000004],[-98.51597000099997,20.74322809000006],[-98.51779631999995,20.740159939000023],[-98.51443965999994,20.736179910000033],[-98.51449331999999,20.73232237900004],[-98.51053262999994,20.73386277000003],[-98.50643805999994,20.73311915000005],[-98.51015957099997,20.730590230000075],[-98.51097488999994,20.72867918000003],[-98.51396051999996,20.72817069000007],[-98.51345222999998,20.72659857000008],[-98.51511627899998,20.726711540000053],[-98.51568224999994,20.725355570000033],[-98.51911348999994,20.72734371000007],[-98.52073801999995,20.726796850000028],[-98.52453759999997,20.721693980000055],[-98.53153805999995,20.716586290000066],[-98.53198839899994,20.713282710000044],[-98.53415384999994,20.716060880000043],[-98.53350073999997,20.71722045000007],[-98.53812628099996,20.721431481000025],[-98.53264431999997,20.723025910000047],[-98.53239426,20.725857650000023],[-98.53606485999995,20.726584571000046],[-98.53928650999995,20.73094088000005],[-98.54810389099998,20.732597120000037],[-98.55034088999997,20.734753349000073],[-98.55203711999997,20.734846539000046],[-98.55348921899997,20.73202234000007],[-98.55484053999999,20.731939600000032],[-98.55495281999998,20.729810830000076],[-98.55765494999997,20.72906586000005],[-98.563166519,20.723267520000036],[-98.56143670999995,20.720508340000038],[-98.56179536999997,20.718839400000036],[-98.56178122999995,20.718344080000065],[-98.56399924999994,20.716659031000063],[-98.56226462999996,20.714676220000058],[-98.56388544999999,20.71124405000006],[-98.56206447999995,20.708697089000054],[-98.56235288,20.708596059000058],[-98.56357859999997,20.70853771000003],[-98.56324207999995,20.70540826000007],[-98.56465039999995,20.70480168000006],[-98.56565935099997,20.704401460000042],[-98.56644259999996,20.705010660000028],[-98.56969697999995,20.702133310000022],[-98.57385844999999,20.70087415000006],[-98.57626544999994,20.702330510000024],[-98.57465396999999,20.703639861000056],[-98.57512091899997,20.707647690000044],[-98.57415059999994,20.707689940000023],[-98.57381159999994,20.70985986000005],[-98.57477768999996,20.71229991000007],[-98.57183377999996,20.713289090000046],[-98.57240584999994,20.71726072000007],[-98.57100296999994,20.718481371000053],[-98.57317834999998,20.71944343100006],[-98.57490993999994,20.71754051100004],[-98.57878640099995,20.718074450000074],[-98.57926208999999,20.717151430000058],[-98.581154659,20.71873682000006],[-98.58359931999996,20.71557567900004],[-98.58072290899997,20.711068349000072],[-98.58292568999997,20.70811088000005],[-98.58283767999995,20.704564910000045],[-98.58752336999999,20.70718186000005],[-98.58990205999999,20.70592682000006],[-98.59106211999995,20.70235648000005],[-98.59277888999998,20.701821750000022],[-98.59419005999996,20.697481220000043],[-98.59828065,20.69498498100006],[-98.60003761999997,20.69111581900006],[-98.60667962999997,20.689472770000066],[-98.618121251,20.682948060000058],[-98.62647965999997,20.682422029000065],[-98.63200646099995,20.679303780000055],[-98.63608707999998,20.679667620000032],[-98.63929884999999,20.67766154000003],[-98.64713754999997,20.676854770000034],[-98.64275647899996,20.678837050000027],[-98.64023685099994,20.68527123100006],[-98.64196668899996,20.687739880000038],[-98.64293617099997,20.694885830000032],[-98.64635493999998,20.697069740000074],[-98.64532841999994,20.703888780000057],[-98.64895011999994,20.699447229000043],[-98.65656291999994,20.699404980000054],[-98.65881616999997,20.697825219000038],[-98.66332690899998,20.697316380000075],[-98.66318224999998,20.70048642000006],[-98.66371682,20.700918400000035],[-98.66482734999994,20.701707820000024],[-98.66679991999996,20.70154074000004],[-98.66884150999994,20.706408450000026],[-98.67390116899998,20.708455311000023],[-98.68314750999997,20.715774280000062],[-98.68461433899995,20.72255386100005],[-98.68894987999994,20.72466766100007],[-98.68800288899996,20.72627452000006],[-98.68871002999998,20.730292510000027],[-98.68789636999998,20.73262462100007],[-98.68252011899995,20.73503666000005],[-98.67967225999996,20.73869798000004],[-98.67835756999995,20.741878082000028],[-98.68020048999995,20.742842],[-98.67957757999994,20.744595150000066],[-98.67514005899994,20.743816381000045],[-98.67244145899997,20.745618050000076],[-98.67227041999996,20.74737883100005],[-98.67028553999995,20.74714403100006],[-98.67035621999997,20.74893351000003],[-98.668506,20.749445251000054],[-98.66805965999998,20.751500110000052],[-98.66500253999999,20.752648260000058],[-98.65577628999995,20.753518061000022],[-98.65399214999997,20.75136148100006],[-98.64787799899995,20.753317381000045],[-98.64758679999994,20.75239829000003],[-98.64653956799998,20.754048220000072],[-98.64424971899996,20.753672121000022],[-98.64367174899996,20.754952770000045],[-98.64146601899995,20.754127581000034],[-98.64164550999999,20.755872372000056],[-98.64013517999996,20.75710157000003],[-98.63748808999998,20.75598214100006],[-98.63581936899999,20.75742131100003],[-98.63311701899994,20.754032579000068],[-98.62742921999995,20.75299640000003],[-98.62614451999997,20.751294049000023],[-98.62368980099995,20.752049750000026],[-98.62259077899995,20.75014228200007],[-98.62143432,20.752083801000026],[-98.61193117899995,20.752803451000034],[-98.60965588899995,20.754941380000048],[-98.60688468899997,20.75416351000007],[-98.60505430799998,20.75597120200007],[-98.60495382999994,20.75864585000005],[-98.60067597999995,20.75832063100006],[-98.60034002999998,20.759932771000024],[-98.59793582999998,20.76092391000003],[-98.59805292099998,20.762096091000046],[-98.592966489,20.760281801000076],[-98.59222525999996,20.76139569000003],[-98.58840637799995,20.762130480000053],[-98.58815311899997,20.76367317000006],[-98.58545737999998,20.763046882000026],[-98.58176647799996,20.765570281000066],[-98.58168368899999,20.76745875100005],[-98.58367897999995,20.768183200000067],[-98.58248905,20.773067711000067],[-98.58409477899994,20.775836941000023],[-98.58218965999998,20.777416260000052],[-98.58145574899999,20.780407171000036],[-98.57699216899994,20.781209622000063],[-98.57374741999996,20.783948200000054],[-98.57196711799998,20.78324666000003],[-98.56688322999997,20.784190721000073],[-98.56393577899996,20.789729971000042],[-98.56577087899996,20.79184279900005],[-98.56787276999995,20.791814050000028],[-98.57209297999998,20.794042060000038],[-98.57461205899995,20.797169060000044],[-98.58414813999997,20.80145637100003],[-98.58794373899997,20.806670221000047],[-98.59268842999995,20.80842012100004],[-98.59554954899994,20.808257051000055],[-98.59521482999997,20.811204910000072],[-98.59143846099994,20.811792119000074],[-98.58949254999999,20.813481801000023],[-98.58980394999998,20.814792340000054],[-98.58796705899994,20.812052350000044],[-98.58738237999995,20.81350277100006],[-98.58644478099995,20.812725339000053],[-98.58658913899995,20.81411731000003],[-98.58480497999994,20.812877970000045],[-98.58333041999998,20.814041431000078],[-98.58412997,20.818946461000053],[-98.59061317799996,20.824300030000074],[-98.59234059999994,20.828315021000037],[-98.59035885999998,20.830526801000076],[-98.58897645999997,20.837066539000034],[-98.58481939999996,20.840847980000035],[-98.58169677999996,20.836930720000055],[-98.57748850899998,20.835865459000047],[-98.57377324999999,20.832941910000045],[-98.56536416999995,20.832381620000035],[-98.56653711999996,20.835615910000058],[-98.56345676899997,20.839411580000046],[-98.55992651999998,20.840276050000057],[-98.55635456899995,20.844467291000058],[-98.53935751899996,20.842420770000047],[-98.53321607899994,20.84675548000007],[-98.52972692099996,20.846209421000026],[-98.52653954899995,20.84885225900007],[-98.52535454999997,20.85160151900004],[-98.52282508899998,20.85244276900005],[-98.52129464899997,20.858557751000035],[-98.51427645899997,20.866138541000055],[-98.50983233899996,20.868212121000056],[-98.50774402899998,20.874765980000063],[-98.50576852099994,20.877266520000035],[-98.50575259899995,20.882132741000078],[-98.50710145999994,20.883182141000077],[-98.50554674099999,20.886055230000068],[-98.50450936999994,20.885405740000067]]]]}},{"type":"Feature","properties":{"id":"13069","name":"Tizayuca","slug":"tizayuca","regionId":"6","regionName":"Tizayuca"},"geometry":{"type":"MultiPolygon","coordinates":[[[[-98.95071101899998,19.905447520000052],[-98.95081525199998,19.90161391600003],[-98.94957967399995,19.899472096000068],[-98.94317407899996,19.897261181000033],[-98.94319814899995,19.897205491000022],[-98.94370273899995,19.896342450000077],[-98.94228828899998,19.895582431000037],[-98.94226455099994,19.895557120000035],[-98.94319952299998,19.89395543200004],[-98.94323416899994,19.893896080000047],[-98.94187761899997,19.893083180000076],[-98.94299322999996,19.891295341000045],[-98.941600511,19.890282281000054],[-98.94229145899999,19.88920625000003],[-98.94029631899997,19.888587451000035],[-98.93979857999994,19.88620743000007],[-98.93855796999998,19.887259051000058],[-98.93732324999996,19.886543080000024],[-98.93466273899998,19.890231920000076],[-98.92576182899995,19.88556360000007],[-98.92606675999997,19.884921966000036],[-98.92673593999996,19.88351386100004],[-98.92396551099995,19.884475630000054],[-98.92116093999994,19.88310652000007],[-98.92172259999995,19.882265480000058],[-98.91926030899998,19.881905741000026],[-98.91947701699996,19.88156775300007],[-98.91989784999998,19.88091140100005],[-98.91697899899998,19.878992750000066],[-98.91727891899995,19.878450800000053],[-98.91741885999994,19.878182681000055],[-98.91380505999996,19.877012920000027],[-98.91444734999999,19.875718821000078],[-98.91244214899996,19.874800509000067],[-98.91288794099995,19.873969260000024],[-98.91484087999999,19.874883631000046],[-98.91509292099994,19.874402281000073],[-98.91312773899995,19.873539940000057],[-98.91394842999995,19.872350461000053],[-98.91572816199994,19.873114128000054],[-98.91573044999996,19.87311511100006],[-98.91619305899997,19.872186621000026],[-98.91460410999997,19.871440421000045],[-98.91748097899995,19.869233180000037],[-98.90520321999998,19.86354380000006],[-98.90878877899996,19.857124971000076],[-98.90297793899998,19.85930551000007],[-98.90596217899997,19.855605491000063],[-98.90765163099996,19.85079648100003],[-98.90746633899994,19.847888891000025],[-98.90567044999995,19.845981981000023],[-98.90787731899997,19.84357618100006],[-98.91098934899998,19.84382663100007],[-98.91540541899997,19.841876451000076],[-98.91632319899998,19.839332281000054],[-98.92370659999995,19.843008050000037],[-98.92763151799994,19.84339268100007],[-98.93236676799995,19.830968571000028],[-98.94548939999999,19.803801779000025],[-98.94754742899994,19.804537082000024],[-98.94875853899998,19.800510880000047],[-98.94951725999994,19.799972311000033],[-98.95004239899998,19.799641290000068],[-98.95301565999995,19.80016117100007],[-98.95342441999998,19.799240120000036],[-98.95405190899999,19.79857351100003],[-98.95482637899994,19.798683651000033],[-98.95539944999996,19.798830319000047],[-98.95537799599998,19.798881610000024],[-98.95468304999997,19.800543091000065],[-98.96135911999994,19.80390808100003],[-98.96091705899994,19.805094371000052],[-98.97036370899997,19.808761400000037],[-98.97923316999999,19.81512605100005],[-99.00820071899994,19.828402061000077],[-99.00005468899997,19.833332420000033],[-99.00015170999995,19.834179181000025],[-99.01561793899998,19.859386350000023],[-99.01703177999997,19.859703310000043],[-99.01683048899997,19.86145257000004],[-99.018674821,19.861863381000035],[-99.01841671999995,19.86368022100004],[-99.02039121999996,19.864106770000035],[-99.02058114999994,19.86768266000007],[-98.96600596899998,19.891656801000067],[-98.95597545399994,19.885166730000037],[-98.95354693899998,19.88853989000006],[-98.96144639999994,19.893640711000046],[-98.95505874899999,19.896396481000068],[-98.95682916899995,19.905600831000072],[-98.95272259999996,19.906714571000066],[-98.95071101899998,19.905447520000052]]]]}},{"type":"Feature","properties":{"id":"13019","name":"Chilcuautla","slug":"chilcuautla","regionId":"8","regionName":"Ixmiquilpan"},"geometry":{"type":"MultiPolygon","coordinates":[[[[-99.26766407999997,20.416660380000053],[-99.26782962899995,20.414154031000066],[-99.26596002999997,20.41002646100003],[-99.261392619,20.410039620000077],[-99.25718631999996,20.407629281000027],[-99.25442064999999,20.408635170000025],[-99.25337205899996,20.412127050000038],[-99.25221201899996,20.413291550000054],[-99.25046722099995,20.41291283100003],[-99.24980845799996,20.414722620000077],[-99.24778045999994,20.413091481000038],[-99.24552031899998,20.41338347900006],[-99.24230833899998,20.412037971000075],[-99.23062541899998,20.412740220000046],[-99.22723742999995,20.411808431000054],[-99.22379037899998,20.412999291000062],[-99.21809584899995,20.41052646000003],[-99.21047833999995,20.410888081000053],[-99.20063837999999,20.406194350000078],[-99.19417580099997,20.40892832000003],[-99.16358841899995,20.410470599000064],[-99.16704394899995,20.397139911000068],[-99.15844816799995,20.39283222100005],[-99.15577837099994,20.390057580000075],[-99.15626517899994,20.38827340000006],[-99.16046364999994,20.387190059000034],[-99.16451325099996,20.38355854100007],[-99.16549273899994,20.378134490000036],[-99.165401579,20.377527151000038],[-99.16398253999995,20.37609610900006],[-99.16347744999996,20.372041230000036],[-99.17121239999994,20.366817600000047],[-99.17612131999994,20.360339090000025],[-99.18526314999997,20.354406571000027],[-99.18681453999994,20.353697371000067],[-99.18755697999995,20.353280520000055],[-99.19335045999998,20.355940220000036],[-99.20083062999998,20.354437891000032],[-99.20186927999998,20.356987779000065],[-99.20098130999997,20.358986001000062],[-99.20288730999994,20.360228371000062],[-99.20382094899998,20.358062180000047],[-99.20630067899998,20.35848069000002],[-99.20848461999998,20.35508206000003],[-99.21131851899997,20.354093292000073],[-99.21521665999995,20.354521980000072],[-99.21836484899995,20.356396430000075],[-99.23070136799998,20.353016171000036],[-99.22960371,20.34790460000005],[-99.231948489,20.340428091000035],[-99.22628448799998,20.340029981000043],[-99.22236890799996,20.33551465100004],[-99.22202701899994,20.334195031000036],[-99.22422082899999,20.33156863000005],[-99.22288707899997,20.328703],[-99.22321130799997,20.32503477100005],[-99.21874977899995,20.319888940000055],[-99.21914939899995,20.317734551000058],[-99.22515913899997,20.310618830000067],[-99.21912088,20.30720689000003],[-99.21681331999997,20.30263118000005],[-99.21483944899995,20.301083971000025],[-99.21398864999998,20.297021311000037],[-99.21618553999997,20.293559710000068],[-99.21543988099995,20.291797520000046],[-99.21185270799998,20.290556740000056],[-99.21044351899997,20.286836141000038],[-99.20530871899996,20.28600288000007],[-99.20248397999995,20.28106622100006],[-99.20007068999996,20.280768081000076],[-99.19850057999997,20.281801320000056],[-99.19652045899994,20.280794031000028],[-99.19492448999995,20.277149950000023],[-99.19893602999997,20.273832850000076],[-99.19904919899994,20.271301510000058],[-99.19683776899996,20.27040371000004],[-99.19078508899997,20.270981001000052],[-99.19190402899994,20.262772150000046],[-99.19319592299996,20.262322452000035],[-99.19692445199996,20.26388546000004],[-99.20003245199996,20.26322317000006],[-99.20040145199994,20.262836621000076],[-99.20046388199995,20.262034],[-99.19705737199996,20.260075820000054],[-99.20199122299994,20.25746606000007],[-99.20113575199997,20.256393350000053],[-99.19618989299994,20.255411140000035],[-99.19530942199998,20.25197268000005],[-99.20292376999998,20.251783550000027],[-99.20635631,20.242978770000036],[-99.21023284999995,20.241965180000022],[-99.21325993799996,20.239205820000052],[-99.22396747999994,20.239092421000066],[-99.22905048899997,20.24051477100005],[-99.23446699899995,20.239771],[-99.24436152099997,20.245883460000073],[-99.24490065999998,20.243026280000038],[-99.25005079899995,20.244852911000066],[-99.25734090999998,20.24321412000006],[-99.27789741999999,20.243757980000055],[-99.28132824999994,20.24920368000005],[-99.28403931999998,20.250774540000066],[-99.29062630899995,20.246190780000063],[-99.29118510999996,20.244804681000062],[-99.29687671999994,20.24830772100006],[-99.30365719899999,20.24970537100006],[-99.30673299899996,20.248904510000045],[-99.30999730899998,20.250413681000055],[-99.31532531999994,20.248136480000028],[-99.32370141999996,20.250902030000077],[-99.32631493999997,20.24967040100006],[-99.32978728899997,20.25096503000003],[-99.33264959899998,20.24990943100005],[-99.33345353999994,20.251238310000076],[-99.33672774099995,20.25213352000003],[-99.33773007899998,20.25510060000005],[-99.33861084799997,20.262429481000026],[-99.33727574999995,20.264798720000044],[-99.33684225999997,20.269739111000035],[-99.33828117099995,20.27582772100004],[-99.34176756999994,20.28277669000005],[-99.34895310899998,20.288155050000057],[-99.34964822899997,20.294303081000066],[-99.35150647899997,20.295881801000064],[-99.35146857999996,20.298593250000067],[-99.35383410999998,20.29925686100006],[-99.35892064999996,20.305170771000064],[-99.35920330999994,20.307583781000062],[-99.35489962899999,20.305573981000066],[-99.35039862899998,20.305382080000072],[-99.35047225999995,20.306722771000068],[-99.35040716999998,20.308618739000053],[-99.34773379799998,20.308439030000045],[-99.34661647899998,20.31047122900003],[-99.34452487999994,20.309953450000023],[-99.34236554999995,20.305744600000025],[-99.33631370799998,20.307276400000035],[-99.33249413799996,20.311218180000026],[-99.33289225799996,20.31653108100005],[-99.32999188799994,20.314877290000027],[-99.32535188799994,20.315556400000048],[-99.32160094899996,20.311107031000063],[-99.315977778,20.30904202100004],[-99.31494956799997,20.309974620000048],[-99.31518276599996,20.318164142000057],[-99.31524999799996,20.32052508000004],[-99.31235824799995,20.32388037000004],[-99.30998179899996,20.324322369000072],[-99.30976170899999,20.326272221000067],[-99.29966290799996,20.32349540000007],[-99.29891971799998,20.325379850000047],[-99.29979984699997,20.327746750000074],[-99.30356262799995,20.333781401000067],[-99.30533892099999,20.334661280000034],[-99.305413849,20.33666572100003],[-99.29981321799994,20.33620717900004],[-99.29513181899995,20.337110522000046],[-99.29317159899995,20.342088740000065],[-99.29313017799996,20.349808521000057],[-99.29032333899994,20.35354398100003],[-99.29074674899994,20.357953510000073],[-99.28894596899994,20.359361170000057],[-99.29231041799994,20.368696971000077],[-99.290802768,20.375152350000064],[-99.28709490799997,20.378945230000056],[-99.28693531799996,20.385118741000042],[-99.28548987799996,20.38861354100004],[-99.285325748,20.393487911000022],[-99.28384661799998,20.395923049000032],[-99.28603233899997,20.394498630000044],[-99.291017249,20.395282321000025],[-99.28696237799994,20.398394821000068],[-99.28967111999998,20.406476],[-99.28260034999994,20.40858496900006],[-99.27944393899998,20.41264065100006],[-99.26766407999997,20.416660380000053]]]]}},{"type":"Feature","properties":{"id":"13032","name":"Jaltocán","slug":"jaltocan","regionId":"4","regionName":"Huejutla"},"geometry":{"type":"MultiPolygon","coordinates":[[[[-98.52503582999998,21.197600909000073],[-98.52033551999995,21.19196752000005],[-98.51897902999997,21.19181646000004],[-98.51854829099995,21.190088820000028],[-98.51845996999998,21.19012125100005],[-98.51777124999995,21.19037415100007],[-98.51880864999998,21.186749510000027],[-98.51726528999995,21.185614170000065],[-98.51677042999995,21.180984479000074],[-98.51543347999996,21.178933629000028],[-98.51586911899994,21.17838014000006],[-98.51611997999998,21.17805437000004],[-98.51467492099994,21.176639370000032],[-98.51676274,21.174476430000027],[-98.51958373999997,21.175078540000072],[-98.52016951999997,21.17230858000005],[-98.51112094999996,21.171343660000048],[-98.51137756999998,21.170528800000056],[-98.50680608,21.169757920000052],[-98.50627056999997,21.16789883000007],[-98.50294703099996,21.168033050000076],[-98.50197450999997,21.164999739000052],[-98.49910304999997,21.16483162000003],[-98.49889630999996,21.163690279000036],[-98.49659187999998,21.16449369000003],[-98.49594276999994,21.160616480000044],[-98.49220025999995,21.15805123000007],[-98.49415004999997,21.155737290000047],[-98.49322039999998,21.155447520000052],[-98.49378821899995,21.15453498000005],[-98.49386202899996,21.154153250000036],[-98.49290976999998,21.154104820000043],[-98.49346017999994,21.146398720000036],[-98.49143165999999,21.145236460000035],[-98.49173777999994,21.143909740000026],[-98.49859908999997,21.13847315000004],[-98.50091627999996,21.132256350000034],[-98.50661570999995,21.124486370000056],[-98.51026051999997,21.12575762000006],[-98.50863994899998,21.13092294100005],[-98.51696148999997,21.12460180000005],[-98.52136374999998,21.125396890000047],[-98.52448070899999,21.115065919000074],[-98.52602574999997,21.11392845000006],[-98.52781421999998,21.11505040000003],[-98.53461702999994,21.11041417900003],[-98.53576302,21.113631850000047],[-98.53836582999998,21.115457],[-98.53949537999995,21.110854909000068],[-98.54869268999994,21.109317060000024],[-98.55307247999997,21.110827090000043],[-98.55364505899996,21.110186979000048],[-98.55314782,21.11364591100005],[-98.55533275,21.114370860000065],[-98.55140487999995,21.12178132100007],[-98.55530636999998,21.121103920000053],[-98.54978739999996,21.131966770000076],[-98.55178521999994,21.137554],[-98.55447748999995,21.140918630000044],[-98.55637985999994,21.150183851000065],[-98.55989322,21.154107620000048],[-98.56142524999996,21.154488120000053],[-98.56107625999994,21.156396579000045],[-98.55595222999995,21.157484280000062],[-98.55506014999997,21.159496170000068],[-98.54855405999996,21.163019620000057],[-98.54819505999995,21.165551120000032],[-98.55155339999999,21.16953091000005],[-98.54799994899997,21.172878140000023],[-98.54693251999998,21.172174260000077],[-98.54567390999995,21.174317570000028],[-98.54396805899995,21.173642280000024],[-98.54400856899997,21.175319770000044],[-98.54118702999995,21.17658320000004],[-98.54149516899997,21.178947080000057],[-98.53916051099998,21.183250030000067],[-98.52937130999999,21.182289740000044],[-98.52772168999996,21.18315860000007],[-98.52739632099997,21.185872549000067],[-98.52478950999995,21.18535471000007],[-98.52334556899996,21.18325851000003],[-98.52266816899999,21.18807232000006],[-98.52892298099994,21.195450550000032],[-98.52503582999998,21.197600909000073]]]]}},{"type":"Feature","properties":{"id":"13041","name":"Mixquiahuala de Juárez","slug":"mixquiahuala-de-juarez","regionId":"7","regionName":"Actopan"},"geometry":{"type":"MultiPolygon","coordinates":[[[[-99.12525768899997,20.315912340000068],[-99.11876537999996,20.30955343000005],[-99.11780750799994,20.301079510000022],[-99.11504947999998,20.29397491000003],[-99.11190911999995,20.29128140100005],[-99.11190894799995,20.291279833000033],[-99.11104902999995,20.283402830000057],[-99.12514630899994,20.277461321000033],[-99.13093530999998,20.268713511000044],[-99.12617717999996,20.262427541000022],[-99.126269859,20.247985482000047],[-99.12366462899996,20.247744371000067],[-99.12242508799994,20.239142621000042],[-99.12228110999996,20.23894780100005],[-99.12149104899999,20.238403662000053],[-99.13720084899995,20.22965134100008],[-99.13709613899994,20.227785891000053],[-99.13183914899997,20.217317492000063],[-99.11338991999997,20.206465481000066],[-99.11213224999995,20.203417092000052],[-99.11237393899995,20.199601062000056],[-99.11680057099994,20.19767586200004],[-99.12952484999994,20.196858252000027],[-99.13262225999995,20.198218912000073],[-99.138082479,20.197013661000028],[-99.16682653799995,20.157126022000057],[-99.17535610999994,20.151087200000063],[-99.17981936999996,20.150800751000077],[-99.18539641899997,20.155196801000045],[-99.18960687999999,20.15522174000006],[-99.19004267999998,20.15424580100006],[-99.20863147999995,20.16046945000005],[-99.21249921999998,20.160047770000062],[-99.22977785999996,20.167615511000065],[-99.22416091899998,20.18954394000008],[-99.22388754899998,20.196988920000024],[-99.248599889,20.202365151000038],[-99.24582917899994,20.214539650000063],[-99.25198327899994,20.219062200000053],[-99.24648773999996,20.222035950000077],[-99.24272367899994,20.22625755200005],[-99.24003068899998,20.235710290000043],[-99.24741279899996,20.233590091000053],[-99.25326673999996,20.234349250000037],[-99.25726646099997,20.227127600000074],[-99.27517768999996,20.22961385900004],[-99.27963525899997,20.236523120000072],[-99.28192541899995,20.235153421000064],[-99.28204511899997,20.236551250000048],[-99.28804717799994,20.23636251000005],[-99.28949641999998,20.237588320000043],[-99.29987424999996,20.235596980000025],[-99.30351236899998,20.23673357000007],[-99.30411628999997,20.23950068000005],[-99.30802882899997,20.240237971000056],[-99.30183424999996,20.24892212000003],[-99.29687671999994,20.24830772100006],[-99.29118510999996,20.244804681000062],[-99.29062630899995,20.246190780000063],[-99.28403931999998,20.250774540000066],[-99.28132824999994,20.24920368000005],[-99.27789741999999,20.243757980000055],[-99.25734090999998,20.24321412000006],[-99.25005079899995,20.244852911000066],[-99.24490065999998,20.243026280000038],[-99.24436152099997,20.245883460000073],[-99.23446699899995,20.239771],[-99.22905048899997,20.24051477100005],[-99.22396747999994,20.239092421000066],[-99.21428734999995,20.23903443100005],[-99.21184147999998,20.239814680000052],[-99.21023284999995,20.241965180000022],[-99.20635631,20.242978770000036],[-99.20354113999997,20.251026740000043],[-99.20121915199996,20.25239988000004],[-99.20040554099995,20.251528319000045],[-99.20100808099994,20.25099449000004],[-99.20217974099995,20.25001269100005],[-99.20233656999994,20.249122430000057],[-99.20183233999995,20.247925690000045],[-99.19951034099995,20.246501550000062],[-99.19816215099996,20.242584600000043],[-99.19498640099994,20.240541950000022],[-99.19858374099994,20.236225981000075],[-99.19759716999994,20.230702890000032],[-99.19240603199995,20.232044690000066],[-99.18392745199998,20.23177398100006],[-99.18066538199997,20.23478337000006],[-99.17883151099994,20.245251819000032],[-99.16216979899997,20.246612880000043],[-99.16257018099998,20.253091980000022],[-99.16056461899996,20.252955689000032],[-99.16055467899997,20.26122477200005],[-99.16580441999997,20.261803910000026],[-99.16690767999995,20.27643874100005],[-99.17053582899996,20.286075349000043],[-99.17060421899998,20.288980080000044],[-99.16782254799995,20.29316175100007],[-99.15921028899999,20.295433381000066],[-99.15478805099997,20.298452479000048],[-99.15180474899995,20.29893038000006],[-99.14964756899997,20.301611911000066],[-99.14333150999994,20.305049910000037],[-99.14273827899996,20.30717615100008],[-99.13507694999998,20.312235831000066],[-99.13323314899998,20.31503800100006],[-99.12525768899997,20.315912340000068]]]]}},{"type":"Feature","properties":{"id":"13079","name":"Xochicoatlán","slug":"xochicoatlan","regionId":"9","regionName":"Zacualtipán"},"geometry":{"type":"MultiPolygon","coordinates":[[[[-98.50585805799994,20.885680861000026],[-98.50710145999994,20.883182141000077],[-98.50575259899995,20.882132741000078],[-98.50576852099994,20.877266520000035],[-98.50774402899998,20.874765980000063],[-98.50983233899996,20.868212121000056],[-98.51427645899997,20.866138541000055],[-98.52129464899997,20.858557751000035],[-98.52282508899998,20.85244276900005],[-98.52535454999997,20.85160151900004],[-98.52653954899995,20.84885225900007],[-98.52972692099996,20.846209421000026],[-98.53321607899994,20.84675548000007],[-98.53935751899996,20.842420770000047],[-98.55635456899995,20.844467291000058],[-98.55992651999998,20.840276050000057],[-98.56345676899997,20.839411580000046],[-98.56653711999996,20.835615910000058],[-98.56536416999995,20.832381620000035],[-98.57377324999999,20.832941910000045],[-98.57748850899998,20.835865459000047],[-98.58169677999996,20.836930720000055],[-98.58481939999996,20.840847980000035],[-98.58897645999997,20.837066539000034],[-98.59035885999998,20.830526801000076],[-98.59234059999994,20.828315021000037],[-98.59061317799996,20.824300030000074],[-98.58412997,20.818946461000053],[-98.58333041999998,20.814041431000078],[-98.58480497999994,20.812877970000045],[-98.58658913899995,20.81411731000003],[-98.58644478099995,20.812725339000053],[-98.58738237999995,20.81350277100006],[-98.58796705899994,20.812052350000044],[-98.58980394999998,20.814792340000054],[-98.58949254999999,20.813481801000023],[-98.59143846099994,20.811792119000074],[-98.59521482999997,20.811204910000072],[-98.59554954899994,20.808257051000055],[-98.59268842999995,20.80842012100004],[-98.58794373899997,20.806670221000047],[-98.58414813999997,20.80145637100003],[-98.57461205899995,20.797169060000044],[-98.57209297999998,20.794042060000038],[-98.56787276999995,20.791814050000028],[-98.56577087899996,20.79184279900005],[-98.56393577899996,20.789729971000042],[-98.56688322999997,20.784190721000073],[-98.57196711799998,20.78324666000003],[-98.57374741999996,20.783948200000054],[-98.57699216899994,20.781209622000063],[-98.58145574899999,20.780407171000036],[-98.58218965999998,20.777416260000052],[-98.58409477899994,20.775836941000023],[-98.58248905,20.773067711000067],[-98.58367897999995,20.768183200000067],[-98.58168368899999,20.76745875100005],[-98.58176647799996,20.765570281000066],[-98.58545737999998,20.763046882000026],[-98.58815311899997,20.76367317000006],[-98.58840637799995,20.762130480000053],[-98.59222525999996,20.76139569000003],[-98.592966489,20.760281801000076],[-98.59805292099998,20.762096091000046],[-98.59793582999998,20.76092391000003],[-98.60034002999998,20.759932771000024],[-98.60067597999995,20.75832063100006],[-98.60495382999994,20.75864585000005],[-98.60505430799998,20.75597120200007],[-98.60688468899997,20.75416351000007],[-98.60965588899995,20.754941380000048],[-98.61193117899995,20.752803451000034],[-98.62143432,20.752083801000026],[-98.62259077899995,20.75014228200007],[-98.62368980099995,20.752049750000026],[-98.62614451999997,20.751294049000023],[-98.62742921999995,20.75299640000003],[-98.63311701899994,20.754032579000068],[-98.63581936899999,20.75742131100003],[-98.63748808999998,20.75598214100006],[-98.64013517999996,20.75710157000003],[-98.64164550999999,20.755872372000056],[-98.64146601899995,20.754127581000034],[-98.64367174899996,20.754952770000045],[-98.64424971899996,20.753672121000022],[-98.64653956799998,20.754048220000072],[-98.64758679999994,20.75239829000003],[-98.64787799899995,20.753317381000045],[-98.65431354899994,20.751368520000028],[-98.65525768899994,20.75343466100003],[-98.66065657899998,20.752472690000047],[-98.66226537999995,20.753416600000037],[-98.66791697999997,20.75159302000003],[-98.668506,20.749445251000054],[-98.67035621999997,20.74893351000003],[-98.67028553999995,20.74714403100006],[-98.67227041999996,20.74737883100005],[-98.67244145899997,20.745618050000076],[-98.67514005899994,20.743816381000045],[-98.67660313999994,20.743476181000062],[-98.67864621899997,20.74497314000007],[-98.67975854999997,20.74439743100004],[-98.68014317899997,20.742740940000033],[-98.67835717999998,20.742058262000057],[-98.67967225999996,20.73869798000004],[-98.68252011899995,20.73503666000005],[-98.68789636999998,20.73262462100007],[-98.68871002999998,20.730292510000027],[-98.68800288899996,20.72627452000006],[-98.68896578,20.724819939000042],[-98.68461433899995,20.72255386100005],[-98.68256417899994,20.71521554000003],[-98.67390116899998,20.708455311000023],[-98.66894414099994,20.706040520000045],[-98.67646605999994,20.701469850000024],[-98.68231550899998,20.700201251000067],[-98.68849357,20.701326320000078],[-98.68843904899995,20.698689],[-98.6943384,20.697104660000036],[-98.70535431899998,20.691897320000066],[-98.70885771899998,20.692865820000065],[-98.71584554999998,20.692589631000033],[-98.71957707999997,20.694386420000058],[-98.72231193899995,20.697875920000058],[-98.72467153899998,20.69691806000003],[-98.72911587899995,20.699742251000032],[-98.72605865899999,20.704289781000057],[-98.72974431899996,20.709626740000033],[-98.72768737999996,20.719155111000077],[-98.72587181899996,20.72070491000005],[-98.72454907899998,20.72708674100005],[-98.72065584899997,20.727921431000027],[-98.71550593899997,20.733945290000065],[-98.71399744799999,20.73373783100004],[-98.70945685899994,20.736957311000026],[-98.70653293899994,20.736553231000073],[-98.70458565899997,20.739036001000045],[-98.70433897899994,20.740038181000045],[-98.70836824899999,20.74403415100005],[-98.71065301899995,20.74829888100004],[-98.71639239899997,20.74920103100004],[-98.70388814999995,20.756928060000064],[-98.69638902999998,20.759748091000063],[-98.69282919899996,20.764312691000043],[-98.695127029,20.767791971000065],[-98.70018550899994,20.766807491000066],[-98.69624357899994,20.772525622000046],[-98.69787471899997,20.77335615100003],[-98.69933834899996,20.771629490000066],[-98.70359734899995,20.773119421000047],[-98.70505561899995,20.77571043100005],[-98.70645670899995,20.77559534200003],[-98.70548399899997,20.776575921000074],[-98.70681010899995,20.777069261000065],[-98.70758851899996,20.77995037100004],[-98.70979719899998,20.781301771000074],[-98.70930574899995,20.783153121000055],[-98.71022976899997,20.783570921000035],[-98.70853025999997,20.78671083100005],[-98.71274233899999,20.788288720000025],[-98.71780728899995,20.792383521000033],[-98.71957162899997,20.791186461000052],[-98.72165519899994,20.794283450000023],[-98.71848401899996,20.798283711000067],[-98.71472287999995,20.800091121000037],[-98.71453942899996,20.804181631000063],[-98.70967368899994,20.809778091000055],[-98.70810377899994,20.817173511000078],[-98.70459521899994,20.81905148100003],[-98.70221856899997,20.824277511000048],[-98.69491057999994,20.82966058100004],[-98.69329517899996,20.83212829000007],[-98.69378653899997,20.83385398000007],[-98.68957977899998,20.837968251000063],[-98.68970442999995,20.839317460000075],[-98.68632604799996,20.839877511000054],[-98.68631251799997,20.844760450000024],[-98.67869602999997,20.844612780000034],[-98.67501830999998,20.842887680000047],[-98.67390387999995,20.843740060000073],[-98.67416659899999,20.84458476900005],[-98.67288542899996,20.844706510000037],[-98.67346444899994,20.84149492000006],[-98.67234224899994,20.84126605000006],[-98.67051765899998,20.843392349000055],[-98.66666239899996,20.844261801000073],[-98.66314622899995,20.842572491000055],[-98.66203276999994,20.843193110000072],[-98.66163174899998,20.843542310000032],[-98.66060617999995,20.84796508000005],[-98.65945204899998,20.848328019000064],[-98.65320976999999,20.845151981000072],[-98.65144807999997,20.842922851000026],[-98.64915993999995,20.843938630000025],[-98.64824973899994,20.842051380000044],[-98.64659821899994,20.842676770000025],[-98.64521748799996,20.841793780000046],[-98.64364222999995,20.843350091000048],[-98.64223646,20.84273722000006],[-98.64194856899996,20.83993336900005],[-98.63929251999997,20.841051741000058],[-98.63703514999997,20.840579680000076],[-98.63476231899995,20.842329452000058],[-98.63124296899997,20.839724490000037],[-98.63026307899997,20.841183581000053],[-98.63164202999997,20.842780491000042],[-98.62897154999996,20.842391],[-98.62749445999998,20.843714],[-98.62646822899995,20.84285785000003],[-98.62344348999994,20.846686721000026],[-98.62066510899996,20.84586340000004],[-98.61661408899994,20.84639051100004],[-98.61503341999997,20.845192660000066],[-98.61236242899997,20.846658940000054],[-98.61298447999997,20.847955021000075],[-98.60429514999998,20.84818611000003],[-98.60241637099995,20.85212635000005],[-98.59998839999997,20.850101061000032],[-98.59820977899994,20.851019181000026],[-98.59551442999998,20.847830179000027],[-98.59135993999996,20.84940811000007],[-98.58918922899994,20.847409251000045],[-98.58787493999995,20.848048319000043],[-98.58722301899996,20.850642710000045],[-98.58348354899994,20.85099677000005],[-98.58283267899998,20.85535315000004],[-98.58114481899997,20.856206780000036],[-98.58095231899995,20.85432878000006],[-98.57745690999997,20.852663110000037],[-98.57486271999994,20.84911886200007],[-98.57310268899994,20.854632971000058],[-98.57639181899998,20.857049199000073],[-98.57585793899995,20.858092600000077],[-98.57778965999995,20.861348941000074],[-98.56578839999997,20.861724880000054],[-98.56462407999999,20.866275001000076],[-98.55697577999996,20.867268221000074],[-98.55079213899995,20.869648721000033],[-98.54539657899994,20.87749671000006],[-98.54471561999998,20.877631250000036],[-98.54411253999996,20.87754342900007],[-98.54256057999999,20.875046541000074],[-98.54091259899997,20.874717971000052],[-98.53994239999997,20.87639162000005],[-98.54013530899994,20.879934121000076],[-98.53669214999996,20.878590511000027],[-98.53361539999997,20.879715831000055],[-98.52725205999997,20.879362421000053],[-98.51845531899994,20.881864031000077],[-98.51231007899997,20.88686585100004],[-98.50798048999997,20.88479631000007],[-98.50721271099997,20.886666740000067],[-98.50585805799994,20.885680861000026]]]]}},{"type":"Feature","properties":{"id":"13080","name":"Yahualica","slug":"yahualica","regionId":"4","regionName":"Huejutla"},"geometry":{"type":"MultiPolygon","coordinates":[[[[-98.41962880099999,20.99211588000003],[-98.39525882999999,20.984219950000067],[-98.38747944999994,20.984299020000037],[-98.38033441999994,20.987138940000023],[-98.37659217999999,20.984960650000062],[-98.37509314999994,20.983768459000032],[-98.37582811999994,20.978902321000078],[-98.37112520099998,20.978130950000036],[-98.36244663099995,20.973318600000027],[-98.35577042999995,20.961600920000024],[-98.34939225999995,20.96181991000003],[-98.34552757999995,20.953935511000054],[-98.34231468999997,20.951240221000035],[-98.34273468999999,20.948326310000027],[-98.34668391099996,20.947968850000052],[-98.34848848999997,20.945920800000067],[-98.34821802999994,20.944318080000073],[-98.34975208999998,20.944493630000068],[-98.35244881899996,20.942551421000076],[-98.35146674999999,20.941900799000052],[-98.35027584999995,20.94121134100004],[-98.35046444999995,20.94096662000004],[-98.35026886099996,20.940071400000022],[-98.34831239999994,20.940509630000065],[-98.34744839999996,20.942564880000077],[-98.34548739999997,20.941787371000032],[-98.34574027999997,20.938429650000046],[-98.34219742,20.93592412000004],[-98.34028948999998,20.932066400000053],[-98.33795811999994,20.93060089000005],[-98.33650030999996,20.93212918000006],[-98.33654150999996,20.930683481000074],[-98.33346364999994,20.930798520000053],[-98.33307402999998,20.929855451000037],[-98.32811557999997,20.930769180000027],[-98.32783065999996,20.930500350000045],[-98.32729544899996,20.929769450000038],[-98.32720273999996,20.930991031000076],[-98.32620719999994,20.931122550000055],[-98.32490562999999,20.93174268000007],[-98.31873649099998,20.931978],[-98.31453001999995,20.935519],[-98.31168254799996,20.925836540000034],[-98.30872361899998,20.92340869000003],[-98.31001547899996,20.919571950000034],[-98.31015564799998,20.918249880000076],[-98.30942225899997,20.917302170000028],[-98.30635628899995,20.916686910000067],[-98.30580834899996,20.915649950000045],[-98.304342309,20.914844310000035],[-98.29912673999996,20.914720940000052],[-98.29552334999994,20.91571257000004],[-98.29556204799997,20.916022030000022],[-98.29561944899996,20.91703363000005],[-98.293520689,20.918725620000032],[-98.29595259999996,20.90814202100006],[-98.30378467899999,20.90768465000008],[-98.30409259899994,20.907305311000073],[-98.30658577999998,20.903202580000027],[-98.30564331899996,20.901900220000073],[-98.30726751799995,20.894979430000035],[-98.31194467899996,20.889448230000028],[-98.31487247899997,20.887696980000044],[-98.320211568,20.886708830000032],[-98.32095313899998,20.887993291000043],[-98.321376779,20.888016080000057],[-98.32447984899994,20.881191400000034],[-98.32977654899997,20.874263910000025],[-98.33360330899995,20.873722370000053],[-98.338571888,20.871080170000027],[-98.34259368899995,20.871267230000058],[-98.34590004999995,20.863723351000033],[-98.34736984899996,20.86306434900007],[-98.34889194899995,20.865621490000024],[-98.35101054099994,20.86118748000007],[-98.35439293999997,20.85963294000004],[-98.35654562999997,20.857105920000038],[-98.35932327899997,20.85679691000007],[-98.36001807999997,20.859508290000065],[-98.36342939899998,20.860639740000067],[-98.36583887999996,20.863874950000024],[-98.36806884999999,20.861852690000035],[-98.37112594999996,20.862314450000042],[-98.37303522099995,20.856546879000064],[-98.37891002999999,20.85200990900006],[-98.38188182999994,20.85351378000007],[-98.38799570899994,20.85379086100005],[-98.38811942899997,20.855297320000034],[-98.38956814999995,20.85579031900005],[-98.39364303099995,20.85440212000003],[-98.39612053999997,20.855763171000035],[-98.39824765999998,20.858730630000025],[-98.40290905899997,20.858383880000076],[-98.40558102099999,20.855197230000044],[-98.40871810999994,20.853728370000056],[-98.41142150999997,20.85409302000005],[-98.41223053999994,20.849958380000032],[-98.41273777999999,20.84903638000003],[-98.41371721999997,20.848636450000072],[-98.41560708999998,20.849045550000028],[-98.41702217099999,20.84809609000007],[-98.41815633999994,20.850816690000045],[-98.41874159999998,20.85097932000008],[-98.41942901999994,20.85110245900006],[-98.42239753999996,20.84915754000008],[-98.42822248899995,20.85110603000004],[-98.43018037999997,20.856014800000025],[-98.43831274099995,20.860275460000025],[-98.44032059999995,20.864412280000067],[-98.43925521999995,20.865646050000066],[-98.43742711999994,20.86366103000006],[-98.43216134999994,20.86454069000007],[-98.44455368999996,20.883090999000046],[-98.445335619,20.891852151000023],[-98.44376768899997,20.896359520000033],[-98.44460481999994,20.89999731000006],[-98.43949537999998,20.901901980000048],[-98.44197705,20.90692211000004],[-98.44048921899997,20.90649865000006],[-98.44140348999997,20.911392920000026],[-98.44295321899995,20.91249926000006],[-98.44170708999997,20.915858050000054],[-98.44084756999996,20.915736020000054],[-98.44053641999994,20.915701050000052],[-98.44017393999997,20.91817438000004],[-98.43777888999995,20.91757425000003],[-98.43270365999996,20.91902372000004],[-98.42993482999998,20.91803864900004],[-98.42391808099995,20.920187800000065],[-98.42503111999997,20.925001060000056],[-98.42367193999996,20.925429491000045],[-98.42221091,20.934786599000063],[-98.42783502999998,20.93299698000004],[-98.42960390999997,20.935803279000027],[-98.42767797,20.943372510000074],[-98.42571882899995,20.945950150000044],[-98.42557193999994,20.951211370000067],[-98.42740381999994,20.958596630000045],[-98.43002447999999,20.96182397900003],[-98.43892744999994,20.959014600000046],[-98.44200596999997,20.961048],[-98.44714371899994,20.961594830000024],[-98.45175970999998,20.96346606000003],[-98.44324570899994,20.97815520000006],[-98.43915810899995,20.977377740000065],[-98.43454117999994,20.97853395100003],[-98.43466231099995,20.979412800000034],[-98.43473144999996,20.97991563000005],[-98.43189459999996,20.981924480000032],[-98.42614547999995,20.989390370000024],[-98.41962880099999,20.99211588000003]]]]}},{"type":"Feature","properties":{"id":"13004","name":"Agua Blanca de Iturbide","slug":"agua-blanca-de-iturbide","regionId":"2","regionName":"Tulancingo"},"geometry":{"type":"MultiPolygon","coordinates":[[[[-98.31727767999996,20.428780652000057],[-98.31572456899994,20.425835431000053],[-98.31160036999995,20.424337281000078],[-98.30845437999994,20.42003137100005],[-98.30869067999998,20.418995921000032],[-98.30558402099996,20.418143050000026],[-98.30589685999996,20.416046151000046],[-98.30365810999996,20.415446601000042],[-98.29820776999998,20.408315741000024],[-98.29728260099995,20.40483718100006],[-98.29841414999999,20.40319708100003],[-98.29854744999994,20.396710821000056],[-98.29972345899995,20.39566848100003],[-98.29969153999997,20.392279260000066],[-98.30357,20.386192421000032],[-98.30436651999997,20.382126721000077],[-98.30738177999996,20.38083774100005],[-98.30618630899994,20.37660634100007],[-98.30683919899997,20.374210511000058],[-98.31493937999994,20.36319626100004],[-98.31383407799996,20.36368372000004],[-98.31383207999994,20.363684601000045],[-98.31497491899995,20.35511469200003],[-98.31837188999998,20.355298520000076],[-98.32659331899998,20.348566911000034],[-98.32880283099996,20.343014201000074],[-98.33447245099995,20.335173911000027],[-98.33336184999996,20.33263577100007],[-98.33588946099997,20.325801151000064],[-98.33700870999996,20.31870063100007],[-98.33493164999999,20.316598551000027],[-98.33800045899994,20.31417397100006],[-98.33799585999998,20.31228892100006],[-98.34194648999994,20.312372522000032],[-98.34464891099998,20.310465970000052],[-98.35823705099995,20.308171051000045],[-98.36522350999996,20.30581095100007],[-98.36932887999996,20.302216981000072],[-98.37047242999995,20.302919280000026],[-98.37109142999998,20.30581692100003],[-98.36970894999996,20.309447231000036],[-98.38107861899994,20.313023722000025],[-98.38223702,20.313838401000055],[-98.38163034899998,20.314851060000024],[-98.38193333899994,20.315289751000023],[-98.38302185999999,20.313656921000074],[-98.38425230999997,20.313650421000034],[-98.38468337999996,20.31715874100007],[-98.38345268999996,20.31826491100003],[-98.38656786099995,20.319204850000062],[-98.38951724699996,20.317306553000037],[-98.38900682999997,20.314929231000065],[-98.39336614099994,20.317648861000066],[-98.39715515099994,20.314673180000057],[-98.39812071999995,20.315628151000055],[-98.39984395,20.312068770000053],[-98.40119781899995,20.321751491000043],[-98.40440128999995,20.32073408100007],[-98.40341476999998,20.320295181000063],[-98.40416010999996,20.319451521000076],[-98.40948276899996,20.323378491000028],[-98.41256117999995,20.324471091000078],[-98.41256571599996,20.324466821000044],[-98.41359827999997,20.323494682000046],[-98.41796850999998,20.326118541000028],[-98.41914114899998,20.325057981000043],[-98.41924951999994,20.325783831000024],[-98.41983108999995,20.326547910000045],[-98.42273486,20.32804512100006],[-98.42502324999998,20.328097341000046],[-98.43254645899998,20.323189460000037],[-98.43965214899998,20.327301601000045],[-98.45188542999995,20.328992971000048],[-98.45766176999996,20.332185801000037],[-98.45854813899996,20.33365052000005],[-98.43329234999999,20.363834051000026],[-98.418294141,20.380048690000024],[-98.38614877999998,20.402712911000037],[-98.38073128999997,20.399225341000033],[-98.37658436999999,20.39850860100006],[-98.37047105,20.40188143100005],[-98.35981997,20.39980974100007],[-98.35880991,20.401409371000057],[-98.35528168899998,20.40183514100005],[-98.34865647999999,20.40501517100006],[-98.34855414999998,20.406626291000066],[-98.34619145999994,20.407458431000066],[-98.34370862999998,20.410302401000024],[-98.33864630999994,20.411136551000027],[-98.33717954999997,20.414130621000027],[-98.33216488999994,20.41603843100006],[-98.33010796999997,20.415686051000023],[-98.32605350999995,20.418284741000036],[-98.32101361999997,20.41801380000004],[-98.31852842999996,20.42243286100006],[-98.31605382899994,20.423190541000054],[-98.31726328999997,20.424451891000047],[-98.31981244999997,20.424225551000063],[-98.31894661899997,20.427307171000052],[-98.31727767999996,20.428780652000057]]]]}},{"type":"Feature","properties":{"id":"13005","name":"Ajacuba","slug":"ajacuba","regionId":"1","regionName":"Tula"},"geometry":{"type":"MultiPolygon","coordinates":[[[[-99.05365481999996,20.19361932100003],[-99.04182719899995,20.191461821000075],[-99.04024330899995,20.188708681000037],[-99.03649205899995,20.186842951000074],[-99.03061648899995,20.188823771000045],[-99.03060980799995,20.188823307000064],[-99.02601611899996,20.188503740000044],[-99.01549394899996,20.190229380000062],[-99.01272794,20.186199891000058],[-99.01450181899997,20.183551351000062],[-99.01151267899996,20.183115911000073],[-99.00888914799998,20.180842002000077],[-99.00183488899995,20.180901721000055],[-99.00132330899999,20.182535982000047],[-98.99720719899994,20.18389495100007],[-98.99090322899997,20.188880691000065],[-98.98766239899999,20.187134341000046],[-98.98314454899997,20.187361631000044],[-98.98057244899996,20.185120381000047],[-98.97909451899994,20.185968020000075],[-98.97901921899995,20.184764381000036],[-98.97407477899998,20.186212651000062],[-98.97377853899997,20.187222141000063],[-98.96843536899996,20.188016551000032],[-98.97183705899994,20.18443878100004],[-98.97081961899994,20.177024911000046],[-98.96971645999997,20.17465518100005],[-98.96783131899997,20.17372454100007],[-98.97109631899997,20.171178431000044],[-98.97002153899996,20.170647892000034],[-98.97018333899996,20.165247141000066],[-98.97221559899998,20.160300711000048],[-98.97941125999995,20.153875880000044],[-98.98244154899999,20.155237751000072],[-98.98553274899996,20.15494138100007],[-98.99670313899998,20.160080281000035],[-99.00731281999998,20.147610341000075],[-99.00989004899998,20.13891620100003],[-99.01205705999996,20.137153401000035],[-98.98809053999997,20.128346661000023],[-98.98612481899994,20.12604754000006],[-98.98621047899996,20.12480891100006],[-98.99390245899997,20.126093971000046],[-98.99741022899997,20.125205261000076],[-98.99883328899995,20.12627866100007],[-99.00034019899994,20.118337822000058],[-99.00275010899998,20.11837345200007],[-99.00338644899995,20.113028651000036],[-99.00234239999997,20.112823201000026],[-99.00141957899996,20.112632090000034],[-99.001640679,20.111490451000066],[-99.00175877899994,20.110805921000065],[-98.99776417899994,20.109741151000037],[-99.00261528899995,20.10741223100007],[-99.01138868899994,20.110606],[-99.01170174999999,20.103853741000023],[-99.01418241999994,20.104667171000074],[-99.01587014899997,20.099992691000068],[-99.01373754899998,20.084724942000037],[-99.01006014899997,20.082106831000033],[-99.00796830899998,20.08207082100006],[-99.00442365999999,20.08402089200007],[-99.00286794899995,20.083423851000077],[-99.00459373899997,20.07141917100006],[-99.006715779,20.068037882000056],[-99.03394701899998,20.076994601000024],[-99.03394604899995,20.072352401000046],[-99.03421687899998,20.071813122000037],[-99.038066029,20.071610511000074],[-99.04215231899997,20.06834323100003],[-99.04483007899995,20.06888717100003],[-99.04551290899997,20.06780874100002],[-99.04792531899994,20.06774123100007],[-99.06043254899998,20.07031911100006],[-99.06372319899998,20.072440632000053],[-99.06614607899996,20.071962201000076],[-99.07153054899999,20.077033461000042],[-99.06972341899996,20.073946031000048],[-99.07118639899994,20.072464541000045],[-99.06963485899996,20.068110311000055],[-99.07094650999994,20.063978080000027],[-99.06920017799996,20.054715921000025],[-99.07039736899998,20.05151015000007],[-99.06954273899998,20.049435720000076],[-99.07552556899998,20.03736395100003],[-99.07341993999995,20.032069291000028],[-99.07253290899996,20.020993881000038],[-99.07094386099999,20.018017521000047],[-99.07832394899998,20.018299601000024],[-99.078994949,20.019852711000055],[-99.07951401899999,20.020442651000053],[-99.07967267799995,20.026212491000024],[-99.08544996899997,20.03248792100004],[-99.08935132,20.03434880100008],[-99.09580482899997,20.030639680000036],[-99.10164184899998,20.03203158100007],[-99.10170457899994,20.032033911000042],[-99.11251928899998,20.029204221000043],[-99.11815317999998,20.02930446000005],[-99.12590924899996,20.031713941000078],[-99.13312891899994,20.02751629100004],[-99.13828864899995,20.02818282100003],[-99.14251319999994,20.026973261000023],[-99.144423169,20.029811481000024],[-99.14505851899997,20.035215771000026],[-99.14908807999996,20.03502080000004],[-99.14783197899999,20.039640650000024],[-99.14437030899995,20.045617340000035],[-99.14612852,20.04437992100003],[-99.15261662899997,20.043419201000063],[-99.15458202899998,20.04700751000007],[-99.15813191899997,20.047625251000056],[-99.16325907899994,20.052869350000037],[-99.16597828899995,20.057398851000073],[-99.16965839899996,20.059852551000063],[-99.17368797899996,20.060848150000027],[-99.17719597899998,20.06577002100005],[-99.18084208899995,20.065276291000032],[-99.18213579999997,20.06758780000007],[-99.18239645899996,20.067637970000078],[-99.18569013899997,20.066789581000023],[-99.18899791899997,20.072815452000043],[-99.18165439899997,20.07832711100008],[-99.17308245999999,20.087964321000072],[-99.16338084899996,20.07543208100003],[-99.15476470899995,20.069806571000072],[-99.15372667799994,20.065767881000056],[-99.15124390899996,20.06379103100005],[-99.14481301899997,20.063536621000026],[-99.13622451899994,20.065217421000057],[-99.14023519899996,20.070490481000036],[-99.13624721899998,20.080563661000042],[-99.13400670999994,20.09426028000007],[-99.12512854899995,20.11856725100006],[-99.12569742899996,20.12357349000007],[-99.10415944999994,20.13914057100004],[-99.10398219899997,20.14136375100003],[-99.17535610999994,20.151087200000063],[-99.16682653799995,20.157126022000057],[-99.13977782999996,20.19527565100003],[-99.13870119899997,20.18975934100007],[-99.13375056899997,20.18878009100007],[-99.12943570899995,20.190793651000035],[-99.12520102899998,20.188421781000045],[-99.12249290999995,20.188885081000024],[-99.11224128899994,20.18610932100006],[-99.10968056899998,20.186505821000026],[-99.10715336799996,20.18413083100006],[-99.10488056899999,20.18553802100007],[-99.10257928899995,20.192188400000077],[-99.08734494799995,20.19303177000006],[-99.07819151899997,20.191072451000025],[-99.06712327999998,20.19361500100007],[-99.05365481999996,20.19361932100003]]]]}},{"type":"Feature","properties":{"id":"13039","name":"Mineral del Monte","slug":"mineral-del-monte","regionId":"5","regionName":"M. de la Reforma"},"geometry":{"type":"MultiPolygon","coordinates":[[[[-98.66131876999998,20.20717957000005],[-98.66006211099995,20.199424710000073],[-98.66368458099998,20.193157690000078],[-98.66064950999998,20.192726400000026],[-98.66137483099999,20.18974657900003],[-98.66403454999994,20.18728433900003],[-98.66626519999994,20.182756650000044],[-98.65964104999995,20.17875446000005],[-98.66331821999995,20.16884875100004],[-98.66047541999995,20.165420150000045],[-98.66627055099997,20.16445428000003],[-98.66519782999995,20.160172170000067],[-98.66004010999995,20.153841879000026],[-98.661434881,20.15276226000003],[-98.65696639999999,20.150796290000073],[-98.65583965999997,20.147011890000044],[-98.65238801999999,20.144505770000023],[-98.64689438,20.145551341000044],[-98.64771468999999,20.147884480000073],[-98.64435522899998,20.148186120000048],[-98.64121714999999,20.146589771000038],[-98.63410070999998,20.147043421000035],[-98.63364994999995,20.146274650000066],[-98.63356459999994,20.146446370000035],[-98.63291519999996,20.147049220000042],[-98.63160609,20.144944370000076],[-98.63225751099998,20.141053800000066],[-98.63579247999996,20.139707030000068],[-98.63578251999996,20.13969005100006],[-98.63247189099997,20.131753570000058],[-98.63060785,20.13173917000006],[-98.63083321999994,20.129490580000038],[-98.62938776999994,20.128594510000028],[-98.62510051899994,20.127930890000073],[-98.62107010999995,20.130403861000048],[-98.61279015099996,20.128663220000078],[-98.61139333999995,20.132870080000032],[-98.61024277999996,20.132617400000072],[-98.60890214999995,20.130006580000043],[-98.60510574999995,20.117549090000068],[-98.60806530999997,20.114563910000072],[-98.60718185999997,20.11216642000005],[-98.61036788099995,20.111420740000028],[-98.61496738099999,20.107654231000026],[-98.61580650999997,20.09601125000006],[-98.61820314,20.09245123000005],[-98.61708825899996,20.090245940000045],[-98.61911990899995,20.088350089000073],[-98.62154714999997,20.088304980000032],[-98.622500861,20.09207218100005],[-98.62542745999997,20.09376620000006],[-98.628861541,20.09392796900005],[-98.62947476999994,20.093005090000077],[-98.63110248999999,20.094407120000028],[-98.63476267999994,20.094997620000072],[-98.63716134999999,20.097323020000033],[-98.64297343099997,20.098768350000057],[-98.64853257999994,20.09852329000006],[-98.65025467999999,20.100132710000025],[-98.65358869,20.099881630000027],[-98.65587917999994,20.101013710000075],[-98.65850064899996,20.104496509000057],[-98.66182657999997,20.105817170000023],[-98.66436787899994,20.11193649100005],[-98.66859553899997,20.113708261000056],[-98.67043588999996,20.11677189100004],[-98.66958247999997,20.118690681000032],[-98.67100182899998,20.12007303100006],[-98.67078168999996,20.121433681000042],[-98.67426682999997,20.122421621000058],[-98.67432042999997,20.12417423000005],[-98.67931570999997,20.123922341000025],[-98.68155725999998,20.125046981000025],[-98.68419239899998,20.123076080000033],[-98.68586770999997,20.123479431000078],[-98.68487245899996,20.12651063100003],[-98.68952465999996,20.12976012100006],[-98.68868196899996,20.13097466100004],[-98.68985781899994,20.13275965100007],[-98.68853447999999,20.134728221000046],[-98.69214971999997,20.14106725000005],[-98.69422274999994,20.14076089100007],[-98.693794,20.14408885100005],[-98.69212694099997,20.145215491000044],[-98.69247591899995,20.149234621000062],[-98.69637762899998,20.15277357100007],[-98.69693502099994,20.152836981000064],[-98.70174385099995,20.153378631000066],[-98.70277487999994,20.16353278100007],[-98.70253974999997,20.175698280000063],[-98.70143525999998,20.177612800000077],[-98.69616979899996,20.178226620000032],[-98.69333508999995,20.18107892000006],[-98.69074281999997,20.18187739900003],[-98.68981745999997,20.18456965000007],[-98.68669533999997,20.18488472100006],[-98.68381910999994,20.188040310000076],[-98.68000361999998,20.188809380000066],[-98.67811007999995,20.19081072000006],[-98.67528428999998,20.198286370000062],[-98.66724656999997,20.203202540000063],[-98.66517007999994,20.202692770000056],[-98.66487825999997,20.20515720000003],[-98.66131876999998,20.20717957000005]]]]}},{"type":"Feature","properties":{"id":"13040","name":"La Misión","slug":"la-mision","regionId":"12","regionName":"Jacala"},"geometry":{"type":"MultiPolygon","coordinates":[[[[-99.06207591999998,21.17212606000004],[-99.05980104999998,21.167512310000063],[-99.06474759999998,21.16671381900005],[-99.07204856999994,21.159527320000052],[-99.07250688,21.157267510000054],[-99.06133169099996,21.154205340000033],[-99.05856902999994,21.158748],[-99.05570488999996,21.160134690000064],[-99.05090053899994,21.151950370000066],[-99.04771813999997,21.152931740000042],[-99.03914139999995,21.151464180000062],[-99.03441013999998,21.13833677100007],[-99.03117033999996,21.138394350000056],[-99.02818602999997,21.135304850000068],[-99.02714994999997,21.131474770000068],[-99.03555162999999,21.123261291000063],[-99.03638910999996,21.12124171000005],[-99.03627396999997,21.11989169000003],[-99.03799842999996,21.118888450000043],[-99.04038087999999,21.117159749000052],[-99.04041807999994,21.116034110000044],[-99.04121981999998,21.11397371000004],[-99.03975821999995,21.11361174900003],[-99.03992391999998,21.11216582000003],[-99.03676750999995,21.106490749000045],[-99.03590419899996,21.098944851000056],[-99.03723581999998,21.096200800000076],[-99.03715597999997,21.092928150000034],[-99.03527779899997,21.090866710000057],[-99.03485610899997,21.087577830000043],[-99.03693825,21.08446569000006],[-99.03998537999996,21.083616479000057],[-99.04211493999998,21.08019494000007],[-99.04430534999995,21.078316920000077],[-99.03698372099996,21.071898060000024],[-99.02899610999998,21.07067008000007],[-99.02270631999994,21.067368290000047],[-99.02051693999994,21.068319510000038],[-99.01512406099994,21.06685591100006],[-99.00918876999998,21.06686755000004],[-99.00780402999999,21.06326929000005],[-99.01454739899998,21.060727110000073],[-99.01597391999996,21.058563310000068],[-99.02040936999998,21.05773848000007],[-99.013771,21.05535131000005],[-99.01329151999994,21.05445928100005],[-99.01278593999996,21.05384],[-99.00908456999997,21.05347811100006],[-99.00872157999999,21.05022869000004],[-99.00807997099997,21.04953272000006],[-99.00752801999994,21.04923031000004],[-99.00256554999999,21.050455020000072],[-99.00082270999997,21.045576570000037],[-98.99716164999995,21.04216280000003],[-98.98627094999995,21.039552680000043],[-98.97691679999997,21.044882139000038],[-98.97473557099994,21.047704490000058],[-98.96895901999994,21.04686178000003],[-98.96511097099994,21.05083245000003],[-98.961892649,21.051535260000037],[-98.96061065999999,21.04992371000003],[-98.96079677999995,21.046549260000063],[-98.96379454999999,21.042539170000055],[-98.96395110999998,21.04070083000005],[-98.96337587999994,21.039115890000062],[-98.95830410999997,21.036941720000073],[-98.95722768999997,21.03385885000006],[-98.95849696999994,21.031286351000062],[-98.96137717999994,21.030290060000027],[-98.97134973999994,21.034777690000055],[-98.97347048999995,21.034119350000026],[-98.97258204999997,21.032219370000064],[-98.96787130999996,21.03039497000003],[-98.96815377999997,21.02677102000007],[-98.97318033999994,21.02536998000005],[-98.97730174999998,21.026742050000053],[-98.97949130999996,21.025718090000055],[-98.97617877899995,21.021623370000043],[-98.97186014999994,21.020434630000068],[-98.97249930999999,21.01796482000003],[-98.97148042999999,21.013928200000066],[-98.97265865999998,21.01096995100005],[-98.97295569099998,21.003902120000078],[-98.97592468999994,21.002288621000048],[-98.97660031999999,21.00644003000008],[-98.97973938099994,21.007159570000056],[-98.98018659999997,21.005675860000053],[-98.97880582999994,21.00219694900005],[-98.98008978099995,20.998548351000068],[-98.98203474999997,20.997619480000026],[-98.98532344999995,20.998660999000037],[-98.98756365999998,20.99792995000007],[-98.98759313999994,20.99468285000006],[-98.99049248999995,20.991916341000035],[-98.99766195099994,20.993819650000034],[-99.00228297099994,20.991423370000064],[-99.00626039899998,20.990946020000024],[-99.00768451999994,20.992727520000074],[-99.00726494999998,20.99852191900004],[-99.01142568999995,21.00144743000004],[-99.01586354899996,20.999670509000055],[-99.01741496999995,20.994043650000037],[-99.02109584999994,20.992573200000038],[-99.02384303099996,20.99395332000006],[-99.03066556999994,21.00097278000004],[-99.03801839999994,21.004837690000045],[-99.03896324999994,21.004578910000077],[-99.03927808899994,21.00406171000003],[-99.03915971999999,21.003101350000065],[-99.03880517999994,21.002362680000033],[-99.03325324999997,20.999371890000077],[-99.03140794999996,20.99691062000005],[-99.03313122099996,20.993318850000037],[-99.03763145099998,20.995225490000053],[-99.04222871999997,20.99301212000006],[-99.04622222999996,20.99539905100005],[-99.04786404899994,20.998997020000047],[-99.04936349099995,20.999893980000024],[-99.05037861999995,20.993924479000043],[-99.04962891899999,20.98883920000003],[-99.04743741999994,20.987765120000063],[-99.04371239999995,20.990169180000066],[-99.04181994099997,20.990066460000037],[-99.03757708999996,20.981317580000052],[-99.03406070999995,20.980595720000053],[-99.03218241899998,20.983019601000024],[-99.02997328999999,20.982723890000045],[-99.026307579,20.97989115000007],[-99.02380186,20.973480540000025],[-99.02503010999999,20.972608550000075],[-99.03187105999996,20.973453921000043],[-99.03214617899994,20.96741725000004],[-99.03583465899999,20.965008660000024],[-99.03706256999999,20.961057280000034],[-99.05295535,20.956476660000078],[-99.05449784999996,20.958154450000052],[-99.05386819999995,20.962307430000067],[-99.05618139999996,20.96308288000006],[-99.05841776999995,20.961981310000056],[-99.05878011999994,20.961425450000036],[-99.05888657899999,20.96101766000004],[-99.05751854,20.959236820000058],[-99.06281751999995,20.960818250000045],[-99.06601717999996,20.967806261000078],[-99.06554024999997,20.970577690000027],[-99.06691294099994,20.97429954000006],[-99.06291833999995,20.977255460000038],[-99.06095026099996,20.98052351000007],[-99.06289054099994,20.98105570900003],[-99.07207114999994,20.991705060000072],[-99.07835648899999,20.993740510000066],[-99.07886919999999,20.997340720000068],[-99.08785004999999,20.997768171000075],[-99.08772193999994,21.00127426000006],[-99.09273830999996,21.005897050000044],[-99.09899739999997,21.017743119000045],[-99.09477457899999,21.020438400000046],[-99.09396957999996,21.024506720000034],[-99.09507265999997,21.028637510000067],[-99.11030667999995,21.04389617000004],[-99.11480160099995,21.043736970000054],[-99.11520148099999,21.046906540000066],[-99.12083190999994,21.050522800000067],[-99.129051829,21.06568285000003],[-99.12636048899998,21.06777475000007],[-99.12550182099994,21.070085480000046],[-99.13507276999997,21.075410830000067],[-99.14088446099998,21.08369657000003],[-99.14299182999997,21.089597801000025],[-99.14852162899996,21.09140658000007],[-99.14949228999996,21.09464420100005],[-99.15253731999996,21.09904578000004],[-99.15226539999998,21.10345034000005],[-99.15545119999996,21.110053891000064],[-99.15627873999995,21.108369141000026],[-99.15862897999995,21.108885110000074],[-99.15959721999997,21.109531890000028],[-99.16126924999998,21.111336849000054],[-99.16840601999996,21.114430050000067],[-99.16976674999995,21.115451020000023],[-99.17203267999997,21.11724466100003],[-99.17456711999995,21.122665910000023],[-99.18087588999998,21.126641050000046],[-99.17728596999996,21.133516480000026],[-99.17734879999995,21.13650018000004],[-99.17547804999998,21.138378319000026],[-99.17101617999998,21.137485],[-99.16728570999999,21.14010894000006],[-99.16346464999998,21.139863570000045],[-99.15825924999996,21.14412874100003],[-99.15005647999999,21.147860250000065],[-99.14815441999997,21.147771400000067],[-99.14424824999998,21.145140170000047],[-99.13913213999996,21.15076625000006],[-99.13325379999998,21.152916350000055],[-99.13014673899994,21.152063680000026],[-99.12636812099998,21.146637720000058],[-99.12301721999995,21.147994400000073],[-99.11149231999997,21.148508510000056],[-99.11071325999995,21.14984695000004],[-99.11221149099998,21.154028820000065],[-99.11085337999998,21.156558460000042],[-99.10790931999998,21.156254340000032],[-99.10351254099999,21.153432030000033],[-99.09604064999996,21.154652980000037],[-99.09093827999999,21.152984521000064],[-99.08637237899995,21.15609211000003],[-99.08398917999995,21.159589580000045],[-99.08087633999997,21.15859566000006],[-99.077048489,21.159144660000038],[-99.07688833899994,21.16237091000005],[-99.07117977999997,21.16602811000007],[-99.07094354999998,21.167586920000076],[-99.07777079999994,21.170747720000065],[-99.07688733999998,21.173303030000056],[-99.07052764899998,21.172319920000064],[-99.06407651999996,21.17507629000005],[-99.06241208999995,21.17430863100003],[-99.06207591999998,21.17212606000004]]]]}},{"type":"Feature","properties":{"id":"13042","name":"Molango de Escamilla","slug":"molango-de-escamilla","regionId":"9","regionName":"Zacualtipán"},"geometry":{"type":"MultiPolygon","coordinates":[[[[-98.83508647899998,20.972396181000022],[-98.82980385899998,20.96791742100004],[-98.82150577899995,20.96624206100006],[-98.81821604899994,20.968077580000056],[-98.82052136899995,20.969884001000025],[-98.82016081899997,20.971585650000065],[-98.81781319899994,20.973570751000068],[-98.813362999,20.971704481000074],[-98.80985456899998,20.971570021000048],[-98.80856777899999,20.969608571000038],[-98.80283356899997,20.968533231000038],[-98.79392687899997,20.967724031000046],[-98.79335614899998,20.968474221000065],[-98.79215373799997,20.96763702100003],[-98.79067525899995,20.968719281000062],[-98.76984988899994,20.96856863100004],[-98.765369449,20.96819658100003],[-98.76125382999999,20.965944801000035],[-98.76125058999997,20.96593614300008],[-98.76089721899996,20.96499165000006],[-98.76436674999997,20.960177181000063],[-98.76372047899997,20.95361980100006],[-98.76856907899997,20.947074201000078],[-98.76509676899997,20.944066381000027],[-98.76959714799995,20.943679711000073],[-98.77191564899994,20.944741221000072],[-98.77259691899997,20.943052351000063],[-98.77448373799996,20.94487968100003],[-98.77642951899998,20.945002481000074],[-98.77808694899994,20.942969050000045],[-98.77707562899997,20.939259911000022],[-98.77572805899996,20.93879172100003],[-98.775140879,20.93816957100006],[-98.77472121899996,20.935378221000065],[-98.77276839799998,20.934004800000025],[-98.77153874899994,20.92708029100004],[-98.77067288899997,20.926233151000076],[-98.76855327899995,20.925545141000043],[-98.76882701999995,20.925180741000077],[-98.77029364899994,20.924219571000037],[-98.77002330899995,20.923339621000025],[-98.77046947899998,20.921975831000054],[-98.76994247899995,20.920912461000057],[-98.76734393899994,20.921002061000024],[-98.76915453899994,20.918440541000052],[-98.76636864899996,20.916588551000075],[-98.76732921999997,20.915631051000048],[-98.76650041999994,20.91177734000007],[-98.767848029,20.911588020000067],[-98.76745588899996,20.910423061000074],[-98.76448468899997,20.90922266000007],[-98.76760782899999,20.908643061000078],[-98.76783957899994,20.90724963100007],[-98.76687205899998,20.90481272100004],[-98.76505287899994,20.904162021000047],[-98.76551779899995,20.902539630000035],[-98.76341601899998,20.901747551000028],[-98.76370547899995,20.899752801000034],[-98.762149089,20.899250721000044],[-98.76146277899994,20.89412826100005],[-98.75811977899997,20.891217461000053],[-98.75475439899998,20.891686121000077],[-98.75285007899998,20.89024518100007],[-98.749060279,20.89028015100007],[-98.74580927899996,20.888601891000064],[-98.74467947899996,20.886003491000054],[-98.74194957899994,20.883773251000036],[-98.73910107899997,20.883878431000028],[-98.73882359899994,20.881441401000075],[-98.73716384899996,20.88026683100003],[-98.72235510899998,20.873503121000056],[-98.71845216899999,20.874396741000055],[-98.72005814899995,20.875724431000037],[-98.72110334999996,20.87963852100006],[-98.72260370899994,20.88118931100007],[-98.72218979899998,20.882279141000026],[-98.716416429,20.88160163200007],[-98.71193214899995,20.868693862000043],[-98.70636297899995,20.86382823100007],[-98.71065753899995,20.857932230000074],[-98.71460547899994,20.855258751000065],[-98.71929225899999,20.85776282100005],[-98.72701142899996,20.84797349100006],[-98.73017187899995,20.84707312100005],[-98.73764039899999,20.85174894100004],[-98.739476229,20.86564172100003],[-98.74219482899997,20.86848651100007],[-98.753394889,20.862793451000073],[-98.75177867799994,20.86110375000004],[-98.75225951399995,20.86012561600006],[-98.75226051999994,20.86012357100003],[-98.73656350799996,20.844555891000027],[-98.73903481799994,20.842408171000045],[-98.75074424899998,20.839826771000048],[-98.74585025799996,20.830367741000032],[-98.74170667899995,20.82928152100004],[-98.73458005799995,20.831640451000055],[-98.72827864899995,20.831534051000062],[-98.71841251999996,20.82757858100007],[-98.70966862999995,20.827183261000073],[-98.70221381999994,20.824471880000033],[-98.70459521899994,20.81905148100003],[-98.70891853899997,20.816101221000054],[-98.70967368899994,20.809778091000055],[-98.71453942899996,20.804181631000063],[-98.71472287999995,20.800091121000037],[-98.71848401899996,20.798283711000067],[-98.72171671899997,20.794052751000038],[-98.71957162899997,20.791186461000052],[-98.71780728899995,20.792383521000033],[-98.71274233899999,20.788288720000025],[-98.70853025999997,20.78671083100005],[-98.71022976899997,20.783570921000035],[-98.70930574899995,20.783153121000055],[-98.70979719899998,20.781301771000074],[-98.70758851899996,20.77995037100004],[-98.70681010899995,20.777069261000065],[-98.70548399899997,20.776575921000074],[-98.70645670899995,20.77559534200003],[-98.70505561899995,20.77571043100005],[-98.70359734899995,20.773119421000047],[-98.69933834899996,20.771629490000066],[-98.69787471899997,20.77335615100003],[-98.69624357899994,20.772525622000046],[-98.70018550899994,20.766807491000066],[-98.695127029,20.767791971000065],[-98.69282919899996,20.764312691000043],[-98.69755736899998,20.75900475000003],[-98.70388814999995,20.756928060000064],[-98.71622316799994,20.749448691000055],[-98.71065301899995,20.74829888100004],[-98.70836824899999,20.74403415100005],[-98.70433897899994,20.740038181000045],[-98.70458565899997,20.739036001000045],[-98.70653293899994,20.736553231000073],[-98.70945685899994,20.736957311000026],[-98.71399744799999,20.73373783100004],[-98.71550593899997,20.733945290000065],[-98.72065584899997,20.727921431000027],[-98.72454907899998,20.72708674100005],[-98.72572171899998,20.722451741000043],[-98.72875330899996,20.721219801000075],[-98.73861185899995,20.723365401000024],[-98.73883099899996,20.72702722100007],[-98.73566574899996,20.72880426100005],[-98.73571351899994,20.729912401000036],[-98.744056689,20.735797431000037],[-98.746498509,20.740574571000025],[-98.75308521999995,20.740849620000063],[-98.75538065799998,20.75095882000005],[-98.75694282799998,20.753579521000063],[-98.75630779899996,20.760437741000032],[-98.75493651899995,20.761896971000056],[-98.75665819899996,20.76423494000005],[-98.75558197799995,20.766791890000036],[-98.76127311,20.77300568100003],[-98.76167641899997,20.77590622100007],[-98.76546904899999,20.778198321000048],[-98.76574797899997,20.784582261000025],[-98.76707299899994,20.785069861000068],[-98.77117093899994,20.791812221000043],[-98.774330449,20.793408511000052],[-98.77461271899995,20.79510668000006],[-98.77321708899996,20.79625186000004],[-98.78053373899996,20.800042511000072],[-98.78134579899995,20.80295571000005],[-98.78001907999999,20.80506912000004],[-98.78050422799998,20.80740594100007],[-98.78239811899994,20.809446181000055],[-98.78285144999995,20.812861601000066],[-98.78469631899998,20.81540860100006],[-98.78383936899996,20.816597081000054],[-98.78448219899997,20.82208317100003],[-98.78728681899997,20.827488781000056],[-98.78416633899997,20.833162431000062],[-98.78459227899998,20.85174315100005],[-98.78442788899997,20.85243426100004],[-98.783951259,20.852893281000036],[-98.78213181899997,20.85299383100005],[-98.78150281899997,20.854695801000048],[-98.78809651899996,20.861920741000063],[-98.79106459999997,20.862591830000042],[-98.79094185899999,20.865393121000068],[-98.79345964899994,20.865428851000047],[-98.79631097899994,20.870777711000073],[-98.799194119,20.871863231000077],[-98.79948434899995,20.875961351000058],[-98.79741914899995,20.87930263100003],[-98.79912150899997,20.87982726100006],[-98.803868879,20.877996341000028],[-98.80507648899999,20.87613631100004],[-98.81300937899994,20.872020831000043],[-98.81508393899998,20.86896678100004],[-98.82272724899997,20.868645982000032],[-98.82557661999994,20.870322051000073],[-98.82695047899995,20.86974574100003],[-98.84379628899995,20.88806746000006],[-98.84513819899996,20.888052751000032],[-98.84771442899995,20.885522981000065],[-98.84738876899996,20.882618081000032],[-98.85007407799998,20.876469650000047],[-98.85180524899994,20.883499631000063],[-98.85849430899998,20.89058115100005],[-98.85794004899998,20.893734620000032],[-98.86263057099995,20.902377800000068],[-98.86094416899994,20.904264651000062],[-98.86173708899997,20.915008371000056],[-98.85771257899995,20.924589981000054],[-98.85045104799997,20.929940291000037],[-98.85028408899996,20.930129371000078],[-98.84843653899998,20.93278883100004],[-98.84523330999997,20.93403334100003],[-98.84401534899996,20.93692751100008],[-98.85017308899995,20.947274621000076],[-98.85423977899995,20.95810320100003],[-98.85703130899998,20.96257808100006],[-98.85786048799997,20.965339911000058],[-98.85717981899995,20.970168861000047],[-98.85996728999999,20.972099549000063],[-98.85538630899998,20.974724571000024],[-98.85192467899998,20.973283571000024],[-98.85107541899998,20.97178112100005],[-98.84705451899998,20.97256038100005],[-98.84281290899997,20.97168386100003],[-98.84181010899994,20.974682140000027],[-98.83828653899997,20.976045491000036],[-98.83508647899998,20.972396181000022]]]]}},{"type":"Feature","properties":{"id":"13056","name":"Santiago Tulantepec de Lugo Guerrero","slug":"santiago-tulantepec-de-lugo-guerrero","regionId":"2","regionName":"Tulancingo"},"geometry":{"type":"MultiPolygon","coordinates":[[[[-98.40397341899995,20.078830551000067],[-98.40168576899998,20.070247890000076],[-98.40581468899995,20.069573341000023],[-98.406108169,20.068339182000045],[-98.40222817999995,20.063261020000027],[-98.40028290999999,20.064948770000058],[-98.38435122799996,20.06232926000007],[-98.37788971899994,20.056347801000072],[-98.37559285899994,20.06181457100007],[-98.37028345899995,20.061614741000028],[-98.36709376999994,20.058431770000027],[-98.36283485999996,20.05743540000003],[-98.36061602099994,20.053596911000056],[-98.36039271999994,20.053634010000053],[-98.35981530899994,20.053729952000026],[-98.36041237999996,20.05809185100003],[-98.36417562799994,20.066012940000064],[-98.35820701899996,20.066423620000023],[-98.35852351999995,20.06817663100003],[-98.35554405999994,20.064676571000064],[-98.34997408999999,20.046362432000024],[-98.34154947899998,20.04844415100007],[-98.33758633899998,20.044170260000044],[-98.33619772099996,20.044898981000074],[-98.33445133899994,20.042472880000048],[-98.33634822899995,20.038858091000066],[-98.33574645999994,20.03450828000007],[-98.34429921899994,20.026425920000065],[-98.34504779999997,20.022645230000023],[-98.348002179,20.022626691000028],[-98.35021797999997,20.02089411000003],[-98.35433547899999,20.02214717000004],[-98.35654114999994,20.02136365000007],[-98.35583984899995,20.00910377100007],[-98.35971962899998,20.00058426100003],[-98.35848851999998,19.999489781000023],[-98.35785957899998,19.995066250000036],[-98.36053573999999,19.98998572100004],[-98.35971531999996,19.98838998100007],[-98.36265304999995,19.989525681000032],[-98.36546876899996,19.990491521000024],[-98.38500922999998,19.988363122000067],[-98.39265774999996,19.989482831000032],[-98.39300371999997,19.99121443000007],[-98.39627065999997,19.993044111000074],[-98.39856622999997,19.995823741000038],[-98.39880644899995,19.99799775100007],[-98.40048057899998,19.99910809100004],[-98.39664331999995,20.00360186000006],[-98.39405133999998,20.01187323100004],[-98.38833230999995,20.019208630000037],[-98.39149628099995,20.021490081000024],[-98.394538,20.021150651000028],[-98.40156736999995,20.023366511000063],[-98.40907076999997,20.024053981000066],[-98.41205197999994,20.020221650000053],[-98.41666628099995,20.020166801000073],[-98.42568450999994,20.026523651000048],[-98.43891892,20.03989665100005],[-98.43891948999999,20.040760741000042],[-98.43843201999994,20.041435892000038],[-98.44093905999995,20.04360360000004],[-98.44862614099998,20.04353191200005],[-98.45121591999998,20.041607381000063],[-98.45951324999999,20.038944541000035],[-98.46383382999994,20.039245231000052],[-98.46681865999994,20.037479491000056],[-98.47358870999994,20.038870231000033],[-98.47036474999999,20.04326885100005],[-98.45503548899995,20.056170320000035],[-98.44524354999999,20.062027311000065],[-98.44262267899995,20.061810571000024],[-98.432547,20.06556278000005],[-98.40846184999998,20.069100091000053],[-98.40892259899994,20.079452180000033],[-98.40837321999999,20.08036240000007],[-98.40390933899994,20.080805260000034],[-98.40397341899995,20.078830551000067]]]]}},{"type":"Feature","properties":{"id":"13057","name":"Singuilucan","slug":"singuilucan","regionId":"2","regionName":"Tulancingo"},"geometry":{"type":"MultiPolygon","coordinates":[[[[-98.58643691999998,20.126181231000032],[-98.58252341999997,20.125986261000037],[-98.58039150999997,20.121967461000054],[-98.57595053999995,20.122913460000063],[-98.57081421999999,20.12077454100006],[-98.56691193999995,20.11741648000003],[-98.56650245999998,20.11181146100006],[-98.561436631,20.11019432200004],[-98.55475093999996,20.102239261000022],[-98.55247616999998,20.104100291000066],[-98.54917544999995,20.103438251000057],[-98.54526459899995,20.10506377100006],[-98.54470213999997,20.10636271000004],[-98.54280443,20.106256981000058],[-98.54157157999998,20.102278350000063],[-98.54098717999995,20.10176128100005],[-98.53964203099997,20.100528850000046],[-98.53065584999996,20.10280295000007],[-98.52742385,20.107631371000025],[-98.52594384999998,20.10774794100007],[-98.51996447999994,20.103898951000076],[-98.51948951999998,20.102914971000075],[-98.51984452099998,20.101526621000062],[-98.51777328999998,20.099517251000066],[-98.51491124999995,20.09936705100006],[-98.51132201999997,20.097165881000024],[-98.50687177099996,20.097340622000047],[-98.49884959999997,20.094073002000073],[-98.49884147999995,20.08985455100003],[-98.49173996999997,20.086736080000037],[-98.48637497999994,20.082241771000042],[-98.48294775099998,20.08085949200006],[-98.48102399899994,20.07926855100004],[-98.48123968999994,20.077560421000044],[-98.47975404999994,20.076819171000068],[-98.48274894999997,20.071789911000053],[-98.49165431899996,20.076956401000075],[-98.49317748999994,20.080802821000077],[-98.50021157899994,20.080505321000032],[-98.50192027999998,20.081940771000063],[-98.50215673899999,20.078541551000058],[-98.49994831099997,20.075237111000035],[-98.49933051999994,20.06997455100003],[-98.49526377899997,20.06704934100003],[-98.49674231899996,20.064677481000047],[-98.48080379899994,20.064479981000034],[-98.48056034999996,20.05829243100004],[-98.48207036999997,20.057042461000037],[-98.46223250899999,20.056383021000045],[-98.46347922899997,20.05566900100007],[-98.46002460099999,20.052173751000055],[-98.45923216999995,20.052657],[-98.47036474999999,20.04326885100005],[-98.47358870999994,20.038870231000033],[-98.46681865999994,20.037479491000056],[-98.46383382999994,20.039245231000052],[-98.45951324999999,20.038944541000035],[-98.45121591999998,20.041607381000063],[-98.44862614099998,20.04353191200005],[-98.44142694899995,20.043734751000045],[-98.43843201999994,20.041435892000038],[-98.43891948999999,20.040760741000042],[-98.43891892,20.03989665100005],[-98.42568450999994,20.026523651000048],[-98.41666628099995,20.020166801000073],[-98.41205197999994,20.020221650000053],[-98.40907076999997,20.024053981000066],[-98.40156736999995,20.023366511000063],[-98.394538,20.021150651000028],[-98.39149628099995,20.021490081000024],[-98.38833230999995,20.019208630000037],[-98.39405133999998,20.01187323100004],[-98.39664331999995,20.00360186000006],[-98.40048057899998,19.99910809100004],[-98.39880644899995,19.99799775100007],[-98.39856622999997,19.995823741000038],[-98.39627065999997,19.993044111000074],[-98.39300371999997,19.99121443000007],[-98.39265774999996,19.989482831000032],[-98.38500922999998,19.988363122000067],[-98.36546876899996,19.990491521000024],[-98.35817511,19.98779452100007],[-98.36093171899995,19.982969121000053],[-98.36504405999995,19.98288092100006],[-98.37410364899995,19.975835950000032],[-98.37064999899997,19.97673609000003],[-98.36573015,19.970907511000064],[-98.36684117999994,19.968080891000056],[-98.36533973899998,19.962100381000027],[-98.36584738,19.957629291000046],[-98.36133271999995,19.952467051000042],[-98.36078885999996,19.946489581000037],[-98.36913733899996,19.946404651000023],[-98.37255037899996,19.942693321000036],[-98.36868730999998,19.938513181000076],[-98.37009077999994,19.93878305100003],[-98.37191334799996,19.937435051000023],[-98.37735008999994,19.926996021000036],[-98.37871231099996,19.919627681000065],[-98.37625049099995,19.918974151000043],[-98.37587901899997,19.915014831000065],[-98.37322276999998,19.90913198000004],[-98.38150045999998,19.90223111100005],[-98.38616402999997,19.912536482000064],[-98.40744542999994,19.914659051000058],[-98.40718245899996,19.917111091000038],[-98.41152647999996,19.920236571000032],[-98.41373828999997,19.920108111000047],[-98.42247181899995,19.916002581000043],[-98.42370621999999,19.911522321000064],[-98.42744817,19.90595225100003],[-98.42770356999995,19.90583108100003],[-98.42933593999999,19.905049021000025],[-98.43102579899994,19.90668362200006],[-98.43266725999996,19.90721263000006],[-98.43386616999999,19.906968651000057],[-98.43734848999998,19.902509851000048],[-98.43843256899999,19.90232922100006],[-98.43969185999998,19.90229011100007],[-98.43704673999997,19.89557369100004],[-98.43204316999999,19.894625231000077],[-98.43032168999997,19.892385001000036],[-98.43796862999994,19.887098111000057],[-98.43731193999997,19.884946511000066],[-98.43850993999996,19.878291570000044],[-98.44143124999994,19.877540171000078],[-98.445014169,19.88133866100003],[-98.44672084999996,19.881616541000028],[-98.44941341999998,19.88827389100004],[-98.45035848999999,19.888643751000075],[-98.45061468999995,19.88709509100005],[-98.45305673999997,19.887871261000043],[-98.45349201999994,19.88758277100004],[-98.45448871999997,19.88690254100004],[-98.45725439999995,19.889043580000077],[-98.45849173999994,19.88833586100003],[-98.45800616999998,19.884095200000047],[-98.45495005999999,19.880643321000036],[-98.45305265999997,19.87513903100006],[-98.45527222899995,19.872524201000033],[-98.45603854899997,19.869577261000074],[-98.46101485099996,19.86903120100004],[-98.46137342999998,19.872354660000042],[-98.46211645999995,19.872132451000027],[-98.46529634999996,19.87108832100006],[-98.46964966099995,19.873034491000055],[-98.47081594899998,19.872113340000055],[-98.47790237999999,19.87289885100006],[-98.48263542999996,19.871871571000042],[-98.48625228999998,19.874743771000055],[-98.50039234999997,19.868569431000026],[-98.52215548099997,19.87149331100005],[-98.52524656999998,19.869282861000045],[-98.52524210999997,19.87153735100003],[-98.52510478,19.871820781000054],[-98.52417593999996,19.872076290000052],[-98.52545713999996,19.87664269000004],[-98.53228624899998,19.886081121000075],[-98.53381437999997,19.887359692000075],[-98.53640354999999,19.886622111000065],[-98.53733415099998,19.887614230000054],[-98.53492437999995,19.891443881000043],[-98.53360457899998,19.901300951000053],[-98.53553428099997,19.902604481000026],[-98.53039115099995,19.904216461000033],[-98.52929865999994,19.906881170000077],[-98.52830085099998,19.906889251000052],[-98.52806388099998,19.908484],[-98.52981625999996,19.911702141000035],[-98.52980145999999,19.916712],[-98.53138437099994,19.916620911000052],[-98.53521734999998,19.920128281000075],[-98.53890850999994,19.92144415100006],[-98.53803870999997,19.92363485100003],[-98.538941691,19.92561069100003],[-98.54391049099996,19.92792202100003],[-98.54758993999997,19.927474541000038],[-98.54546037999995,19.93294854000004],[-98.56969547999995,19.934376601000054],[-98.56835779999994,19.943659291000074],[-98.57533671999994,19.945955911000055],[-98.57481324899999,19.946776922000026],[-98.57198242899995,19.951230251000027],[-98.58310772099998,19.95285902100005],[-98.58382225999998,19.953470051000068],[-98.58442931999997,19.95389446100006],[-98.58705241999996,19.953190351000046],[-98.58711813999997,19.957696291000047],[-98.58998234999996,19.954436181000062],[-98.59439869099998,19.956281171000057],[-98.58731751999994,19.964935661000027],[-98.58740985999998,19.965755452000053],[-98.58732831899994,19.972106981000024],[-98.58558610999995,19.972017461000064],[-98.58526251999996,19.975118821000024],[-98.587772939,19.97528457100003],[-98.58782990999998,19.97633969000003],[-98.58442071999997,19.98221611200006],[-98.58083147999997,19.98325908100003],[-98.58589164999995,19.988196341000048],[-98.58002980099997,19.98767814100006],[-98.57978545099996,19.98764182000002],[-98.58700527999997,19.99223735000004],[-98.58264930999997,19.99950720100003],[-98.58903362899997,20.00282283100006],[-98.59320987899997,20.007098851000023],[-98.59875054999998,19.999970001000065],[-98.60061070999996,20.001497742000026],[-98.60020934999994,20.005553021000026],[-98.61518347999998,20.01756751000005],[-98.62057667999994,20.01862654100006],[-98.60517591999997,20.035952371000064],[-98.60030424899998,20.03709198100006],[-98.60034637999996,20.041232421000075],[-98.59109051999997,20.054066860000034],[-98.59160734899996,20.054978451000068],[-98.57592892099996,20.070752851000066],[-98.57760984999999,20.072426060000055],[-98.58063105999997,20.070054431000074],[-98.58294597999998,20.072379522000062],[-98.58266848999995,20.07384355100004],[-98.58675975099999,20.07738143100005],[-98.59360537999999,20.071269201000064],[-98.59757651099994,20.071815151000067],[-98.59856379899998,20.07007032100006],[-98.60074322999998,20.07213089100003],[-98.59952091899999,20.07265982000007],[-98.59901908999996,20.073060051000027],[-98.600436689,20.073312970000075],[-98.60053984999996,20.07373306100004],[-98.59595391,20.080490831000077],[-98.60325577999998,20.08663240100003],[-98.60214003099998,20.088599110000075],[-98.59866676999997,20.09011957100006],[-98.59642893999995,20.093486750000068],[-98.59477122899995,20.09417182100003],[-98.59450676999995,20.09422815100004],[-98.59447584999998,20.094361381000056],[-98.59525310899994,20.09478129000007],[-98.59378230899995,20.095520371000077],[-98.59474850999999,20.09801026100007],[-98.593850821,20.099491261000026],[-98.58943645999994,20.099416405000056],[-98.59393103099995,20.103417781000076],[-98.58385914999997,20.12200374100007],[-98.60192473999996,20.117923911000048],[-98.594051429,20.121835581000028],[-98.59251130999996,20.124403691000055],[-98.58976150999996,20.126200831000062],[-98.58643691999998,20.126181231000032]]]]}},{"type":"Feature","properties":{"id":"13058","name":"Tasquillo","slug":"tasquillo","regionId":"8","regionName":"Ixmiquilpan"},"geometry":{"type":"MultiPolygon","coordinates":[[[[-99.27598884899999,20.599925490000032],[-99.27442593899997,20.59878068100005],[-99.27382079999995,20.596429881000063],[-99.274626088,20.590179420000027],[-99.27250227999997,20.584590710000043],[-99.27412087799996,20.582172221000064],[-99.27398274899997,20.579214620000073],[-99.26916982899996,20.57272222100005],[-99.27103322899995,20.569078821000062],[-99.27041448999995,20.56778317100003],[-99.27441741899997,20.564638891000072],[-99.27719904799994,20.556385351000074],[-99.28222308899996,20.55433983000006],[-99.28519070899995,20.55040052100003],[-99.28227708999998,20.548048080000058],[-99.28109611899998,20.539937690000045],[-99.27702827899998,20.541063181000027],[-99.27236851899994,20.53873954000005],[-99.26617345899996,20.540011631000027],[-99.26549819899998,20.538754351000023],[-99.26624604899996,20.53681245000007],[-99.26478207899999,20.536112341000035],[-99.26381576999995,20.531835631000035],[-99.247915219,20.526934151000034],[-99.24912474899998,20.523441582000032],[-99.24807833899996,20.518054921000044],[-99.25166205899995,20.51907532100006],[-99.25716185999994,20.51601437100004],[-99.26001691899995,20.51783197000003],[-99.26416451899996,20.51709617100005],[-99.26858705899997,20.51463711100007],[-99.27222227899995,20.509156891000032],[-99.28105947899996,20.511951741000075],[-99.28457897899995,20.50931348100005],[-99.28629879999994,20.50063743100003],[-99.28669497899995,20.498926401000062],[-99.28214704899995,20.494330281000032],[-99.28201150899997,20.49252942100003],[-99.28097113899997,20.493138980000026],[-99.28117467899995,20.490089741000077],[-99.27911699899994,20.49007122100005],[-99.27924899899995,20.485806601000036],[-99.28886427899994,20.483761710000067],[-99.29532311799994,20.480791370000077],[-99.29537037899996,20.473036371000035],[-99.29830514899999,20.473514511000076],[-99.29990987799994,20.47218600100007],[-99.30038878,20.46947618100006],[-99.29917653899997,20.466318861000047],[-99.29993550899997,20.464678281000033],[-99.302395059,20.463717091000035],[-99.30291111899999,20.462093141000025],[-99.30460857899999,20.461972281000044],[-99.30504534999994,20.460483830000044],[-99.30616684899996,20.461158891000025],[-99.30915311899997,20.457766552000066],[-99.31184031899994,20.457075060000022],[-99.31242059899995,20.455483380000032],[-99.31284137899996,20.45565969100005],[-99.31329582899997,20.45587583200006],[-99.31671694899995,20.45221588100003],[-99.32259170899994,20.464999551000062],[-99.32455150899995,20.466761451000025],[-99.32447019899996,20.49257951100003],[-99.32453035599997,20.49260430000004],[-99.326442779,20.493392321000044],[-99.32635477899998,20.492181321000032],[-99.32790273899997,20.493755881000027],[-99.32794071899997,20.493791491000025],[-99.32818728799998,20.492731552000066],[-99.33187868899995,20.494166861000053],[-99.35357794899994,20.497423952000076],[-99.36631970899998,20.49446542100003],[-99.36586674899996,20.505208741000047],[-99.37310757899996,20.503344851000065],[-99.37786761999996,20.506083171000057],[-99.38279902899995,20.50665783100004],[-99.38386341899997,20.513439061000042],[-99.38515773899996,20.513283181000077],[-99.38424708899998,20.512270030000025],[-99.38872301999999,20.505760460000033],[-99.39251437899998,20.503496141000028],[-99.40223585899997,20.50410675100005],[-99.40446162899997,20.50262058100003],[-99.40610627899997,20.504008371000054],[-99.41301894799994,20.50569132100003],[-99.41551079899995,20.50444451100003],[-99.426742059,20.505273721000037],[-99.430045969,20.50111258000004],[-99.43523861899996,20.503773352000053],[-99.44129385899998,20.50175566100006],[-99.44658113899999,20.49594306000006],[-99.44919854799997,20.494786091000037],[-99.44732034899994,20.488965750000034],[-99.44860425999997,20.486571281000067],[-99.45001622899997,20.488154371000064],[-99.45250102999995,20.488607881000064],[-99.45775094899994,20.48756251100008],[-99.46111048899996,20.491726890000052],[-99.46846954799997,20.494924860000026],[-99.46942305899995,20.49595920200005],[-99.47041901999995,20.49718708000006],[-99.47413090899994,20.49575002100005],[-99.47584553899998,20.49654274100004],[-99.47597785799996,20.496255662000067],[-99.47638973999995,20.498787881000055],[-99.48394665899997,20.499953831000028],[-99.48568907899994,20.501948261000052],[-99.48349077899996,20.503425981000078],[-99.48137296999994,20.510704451000038],[-99.48153862999999,20.512688981000053],[-99.48427325899996,20.51616380100006],[-99.480376719,20.519209571000033],[-99.481080078,20.52309598100004],[-99.47842721899997,20.524287581000067],[-99.47673247899996,20.526545911000028],[-99.47288554999994,20.527344951000032],[-99.47523062999994,20.532208601000036],[-99.47476913899999,20.53792148100007],[-99.47670688899996,20.539423941000052],[-99.47721290899995,20.541704],[-99.48114413899998,20.543499031000067],[-99.48183091899995,20.54755680100004],[-99.48440451899995,20.549034861000052],[-99.48615661899998,20.55203122100005],[-99.486052799,20.556453630000078],[-99.48879021899995,20.560936601000037],[-99.48788316899999,20.56208163100007],[-99.48842502899998,20.56468262100003],[-99.48725234899996,20.566632541000047],[-99.48745304899995,20.56932583100007],[-99.48467588899996,20.569360080000024],[-99.48406064899996,20.57196125100006],[-99.48238728899997,20.57334503100003],[-99.47584697799994,20.576514721000024],[-99.47019061899994,20.57737405100005],[-99.46787422799997,20.57660534100006],[-99.46768396999994,20.577555570000072],[-99.46464288999994,20.577898281000046],[-99.46561301899999,20.580739821000066],[-99.47277864899996,20.582440061000057],[-99.474272709,20.586000571000056],[-99.47108693899997,20.58978974000007],[-99.47437959899997,20.595279981000033],[-99.47030385899996,20.598388181000075],[-99.47146656799998,20.600777550000032],[-99.47062322899995,20.60540755100004],[-99.46403497899996,20.606858971000065],[-99.46103547899997,20.605793001000052],[-99.46021837899997,20.606136281000033],[-99.459276349,20.606723851000027],[-99.45405065899996,20.606441722000056],[-99.45338077899999,20.608609800000067],[-99.45225157799996,20.60748177200003],[-99.44918954999997,20.606629231000056],[-99.440070199,20.609092291000024],[-99.43412101899997,20.606136181000068],[-99.43216168899994,20.607134491000068],[-99.42952213899997,20.607779681000068],[-99.42415217899998,20.603535521000026],[-99.41971437899997,20.60482140000005],[-99.41960810899997,20.603799941000034],[-99.41898305899997,20.602293221000025],[-99.41508188999995,20.599808061000033],[-99.41525959899997,20.603080651000028],[-99.41142557899997,20.601241001000062],[-99.41117181799996,20.603090421000047],[-99.41050342999995,20.604697551000072],[-99.40939425899995,20.604854741000054],[-99.40876759899999,20.601806861000057],[-99.40427776899998,20.59915951000005],[-99.40320457899998,20.600711352000076],[-99.39990373899997,20.60063923100006],[-99.39353413899994,20.603615182000055],[-99.39175697899998,20.600925140000072],[-99.39273827799997,20.598092911000037],[-99.38898656899994,20.596243121000043],[-99.38689037899996,20.58989009100003],[-99.38286508799996,20.588223481000057],[-99.37920633799996,20.59126892100005],[-99.37479676899994,20.590846801000055],[-99.37171154899994,20.588242321000052],[-99.36911976999994,20.589384030000076],[-99.36829731899996,20.588236151000046],[-99.36819917899999,20.58667052100003],[-99.36894150899997,20.583387351000056],[-99.36412708799998,20.577556491000053],[-99.36235131899997,20.578088451000042],[-99.361133,20.58207438100004],[-99.35584216999996,20.581530851000025],[-99.35446979899996,20.583538351000072],[-99.35298090899994,20.583723750000047],[-99.35198813899996,20.583481651000056],[-99.35134473899996,20.582969801000047],[-99.35071287899996,20.58007112100006],[-99.35128482999994,20.57892631200008],[-99.35152839899996,20.577751231000036],[-99.34979848799998,20.57619402100005],[-99.33676479899998,20.576285851000023],[-99.334726919,20.576744421000058],[-99.33363324899994,20.579364781000038],[-99.33111885899996,20.57998820100005],[-99.32981547799994,20.58309882100008],[-99.32833962899997,20.58354962100003],[-99.32659342799997,20.578344861000062],[-99.32315644899995,20.57621800100003],[-99.31519662899996,20.573842521000074],[-99.31417565899994,20.57038760100005],[-99.31207707999994,20.572985802000062],[-99.30680651899996,20.574608570000066],[-99.30478167899997,20.576439941000046],[-99.30523690899997,20.580740511000045],[-99.30249413799999,20.58498331100003],[-99.29497401899994,20.59033117100006],[-99.29018441899996,20.59162611100004],[-99.28831550899997,20.593380311000033],[-99.28915196899999,20.59404838100005],[-99.28940011999998,20.59358902100007],[-99.28936604799998,20.594965251000076],[-99.28365857899996,20.601721661000056],[-99.28313085899998,20.609268231000044],[-99.28195630899995,20.609051151000074],[-99.28086059899994,20.60886529100003],[-99.27598884899999,20.599925490000032]]]]}},{"type":"Feature","properties":{"id":"13059","name":"Tecozautla","slug":"tecozautla","regionId":"11","regionName":"Huichapan"},"geometry":{"type":"MultiPolygon","coordinates":[[[[-99.49609308899994,20.656027580000057],[-99.49493902899997,20.655605800000046],[-99.49649014899995,20.653825650000044],[-99.49558119899996,20.651932419000048],[-99.49020031899994,20.651114230000076],[-99.49262330899995,20.64820306000007],[-99.49238356999996,20.64757405000006],[-99.49200114799999,20.64659474000007],[-99.49297810899998,20.643073619000063],[-99.49009267899999,20.64234866000004],[-99.48746181999996,20.64321068000004],[-99.48524327899997,20.640803710000057],[-99.48218510899994,20.64013158000006],[-99.48158248899995,20.637033149000047],[-99.47999227899999,20.635405580000054],[-99.46830779799996,20.62929563000006],[-99.46500404899996,20.629145580000056],[-99.46224537899997,20.62729163000006],[-99.45957710899995,20.62888903000004],[-99.457817418,20.626335029000074],[-99.45098668999998,20.62645746000004],[-99.44923291899994,20.62449734000006],[-99.45045228899994,20.615370060000032],[-99.45327934899996,20.609539140000038],[-99.45346736899995,20.60674823100004],[-99.459276349,20.606723851000027],[-99.46021837899997,20.606136281000033],[-99.46103547899997,20.605793001000052],[-99.46403497899996,20.606858971000065],[-99.47062322899995,20.60540755100004],[-99.47146656799998,20.600777550000032],[-99.47030385899996,20.598388181000075],[-99.47426679899996,20.595736601000056],[-99.47108693899997,20.58978974000007],[-99.474272709,20.586000571000056],[-99.47277864899996,20.582440061000057],[-99.46561301899999,20.580739821000066],[-99.46464288999994,20.577898281000046],[-99.46768396999994,20.577555570000072],[-99.46787422799997,20.57660534100006],[-99.47019061899994,20.57737405100005],[-99.47584697799994,20.576514721000024],[-99.48238728899997,20.57334503100003],[-99.48406064899996,20.57196125100006],[-99.48467588899996,20.569360080000024],[-99.48745304899995,20.56932583100007],[-99.48725234899996,20.566632541000047],[-99.48842502899998,20.56468262100003],[-99.48788316899999,20.56208163100007],[-99.48879021899995,20.560936601000037],[-99.486052799,20.556453630000078],[-99.48615661899998,20.55203122100005],[-99.48440451899995,20.549034861000052],[-99.48183091899995,20.54755680100004],[-99.48114413899998,20.543499031000067],[-99.47721290899995,20.541704],[-99.47670688899996,20.539423941000052],[-99.47476913899999,20.53792148100007],[-99.47523062999994,20.532208601000036],[-99.47288554999994,20.527344951000032],[-99.47673247899996,20.526545911000028],[-99.47842721899997,20.524287581000067],[-99.481080078,20.52309598100004],[-99.480376719,20.519209571000033],[-99.48427325899996,20.51616380100006],[-99.48153862999999,20.512688981000053],[-99.48137296999994,20.510704451000038],[-99.48349077899996,20.503425981000078],[-99.48579464899996,20.502191781000022],[-99.48394665899997,20.499953831000028],[-99.47638973999995,20.498787881000055],[-99.47597785799996,20.496255662000067],[-99.47584553899998,20.49654274100004],[-99.47413090899994,20.49575002100005],[-99.47041901999995,20.49718708000006],[-99.46942305899995,20.49595920200005],[-99.46846954799997,20.494924860000026],[-99.47020639899995,20.493225980000034],[-99.46957771899997,20.489113950000046],[-99.47915914999999,20.487803659000065],[-99.49341651899994,20.480253381000068],[-99.50301576899994,20.478267],[-99.51001359999998,20.474188621000053],[-99.52187197099994,20.471913451000034],[-99.52678247999995,20.463637180000035],[-99.52779,20.463140709000072],[-99.52876276999996,20.462684860000024],[-99.52820284999996,20.46122697100003],[-99.53441488999994,20.461028181000074],[-99.53432167899996,20.457303850000073],[-99.53585839999994,20.45748535000007],[-99.53606459899999,20.457508309000048],[-99.53740870999997,20.46539006200004],[-99.54344942999995,20.471388280000042],[-99.54581691099997,20.47126166000004],[-99.54928993899995,20.476576399000066],[-99.54928838899997,20.47657732400006],[-99.54768564899996,20.477532661000055],[-99.54768795299998,20.47753413600003],[-99.54899134999994,20.47836891000003],[-99.54625075099995,20.479241020000075],[-99.54306488999998,20.487665970000023],[-99.54219785999999,20.49390408000005],[-99.54394407999996,20.495183910000037],[-99.53812417999995,20.499878740000042],[-99.53514045999998,20.503860089000057],[-99.53585267999995,20.508714619000045],[-99.53999001999995,20.509590650000064],[-99.53958231899998,20.511500150000074],[-99.54046262999998,20.512406309000028],[-99.55532830999994,20.508419520000075],[-99.56162208999996,20.50387672000005],[-99.56863285999998,20.503803860000062],[-99.57536837099997,20.500589080000054],[-99.58750052,20.509800350000035],[-99.58924436999996,20.50625462000005],[-99.59444107999997,20.503525230000037],[-99.59427193999994,20.495490520000033],[-99.59681307999995,20.49058426000005],[-99.60031885999996,20.488555770000062],[-99.60307097999998,20.488877940000066],[-99.60801436999998,20.486315829000034],[-99.61074685099999,20.486232400000063],[-99.60821822999998,20.485282220000045],[-99.60873182999995,20.48396106000007],[-99.607208201,20.484117600000047],[-99.60605173999994,20.481471310000074],[-99.60374179999997,20.481751580000036],[-99.60397647999997,20.478872049000074],[-99.60556321999996,20.47658751000006],[-99.61225732099996,20.47877120000004],[-99.61723153999998,20.478234780000037],[-99.61628111099998,20.475825180000072],[-99.61819542099994,20.475507],[-99.61858693999994,20.474136781000027],[-99.61362279899998,20.469271370000058],[-99.61908900099996,20.46818760000008],[-99.62004481999998,20.465715490000036],[-99.62008777899996,20.457985520000022],[-99.62088959999994,20.457704231000037],[-99.62086663799994,20.45766077600007],[-99.61873505099999,20.453626720000045],[-99.62302876999996,20.452862380000056],[-99.62469676999996,20.45423351000005],[-99.62653835099997,20.450280450000037],[-99.62884262999995,20.450309110000035],[-99.636618221,20.454111770000054],[-99.63828082999999,20.45581166000005],[-99.63856125999996,20.458472019000055],[-99.63733495099996,20.46132988000005],[-99.63912754999996,20.464825090000033],[-99.64110142099997,20.46531815000003],[-99.64175039899999,20.467598830000043],[-99.64500451999999,20.471078650000038],[-99.64864153899998,20.464984600000037],[-99.65044045999997,20.465053140000066],[-99.65203362999995,20.462923970000077],[-99.65193821999998,20.461077830000022],[-99.65297990899995,20.460809770000026],[-99.65695337999995,20.459848710000074],[-99.66074373999999,20.47104358000007],[-99.66332950999998,20.472624860000053],[-99.66286034999996,20.475411879000035],[-99.66229601999999,20.475764310000045],[-99.66439067999994,20.47988305000007],[-99.66734364999996,20.47866834000007],[-99.68051805999994,20.481779970000048],[-99.68803768999999,20.47746871000004],[-99.68687925099994,20.474211060000073],[-99.69725481999996,20.471197291000067],[-99.69726917999998,20.470845860000054],[-99.69718376999998,20.470281030000024],[-99.70110938,20.46970525000006],[-99.70481331999997,20.471147520000045],[-99.71278314999995,20.466533680000055],[-99.72920847999995,20.460286799000073],[-99.73216007999997,20.462139660000048],[-99.73504556999995,20.461056540000072],[-99.73755294999995,20.463160551000044],[-99.73830676999995,20.46054698000006],[-99.73267944999998,20.46028392000005],[-99.73330747999995,20.45558071000005],[-99.73106785999994,20.45238937000005],[-99.73307016999996,20.451550910000037],[-99.73451274999996,20.452471340000045],[-99.73529397999994,20.451042020000045],[-99.73198576999994,20.446395220000056],[-99.73848262999996,20.44604209000005],[-99.73779214999996,20.443980090000025],[-99.74238490999994,20.444149261000064],[-99.74328331999999,20.439317740000035],[-99.74256698,20.436449690000074],[-99.74499741999995,20.431133059000047],[-99.75211621999995,20.426426199000048],[-99.75485737999998,20.42263520100005],[-99.76124712099994,20.420234280000045],[-99.76602822999996,20.42429302000005],[-99.76562037999997,20.427889709000056],[-99.76902597999998,20.42968029000008],[-99.77031220099997,20.432903950000025],[-99.77711153999996,20.441390400000046],[-99.77666696999995,20.44356612000007],[-99.77227934099994,20.444500169000037],[-99.77659851999994,20.455721940000046],[-99.78256996899995,20.45694068000006],[-99.78611276999999,20.460465200000044],[-99.78576530899994,20.46208272000007],[-99.78989927999999,20.462226970000074],[-99.79196213999995,20.46007791900007],[-99.79718920099998,20.458094370000026],[-99.80346174999994,20.46009305000007],[-99.80393674099997,20.462339150000048],[-99.80701961999995,20.465747660000034],[-99.80767744999997,20.46906122000007],[-99.81128008999997,20.473811030000036],[-99.81580857999995,20.475534320000065],[-99.82014077999997,20.475440221000042],[-99.82391619999999,20.478014780000024],[-99.82936342999994,20.477826140000047],[-99.83330865,20.479151950000073],[-99.83507984999994,20.48103572100007],[-99.82812424999997,20.542538689000025],[-99.82807117999994,20.54300765100004],[-99.82128051999996,20.540611660000025],[-99.80462507999994,20.544758380000076],[-99.79493104999995,20.55110306000006],[-99.78530365999995,20.553414721000024],[-99.78202005999998,20.557786690000057],[-99.77932881999999,20.559304910000037],[-99.77753713999994,20.558501980000074],[-99.77385002099999,20.560016260000054],[-99.76966037099999,20.557545489000063],[-99.768419,20.559814860000074],[-99.75894091099997,20.561913910000044],[-99.75626537999995,20.561362],[-99.75342544999995,20.56303525000004],[-99.74590333999998,20.55927458000008],[-99.73868325999996,20.560520800000063],[-99.73349004999994,20.567672],[-99.73137839999998,20.567940349000025],[-99.72982390999994,20.573478970000053],[-99.72824337099996,20.575106340000048],[-99.71944277999995,20.577052630000026],[-99.71445324999996,20.57690978000005],[-99.71258893999999,20.578072939000037],[-99.71280161999994,20.580587689000026],[-99.71195207999995,20.581266620000065],[-99.70903882999994,20.58083595000005],[-99.70505305999995,20.576710020000064],[-99.69641295099996,20.57444502000004],[-99.69422834999995,20.576416880000068],[-99.69452791999998,20.57810698000003],[-99.69606961999995,20.57876108000005],[-99.69493705999997,20.581020910000063],[-99.69050310999995,20.581384],[-99.68440039999996,20.579149891000043],[-99.68248717999995,20.58371525000007],[-99.67874078099999,20.585326750000036],[-99.68025284999999,20.58886631000007],[-99.67413596999995,20.58857431900003],[-99.66935276999999,20.590824550000036],[-99.66862339999994,20.593594430000053],[-99.66330971999997,20.594081521000078],[-99.66103788999999,20.595970600000044],[-99.65787036999996,20.60179929000003],[-99.65095239999994,20.602284200000042],[-99.64773793899997,20.601464510000028],[-99.64245454999997,20.60434040000007],[-99.63458374899994,20.605654150000078],[-99.63162282999997,20.603086880000035],[-99.62421646099995,20.600622620000024],[-99.62254665999995,20.597652340000025],[-99.62417450999999,20.59397211000004],[-99.61951127899994,20.591406950000078],[-99.61643790999995,20.594424980000042],[-99.61291447999997,20.594965111000022],[-99.61248573999995,20.599325661000023],[-99.60944476999998,20.600358579000044],[-99.60741425999998,20.606400020000024],[-99.59843990999997,20.60770823000007],[-99.59274205899999,20.610832290000076],[-99.59379171999996,20.616045430000042],[-99.58970810999995,20.620400140000072],[-99.58767485899995,20.620828690000053],[-99.58167427999996,20.617861880000078],[-99.57894944999998,20.618832250000025],[-99.57813964999997,20.62088237000006],[-99.57864854999997,20.628495429000054],[-99.57530445899994,20.630675660000065],[-99.57346230999997,20.635013180000044],[-99.56818822999998,20.636148689000038],[-99.56534439999996,20.640394150000077],[-99.55688216999994,20.643586820000053],[-99.53881271999995,20.643669679000027],[-99.53578324999995,20.650794580000024],[-99.53052707999996,20.65520895000003],[-99.52447532099995,20.657267321000063],[-99.50564177999996,20.659131570000056],[-99.50303348999995,20.659003820000066],[-99.50192266,20.658962219000045],[-99.49609308899994,20.656027580000057]]]]}},{"type":"Feature","properties":{"id":"13060","name":"Tenango de Doria","slug":"tenango-de-doria","regionId":"2","regionName":"Tulancingo"},"geometry":{"type":"MultiPolygon","coordinates":[[[[-98.11205984999998,20.40886758000005],[-98.10707577999995,20.406596050000076],[-98.10687930999995,20.404770120000023],[-98.10799093999998,20.403511380000054],[-98.11190751999999,20.404374520000033],[-98.11583248899996,20.401825460000055],[-98.11487097999998,20.39744427900007],[-98.11443573999998,20.397182720000046],[-98.11396885999994,20.398358770000073],[-98.11305756999997,20.396384970000042],[-98.11040044899994,20.39719855000004],[-98.10850027999999,20.395362229000057],[-98.10918642999997,20.39406008900005],[-98.10824353999999,20.393903140000077],[-98.10740064999999,20.393406740000046],[-98.106633,20.394689480000068],[-98.10419984999999,20.394025940000063],[-98.10402957999997,20.39222531100006],[-98.10216811999999,20.39091114000007],[-98.10287174899997,20.39013680000005],[-98.10277988999997,20.389509400000065],[-98.09694494099995,20.38867404900003],[-98.09389048999998,20.38663475100003],[-98.101937449,20.380283570000074],[-98.10197822999999,20.375130091000074],[-98.10838853999996,20.373958291000065],[-98.10674030999996,20.368123371000024],[-98.11560990999999,20.363203401000078],[-98.11333130999998,20.360898620000057],[-98.11250377999994,20.35429572000004],[-98.11557411999996,20.35380366000004],[-98.11740541999995,20.350145660000067],[-98.11921130999997,20.350478719000023],[-98.12399988999994,20.34850283000003],[-98.12618400099996,20.346296350000046],[-98.12689391999999,20.345069430000024],[-98.12719467999995,20.344392889000062],[-98.12423839999997,20.341480770000032],[-98.12683550999998,20.33623102100006],[-98.13152863,20.336528349000048],[-98.13409685,20.334357770000054],[-98.13915867999998,20.33270434900004],[-98.14501465999996,20.33478303000004],[-98.14525910999998,20.334270830000037],[-98.14541307899998,20.333756340000036],[-98.14369514999999,20.333746020000035],[-98.14262297999994,20.332235340000068],[-98.14514004899996,20.33044015100006],[-98.15761342999997,20.332451770000034],[-98.16383856899995,20.327892450000036],[-98.16949474999996,20.332320220000042],[-98.17614641999995,20.33521994000006],[-98.18176325999997,20.33628200100003],[-98.17923608999996,20.332355060000054],[-98.17966565999996,20.326847400000077],[-98.17787157899994,20.32046390900007],[-98.179537,20.312785779000023],[-98.17792302999999,20.309413450000022],[-98.17869679999995,20.305132120000053],[-98.18042005099994,20.30344929000006],[-98.17983454999995,20.299489480000034],[-98.17813088999998,20.29726436900006],[-98.17806782999997,20.294825850000052],[-98.17837997999999,20.294472980000023],[-98.17907756899996,20.293808370000022],[-98.18332937099996,20.294903600000055],[-98.184343631,20.294140910000067],[-98.18608708999994,20.29493326000005],[-98.18758727899996,20.293653260000042],[-98.18994417999994,20.29441083100005],[-98.19144805999997,20.291355121000038],[-98.19448333999998,20.290837370000077],[-98.20044753899998,20.29210044900003],[-98.20649988899999,20.29623883100004],[-98.20871677999997,20.295502001000045],[-98.21000768,20.293489771000054],[-98.21594822999998,20.291456581000034],[-98.22476758,20.295113031000028],[-98.22833441899996,20.29450100100007],[-98.23050759999995,20.295284551000066],[-98.23204567899995,20.296477580000044],[-98.23267153899997,20.300629251000032],[-98.23415296899998,20.300888721000035],[-98.23647647999996,20.304347481000036],[-98.24222073999994,20.304119352000043],[-98.24658665899995,20.301210081000022],[-98.25402964899996,20.30134188100004],[-98.25757111899998,20.298130510000078],[-98.25606431999995,20.29161472100003],[-98.25619816999995,20.28629365100005],[-98.25729217999998,20.285306981000076],[-98.26043188899996,20.285524940000073],[-98.26603711999996,20.27361109000003],[-98.27482532,20.268806231000042],[-98.27545313899998,20.266129222000075],[-98.28056650899998,20.266166630000043],[-98.28444353999998,20.26278885000005],[-98.28494387999996,20.266955950000067],[-98.28914294999998,20.26967343000007],[-98.28907593999998,20.27817961900007],[-98.29029953999998,20.27918543100003],[-98.290395,20.282569771000055],[-98.29394725999998,20.28644371000007],[-98.29457947999998,20.289043880000065],[-98.29334956999998,20.29175420000007],[-98.30013959999997,20.299306940000065],[-98.30292058099997,20.299438859000077],[-98.30451605099995,20.30183678000003],[-98.31038816999995,20.301985450000075],[-98.31103341899995,20.303539260000036],[-98.315266421,20.304858350000075],[-98.31962445999994,20.311292750000064],[-98.31668759999997,20.312306],[-98.31622337099998,20.315908770000078],[-98.31175571099999,20.31926769000006],[-98.31094317999998,20.322636741000053],[-98.30554591999999,20.324187781000035],[-98.30256473999998,20.326437601000066],[-98.29877691999997,20.326952851000044],[-98.29738571999997,20.32906532100003],[-98.29560253899996,20.328891541000075],[-98.29204667999994,20.330761621000022],[-98.29030311999998,20.334724221000045],[-98.29198294999998,20.33996028100006],[-98.29145248999998,20.344767171000058],[-98.29284621999994,20.349323661000028],[-98.29037174999996,20.35318643100004],[-98.29040561999994,20.350566230000027],[-98.28918110999996,20.350189862000036],[-98.28648701999998,20.34455125100004],[-98.28025191999996,20.353400581000074],[-98.27853602999994,20.35885994100005],[-98.28043964999995,20.366963851000037],[-98.27942111999994,20.368380021000064],[-98.28057253999998,20.36948343100005],[-98.27956750999994,20.372436781000033],[-98.27680137999994,20.37340635100003],[-98.27638,20.37519468100004],[-98.27239162099994,20.368228771000076],[-98.27053853899997,20.36790460000003],[-98.26342681999995,20.372622250000063],[-98.25668467999998,20.38166140100003],[-98.24547562099997,20.380637571000022],[-98.24512230999994,20.37891692100004],[-98.24266006,20.378162861000078],[-98.23746873999994,20.38147654000005],[-98.23661748999996,20.383694951000052],[-98.23202467999994,20.385641951000025],[-98.22902110999996,20.384270740000034],[-98.22730834899994,20.385051661000034],[-98.22366873999994,20.383947681000052],[-98.22314882999996,20.382738821000032],[-98.22057814899995,20.382077951000042],[-98.21930271899998,20.37918329100006],[-98.21851581999994,20.38065289000008],[-98.21556191099995,20.381810061000067],[-98.21452172099998,20.384071911000035],[-98.21072211899997,20.38179617000003],[-98.20786176999997,20.38221105200006],[-98.20523693999996,20.38640808100007],[-98.19868842999995,20.387290911000036],[-98.19468124999997,20.391772221000053],[-98.19162049,20.39305378000006],[-98.18838565099998,20.40090846000004],[-98.18330984999994,20.40303649200007],[-98.18251677999996,20.408198681000044],[-98.17957986099998,20.407468],[-98.17531219999995,20.410414350000053],[-98.17525094099994,20.405088140000032],[-98.17495281899994,20.404109770000048],[-98.17386216999995,20.402404820000072],[-98.17097828999994,20.398377150000044],[-98.16168990999995,20.39256142000005],[-98.15916571999998,20.387743140000055],[-98.14913822899996,20.389261370000042],[-98.14391765999994,20.391422109000075],[-98.14043985099994,20.398371319000034],[-98.137585,20.39809672000007],[-98.13759588,20.40003241900007],[-98.13430845999994,20.400494940000044],[-98.13056650999994,20.398714280000036],[-98.12659701999996,20.398495860000025],[-98.12454714999996,20.401432060000047],[-98.12434851999996,20.406018820000043],[-98.12174490999996,20.40607890900003],[-98.11555137,20.409324749000064],[-98.11205984999998,20.40886758000005]]]]}},{"type":"Feature","properties":{"id":"13061","name":"Tepeapulco","slug":"tepeapulco","regionId":"10","regionName":"Apan"},"geometry":{"type":"MultiPolygon","coordinates":[[[[-98.38288945699998,19.905289693000043],[-98.37988028899997,19.898396020000064],[-98.37893984999994,19.892159380000066],[-98.38519490999994,19.849588770000025],[-98.38594622999994,19.849108400000034],[-98.38705317999995,19.848489820000054],[-98.38699854099997,19.84099389000005],[-98.38502114999994,19.837585680000075],[-98.39900622,19.82319116900004],[-98.40151193999998,19.826042740000048],[-98.42105668,19.811684120000052],[-98.42801616999998,19.808999691000054],[-98.42646187999998,19.80725386000006],[-98.45405205999998,19.79968468900006],[-98.45482793999997,19.79905326000005],[-98.45691574099999,19.79742342000003],[-98.45856934999995,19.792613630000062],[-98.46075850999995,19.794486220000067],[-98.46449369099997,19.791599940000026],[-98.46672928999999,19.786715310000034],[-98.46861274999998,19.787160680000056],[-98.46884855099995,19.786926660000063],[-98.47009196999994,19.78556300100007],[-98.47479361999996,19.785455290000073],[-98.48875245999994,19.776193600000056],[-98.49186784999995,19.771497],[-98.49478668999996,19.77108731000004],[-98.49541890999996,19.76552379900005],[-98.50035487999997,19.76186038000003],[-98.50291457999998,19.764007821000064],[-98.50381374099999,19.76364994000005],[-98.50380172099995,19.761111880000044],[-98.51415546099997,19.758699230000047],[-98.51598541999994,19.758866401000034],[-98.51621527999998,19.760255020000045],[-98.51900696999996,19.758001180000065],[-98.52784120099994,19.756766970000058],[-98.53453557999995,19.752048110000032],[-98.53933870999998,19.746518709000043],[-98.5392326,19.74440763100006],[-98.53911674099999,19.743993120000027],[-98.53574581999999,19.737946860000022],[-98.53655031999995,19.729590750000057],[-98.53391494899995,19.71908557000006],[-98.53510747999997,19.713481690000037],[-98.55251352,19.720880090000037],[-98.55620454999996,19.710406630000023],[-98.55394839999997,19.70936222000006],[-98.55263267899994,19.705916150000064],[-98.55372387999995,19.70488283000003],[-98.55157736999996,19.702153770000052],[-98.55277313999994,19.697641151000028],[-98.55485584999997,19.695197950000022],[-98.56044879899997,19.692456979000042],[-98.56058208999997,19.69238480000007],[-98.56286130999996,19.697498739000025],[-98.56237433999996,19.701076659000023],[-98.56424642999997,19.701668150000046],[-98.56425673999996,19.701685320000024],[-98.56409090999995,19.703038650000053],[-98.56515744999996,19.703374800000063],[-98.56465166099997,19.706035050000025],[-98.56761138099995,19.706957490000036],[-98.56849921999998,19.70573730900003],[-98.56722495099996,19.715064420000033],[-98.56985156999997,19.716931740000064],[-98.56958791999995,19.71881123000003],[-98.56926727899997,19.72103357000003],[-98.56971202999995,19.721234941000034],[-98.57066719899996,19.72165965000005],[-98.58729905899997,19.728139060000046],[-98.58412921999997,19.723532890000058],[-98.58422421899996,19.723333290000028],[-98.58422940099996,19.722106820000022],[-98.58678194999999,19.72216817000003],[-98.59686805999996,19.716629260000047],[-98.60214933999998,19.715733],[-98.60810170999997,19.725075030000028],[-98.60456142899994,19.732939310000063],[-98.60321305999997,19.73264688000006],[-98.60387458099996,19.735967220000077],[-98.60190228999994,19.756731049000052],[-98.58881702999997,19.77944638100007],[-98.58767454999997,19.784465260000047],[-98.58451551999997,19.778286680000065],[-98.57854924999998,19.788489429000037],[-98.57957174999996,19.79826249000007],[-98.58833876899996,19.823112800000047],[-98.57543176999997,19.82406565100007],[-98.57547383099995,19.82325842000006],[-98.57242794999996,19.827786030000027],[-98.57051001999997,19.82685026000007],[-98.56998309099998,19.829086111000038],[-98.56096107999997,19.835440780000056],[-98.55903321999995,19.837852230000067],[-98.56048725999995,19.83883428000007],[-98.56131582999996,19.843098749000035],[-98.55950771,19.847679459000062],[-98.56133465,19.849754630000064],[-98.55995625999998,19.85198082000005],[-98.55674604999996,19.85391180000005],[-98.55099085999996,19.85368298000003],[-98.55082361999996,19.852503350000063],[-98.54604213999994,19.852023691000056],[-98.546151679,19.852995890000045],[-98.54342048999996,19.853304511000033],[-98.53923241999996,19.85029203000005],[-98.52894225999995,19.84618314000005],[-98.52540996999994,19.845329290000052],[-98.52578961999995,19.84594308000004],[-98.52442505099998,19.846738970000047],[-98.51504836999999,19.844323940000038],[-98.50039234999997,19.868569431000026],[-98.48625228999998,19.874743771000055],[-98.48263542999996,19.871871571000042],[-98.47790237999999,19.87289885100006],[-98.47081594899998,19.872113340000055],[-98.46964966099995,19.873034491000055],[-98.46529634999996,19.87108832100006],[-98.46211645999995,19.872132451000027],[-98.46137342999998,19.872354660000042],[-98.46101485099996,19.86903120100004],[-98.45603854899997,19.869577261000074],[-98.45527222899995,19.872524201000033],[-98.45305265999997,19.87513903100006],[-98.45495005999999,19.880643321000036],[-98.45800616999998,19.884095200000047],[-98.45849173999994,19.88833586100003],[-98.45725439999995,19.889043580000077],[-98.45448871999997,19.88690254100004],[-98.45349201999994,19.88758277100004],[-98.45305673999997,19.887871261000043],[-98.45061468999995,19.88709509100005],[-98.45035848999999,19.888643751000075],[-98.44941341999998,19.88827389100004],[-98.44672084999996,19.881616541000028],[-98.445014169,19.88133866100003],[-98.44143124999994,19.877540171000078],[-98.43850993999996,19.878291570000044],[-98.43731193999997,19.884946511000066],[-98.43796862999994,19.887098111000057],[-98.43032168999997,19.892385001000036],[-98.43204316999999,19.894625231000077],[-98.43704673999997,19.89557369100004],[-98.43969185999998,19.90229011100007],[-98.43843256899999,19.90232922100006],[-98.43734848999998,19.902509851000048],[-98.43386616999999,19.906968651000057],[-98.43266725999996,19.90721263000006],[-98.43102579899994,19.90668362200006],[-98.42933593999999,19.905049021000025],[-98.42770356999995,19.90583108100003],[-98.42744817,19.90595225100003],[-98.42370621999999,19.911522321000064],[-98.42247181899995,19.916002581000043],[-98.41373828999997,19.920108111000047],[-98.41152647999996,19.920236571000032],[-98.40718245899996,19.917111091000038],[-98.40744542999994,19.914659051000058],[-98.38616402999997,19.912536482000064],[-98.38288945699998,19.905289693000043]]]]}},{"type":"Feature","properties":{"id":"13062","name":"Tepehuacán de Guerrero","slug":"tepehuacan-de-guerrero","regionId":"9","regionName":"Zacualtipán"},"geometry":{"type":"MultiPolygon","coordinates":[[[[-98.80531270999995,21.193245180000076],[-98.801188,21.19293420200006],[-98.79689742999994,21.19076466100006],[-98.79908994099998,21.18626626100007],[-98.79797068,21.18334342000003],[-98.79084916999994,21.188043450000066],[-98.78599554899995,21.186369480000053],[-98.78146168999996,21.186225582000077],[-98.77919795099996,21.18239852100004],[-98.77664584999997,21.182186170000023],[-98.77535884999998,21.175072401000023],[-98.77612944999998,21.17329122900003],[-98.77292137999996,21.171968771000024],[-98.77093233999994,21.173999540000068],[-98.76513697999997,21.174319750000052],[-98.76219507999997,21.168981030000054],[-98.76261176999998,21.168905600000073],[-98.76590439999995,21.167112510000038],[-98.76639996999995,21.165267819000064],[-98.76067126099997,21.163794540000026],[-98.75667890999995,21.160671629000035],[-98.74740853999998,21.157468579000067],[-98.74202561999994,21.152494830000023],[-98.74038170999995,21.135121060000074],[-98.73564619999996,21.13170208100007],[-98.73695224999994,21.129544430000067],[-98.74058750899997,21.131991421000066],[-98.74406037999995,21.132715140000073],[-98.74510716999998,21.132848290000027],[-98.74602535099996,21.13111734000006],[-98.74339348999996,21.12523132000007],[-98.74930996999996,21.123355230000072],[-98.74927167999994,21.119553350000047],[-98.74818664999998,21.118238150000025],[-98.74004528899997,21.117712091000044],[-98.73932091999995,21.114325],[-98.74129702999994,21.111945151000043],[-98.74533291999995,21.110704420000047],[-98.74993830999995,21.106194060000064],[-98.75349261999997,21.10522325000005],[-98.75340771999998,21.100118980000047],[-98.75446666,21.098451969000052],[-98.75906654,21.09909614000003],[-98.75978251999999,21.098682170000075],[-98.76036788,21.09806365000003],[-98.76070056999998,21.096563369000023],[-98.75797050999995,21.089291950000074],[-98.758603339,21.084639309000067],[-98.76253365999997,21.08427105000004],[-98.76576970999997,21.087637380000047],[-98.77080077099998,21.084175220000077],[-98.77564344999996,21.09072740000005],[-98.77913671899995,21.091798150000045],[-98.78355121899995,21.088334220000036],[-98.77771346099996,21.08084892000005],[-98.77896761899996,21.074123620000023],[-98.78368130999996,21.07308062000004],[-98.78323754999997,21.07163059900006],[-98.78058927999996,21.070400480000046],[-98.77961006099997,21.067341620000036],[-98.77600270999994,21.067506680000065],[-98.77319302099994,21.06732733900003],[-98.77141525999997,21.06609566000003],[-98.76954816899996,21.062054001000035],[-98.76535293899997,21.058971860000042],[-98.75640789,21.060757340000066],[-98.75618571999996,21.05819611100003],[-98.75713157999996,21.056998110000052],[-98.75511147999998,21.051702490000025],[-98.75795292099997,21.048189860000036],[-98.75955842999997,21.043035460000056],[-98.758683,21.035431920000065],[-98.75337745999997,21.029086621000033],[-98.75285457999996,21.025531340000043],[-98.75219332099994,21.025737030000073],[-98.75170893999996,21.025571],[-98.75157763099998,21.019419180000057],[-98.74960674999994,21.01737525900006],[-98.74979304899995,21.01289705100004],[-98.73900202999994,21.010749050000072],[-98.74007672,21.00393881900004],[-98.73827945999994,21.001223280000033],[-98.74254254099998,20.997856170000034],[-98.74527553999997,20.997634090000076],[-98.74489531999996,20.996712380000076],[-98.74611221999999,20.99598873900004],[-98.74846370999995,20.99601866000006],[-98.75012671099995,20.99505977000007],[-98.75576317999997,20.98989854000007],[-98.75439006,20.98903863000004],[-98.75517894999996,20.987188400000036],[-98.75299271999995,20.98559725000007],[-98.75016144999995,20.978843720000043],[-98.75183771999997,20.97434554000006],[-98.75416741999999,20.971890620000067],[-98.75717101999999,20.970770860000073],[-98.75277205999998,20.97069569100006],[-98.75144942999998,20.968456830000036],[-98.75162645999995,20.959356999000022],[-98.75122414999998,20.95833003100006],[-98.75042236999997,20.956018370000038],[-98.74739328099997,20.953022950000047],[-98.75204842999995,20.95405205000003],[-98.75366726099998,20.95097331000005],[-98.75668745999997,20.950575180000044],[-98.75720430999996,20.948717830000078],[-98.75925559999996,20.947619600000053],[-98.76165684999995,20.947226081000053],[-98.76334091899997,20.948192740000025],[-98.76348065899998,20.945664030000046],[-98.76615637999998,20.945597020000037],[-98.76856907899997,20.947074201000078],[-98.76372047899997,20.95361980100006],[-98.76436674999997,20.960177181000063],[-98.76089721899996,20.96499165000006],[-98.76393714999995,20.967685720000077],[-98.77826370899999,20.96880948100005],[-98.78963087899996,20.968023982000034],[-98.79067525899995,20.968719281000062],[-98.79215373799997,20.96763702100003],[-98.79335614899998,20.968474221000065],[-98.79392687899997,20.967724031000046],[-98.80283356899997,20.968533231000038],[-98.80856777899999,20.969608571000038],[-98.80985456899998,20.971570021000048],[-98.813362999,20.971704481000074],[-98.81781319899994,20.973570751000068],[-98.82016081899997,20.971585650000065],[-98.82052136899995,20.969884001000025],[-98.81821604899994,20.968077580000056],[-98.82150577899995,20.96624206100006],[-98.82980385899998,20.96791742100004],[-98.83458819899994,20.971412721000036],[-98.83828653899997,20.976045491000036],[-98.84181010899994,20.974682140000027],[-98.84281290899997,20.97168386100003],[-98.84705451899998,20.97256038100005],[-98.85107541899998,20.97178112100005],[-98.85192467899998,20.973283571000024],[-98.85538630899998,20.974724571000024],[-98.86058045999994,20.972203351000076],[-98.86196545899998,20.974947480000026],[-98.85647145999997,20.977426570000034],[-98.85480322999996,20.97991403000003],[-98.85951447999997,20.98141348000007],[-98.86424337099999,20.988371890000053],[-98.87389167999999,20.98959022100007],[-98.87699404899996,20.993621911000048],[-98.87679642999996,20.99637837000006],[-98.88003279999998,20.994645880000064],[-98.88406002999994,20.99481085000008],[-98.88599141899994,20.993414021000035],[-98.89150991999998,20.99268514000005],[-98.89202150999995,20.989942149000058],[-98.89374703999994,20.98913572200007],[-98.89721537099996,20.987514710000028],[-98.89944953999998,20.994246580000038],[-98.90167278099995,20.997195771000065],[-98.90533036999994,20.992497780000065],[-98.90838954999998,20.99336205900005],[-98.91518892,20.992810521000024],[-98.91817754999994,20.99094320000006],[-98.91924114999995,20.988451981000026],[-98.92787337899995,20.985216619000028],[-98.92989668999996,20.989921260000074],[-98.93332024999995,20.992733460000068],[-98.93434501999997,20.996263140000053],[-98.93107251999999,21.006695281000077],[-98.93270821999994,21.007716880000032],[-98.93484351999996,21.012093650000054],[-98.94226073999994,21.013416620000044],[-98.93813548999998,21.021423980000066],[-98.942755,21.021138260000043],[-98.94587628099998,21.019439480000074],[-98.94697118,21.02797066000005],[-98.95797462999997,21.031886120000024],[-98.95779215099998,21.03639263100007],[-98.96337587999994,21.039115890000062],[-98.96403770999996,21.041205180000077],[-98.96150774999995,21.045031250000022],[-98.95941976999995,21.04484346000004],[-98.95897708899997,21.04461745900005],[-98.95807602899998,21.04205318100003],[-98.95484217999996,21.041410060000032],[-98.94673382999997,21.04621338000004],[-98.94526416999997,21.049573740000028],[-98.94531468999998,21.058076620000065],[-98.94377377999996,21.065484110000057],[-98.93749904999999,21.071814149000033],[-98.93707508999995,21.075709490000065],[-98.93191291899996,21.07618228000007],[-98.92905584999994,21.078688150000062],[-98.92700412,21.083291690000067],[-98.92850547999996,21.08759728900003],[-98.92797602999997,21.089832880000074],[-98.92097633999998,21.094797370000038],[-98.91877554099995,21.09794414000004],[-98.91792039999996,21.098497090000023],[-98.91716165999998,21.098550750000072],[-98.91203465999996,21.096654570000055],[-98.90628768999994,21.101153340000053],[-98.90371308999994,21.100200080000036],[-98.90061267999994,21.09504503000005],[-98.89235301999997,21.096657340000036],[-98.89036409099998,21.09850109000007],[-98.89008805999998,21.10559445000007],[-98.88197794899997,21.110601951000035],[-98.87870968999994,21.109427910000022],[-98.87330848899995,21.103669920000073],[-98.87130611999999,21.103877779000072],[-98.87395864899997,21.109991860000036],[-98.87822024999997,21.114682170000037],[-98.87920628899997,21.117493830000058],[-98.87820708099997,21.119039910000026],[-98.87280510999994,21.118630720000056],[-98.86940947999994,21.123176510000064],[-98.87497508999996,21.128164620000064],[-98.88137349099998,21.129509910000024],[-98.88260596999999,21.13191795000006],[-98.87467568999995,21.140671250000025],[-98.86945711999994,21.141895030000057],[-98.86707834999999,21.137070920000042],[-98.85717665099997,21.137431250000077],[-98.84805651999994,21.133369280000068],[-98.84355790899997,21.133569141000066],[-98.84021943099998,21.13498620000007],[-98.84374465899998,21.14749980000005],[-98.84403784999995,21.15485011000004],[-98.83977942999996,21.161878880000074],[-98.83467908999995,21.162333430000047],[-98.83138884999994,21.159440580000023],[-98.82388091999997,21.161309001000063],[-98.82059514999997,21.160353800000053],[-98.81378404999998,21.162857400000064],[-98.79907511999994,21.164846460000035],[-98.79703905999997,21.164227310000058],[-98.79563027999995,21.160339860000022],[-98.79273533999998,21.161107320000042],[-98.78856439999998,21.166971250000074],[-98.79068833999997,21.171280800000034],[-98.78987808099998,21.17850094000005],[-98.791981121,21.179829631000075],[-98.79589742999997,21.178014881000024],[-98.79859423099998,21.178079781000065],[-98.80865682999996,21.190673540000034],[-98.80814319999996,21.193244910000033],[-98.80531270999995,21.193245180000076]]]]}},{"type":"Feature","properties":{"id":"13063","name":"Tepeji del Río de Ocampo","slug":"tepeji-del-rio-de-ocampo","regionId":"1","regionName":"Tula"},"geometry":{"type":"MultiPolygon","coordinates":[[[[-99.42860614099999,20.01597722100007],[-99.41777144999998,20.01338865100007],[-99.41679474799997,20.01175678100003],[-99.41508556999997,20.012988461000077],[-99.415122479,20.01012765100006],[-99.41356042999996,20.007530651000025],[-99.40221396899994,20.003920022000045],[-99.39348274799994,20.003491981000025],[-99.38689005899994,20.005281801000024],[-99.39019079999997,20.00894586100003],[-99.38878305999998,20.010670661000063],[-99.38173753999996,20.00496805100005],[-99.37745007899997,20.004859921000048],[-99.37175794899997,20.002075002000026],[-99.36928822999994,20.00220302100007],[-99.36712557899995,20.000043540000036],[-99.36257587899996,19.999177660000043],[-99.363160484,19.996218860000056],[-99.35356437899998,19.99298857100007],[-99.35920356899999,19.98773355000003],[-99.36216713899995,19.989538372000027],[-99.36284214799997,19.987052340000048],[-99.36380197999995,19.986643741000023],[-99.36481774799995,19.98618532000006],[-99.36536033999994,19.986906141000077],[-99.36594262899996,19.987660651000056],[-99.36767174899995,19.98554295100007],[-99.36521258,19.97644162100005],[-99.36348894999998,19.976189090000048],[-99.36415179999995,19.973945051000044],[-99.36299962899994,19.97124258100007],[-99.361683799,19.971792201000028],[-99.35905531999998,19.966250021000064],[-99.35353,19.96141909100004],[-99.35257244999997,19.952724600000067],[-99.34241242899998,19.94433298100006],[-99.33772074999996,19.943553691000034],[-99.33678948899995,19.944504170000073],[-99.33661291899995,19.943340401000057],[-99.33487848999994,19.943870521000065],[-99.335055319,19.944700581000063],[-99.32736701999994,19.946217860000047],[-99.32603121899996,19.944956601000058],[-99.32332502899999,19.946283119000043],[-99.33209140099996,19.95131733900007],[-99.33774569099995,19.95327031100004],[-99.33874717899994,19.954252621000023],[-99.33933241899996,19.955028999000035],[-99.33943950899999,19.958516451000037],[-99.33226503099996,19.95967692000005],[-99.32754608999994,19.965798370000073],[-99.32456702899998,19.965930281000055],[-99.31734550899995,19.969470371000057],[-99.31687537099998,19.96935280100007],[-99.31645394999998,19.969058860000075],[-99.31791827899997,19.967301881000026],[-99.31852801999997,19.962679431000026],[-99.32008379899997,19.963653261000047],[-99.32027562899998,19.96233028000006],[-99.32240264999996,19.961899121000044],[-99.32081854999996,19.96181589100007],[-99.31867031899998,19.959026121000022],[-99.31908277899998,19.95699366100007],[-99.31716092,19.957051061000072],[-99.306110059,19.937662421000027],[-99.30687110899999,19.933004350000033],[-99.30441993999995,19.930080201000067],[-99.29727952099995,19.933926340000028],[-99.29273431899998,19.934455600000035],[-99.30005242899995,19.93881046000007],[-99.28837653999994,19.94107108000003],[-99.28874993999995,19.944565341000043],[-99.29016287999997,19.94584055100006],[-99.28783828099995,19.94771692100005],[-99.29036234999995,19.952746540000078],[-99.28455161999995,19.953316400000062],[-99.28266245999998,19.95510420000005],[-99.28124576899995,19.95244880100006],[-99.27226456999995,19.960577491000038],[-99.27263314899994,19.96099551100008],[-99.26991276899997,19.964983181000036],[-99.26623107899997,19.962586491000025],[-99.25927893999994,19.96069845100004],[-99.25602799899997,19.95645894000006],[-99.25490445999998,19.95661491000004],[-99.25519133999995,19.955157030000066],[-99.25533954899998,19.954138081000053],[-99.25106694999994,19.945826580000073],[-99.25133439999996,19.944057090000058],[-99.25240916899998,19.936931600000037],[-99.25123642899996,19.932677290000072],[-99.25692757899998,19.931046882000032],[-99.26024468999998,19.924308891000067],[-99.25974970899995,19.92413091000003],[-99.25903748999997,19.923914770000067],[-99.26044865999995,19.921200260000035],[-99.26434633899999,19.922393801000055],[-99.26641207999995,19.921338510000055],[-99.26931930999996,19.922007050000047],[-99.26930319999997,19.921888420000073],[-99.27090025999996,19.920847910000077],[-99.27214725799996,19.92166295100003],[-99.27416037899997,19.918843921000075],[-99.27278542099998,19.918107290000023],[-99.27286879899998,19.916341121000073],[-99.270785489,19.916279170000053],[-99.27223479899999,19.912458771000047],[-99.27082897999998,19.90916166100004],[-99.26771928899996,19.90693680100003],[-99.26930081899997,19.906254571000034],[-99.26926006099995,19.904688110000052],[-99.26708785999995,19.90503145100007],[-99.26700974,19.903559350000023],[-99.26408334999996,19.902712491000045],[-99.26314464999996,19.897885150000036],[-99.26041670899997,19.89674885000005],[-99.25796159999999,19.891171831000065],[-99.25270793799996,19.888215830000036],[-99.25078584999994,19.89306492000003],[-99.24674408999994,19.895565801000032],[-99.23956831899994,19.88801894900007],[-99.23594753999998,19.87349420000004],[-99.23637239899995,19.87508314100006],[-99.24143033899998,19.87526211100004],[-99.24566930799995,19.86952909100006],[-99.24796081899996,19.85978545000006],[-99.25287993999996,19.860641661000045],[-99.25469560099998,19.859084551000024],[-99.27009162999997,19.85917298100003],[-99.27352528899996,19.853575981000063],[-99.275383418,19.852901200000076],[-99.27871891999996,19.840409401000045],[-99.28161402999996,19.842609081000035],[-99.28511836899997,19.840624400000024],[-99.28584670999999,19.839633551000077],[-99.28632141899999,19.837158290000048],[-99.287385799,19.83696432200003],[-99.29694377899995,19.835222250000072],[-99.30114564899998,19.829152660000034],[-99.30029274999998,19.828508310000075],[-99.30031374899994,19.828449651000028],[-99.300873949,19.827286340000057],[-99.30096464999997,19.82721980100007],[-99.30197630899994,19.827800770000067],[-99.30246754899997,19.82704380000007],[-99.30313021899997,19.826660981000032],[-99.30474931999998,19.823239711000042],[-99.30624579999994,19.822742552000022],[-99.30590267899998,19.820594321000044],[-99.30855728999995,19.81929966000007],[-99.30856354799994,19.817423950000034],[-99.31192294999994,19.814162491000047],[-99.31167537999994,19.813445770000044],[-99.31165884999996,19.813404339000044],[-99.30860933999998,19.81446071000005],[-99.30815034099999,19.81273500100008],[-99.30771874099997,19.814544452000064],[-99.30771450999998,19.814520621000042],[-99.30779843,19.812789570000064],[-99.30690517999994,19.812976121000077],[-99.31136557999997,19.809057491000033],[-99.31112496999998,19.807120781000037],[-99.31267424999999,19.805228171000067],[-99.30660051899997,19.797693710000033],[-99.31386131899995,19.796345280000025],[-99.31410134899994,19.79669491100003],[-99.31496581999994,19.79618880000004],[-99.31559405999997,19.79555872000003],[-99.31636022999999,19.796364680000067],[-99.31638047899997,19.796381971000073],[-99.32164837999994,19.795749380000075],[-99.322301139,19.79500598100003],[-99.32314890899994,19.795280280000043],[-99.32258290999994,19.794236580000074],[-99.32388131099998,19.792888251000022],[-99.32558173899997,19.79309549100003],[-99.33079381799996,19.79668103100005],[-99.33551024999997,19.79767374100004],[-99.33589362099997,19.801264939000077],[-99.33865390999995,19.802028251000024],[-99.34030937899996,19.794316250000065],[-99.34244899899994,19.79599268100003],[-99.34176200099995,19.794292580000047],[-99.34260801899995,19.79410198100004],[-99.34285784899998,19.79611637100004],[-99.34501102799999,19.79551131100004],[-99.34573514899995,19.79312825100004],[-99.34428526,19.791444230000025],[-99.34461877999996,19.788901570000064],[-99.34610054999996,19.787623979000045],[-99.34380928999997,19.787166311000078],[-99.34599881999998,19.78468292100007],[-99.34266984899995,19.782373880000023],[-99.34403267899995,19.78198955000005],[-99.34348030999996,19.780502140000067],[-99.35027705899995,19.777365001000078],[-99.35153056999997,19.77580148100003],[-99.35277419999994,19.777584081000043],[-99.35497761899995,19.77801862000007],[-99.35510624899996,19.779321912000057],[-99.35779095099997,19.78156826000003],[-99.36744164999999,19.780092921000062],[-99.37061021999995,19.781844551000063],[-99.37380562899995,19.77815589000005],[-99.37277894799996,19.777487781000048],[-99.37391813999994,19.775924891000045],[-99.37688430999998,19.775507971000025],[-99.38244518,19.77120406100005],[-99.38429888999997,19.775902151000025],[-99.38577037899995,19.777070250000065],[-99.38663937899997,19.776127820000056],[-99.38676939899995,19.775894830000027],[-99.38782565999998,19.77733863000003],[-99.38788357999994,19.77791318000004],[-99.38442536899998,19.779118311000047],[-99.38591656999995,19.77968726100005],[-99.38296810899999,19.78077766000007],[-99.38117186099998,19.78405440100005],[-99.38294653999998,19.78454152100005],[-99.38716816899995,19.782958939000025],[-99.38868280099996,19.783414031000063],[-99.38936073999997,19.783477601000072],[-99.38877951999996,19.785366260000046],[-99.39033101799998,19.785733547000063],[-99.38811992099994,19.79172260100006],[-99.37754042899996,19.796453401000065],[-99.38274514899996,19.79923565000007],[-99.38421862999996,19.803231290000042],[-99.38644242999999,19.80444263000004],[-99.38672210999994,19.813032021000026],[-99.38447381899994,19.816978251000023],[-99.38473674999995,19.818558221000046],[-99.38312125899995,19.81869635100003],[-99.38298857899997,19.820902321000062],[-99.38152774899999,19.820287690000043],[-99.38227059999997,19.827955850000023],[-99.38137393899996,19.831386431000055],[-99.37871270899996,19.835249315000056],[-99.37439154899994,19.837914381000076],[-99.37429330999998,19.841984680000053],[-99.37697085699995,19.84495316300007],[-99.37444627999997,19.846688550000067],[-99.37513377899995,19.84763595000004],[-99.37508248599994,19.84774230200003],[-99.37324990899998,19.851541851000036],[-99.38024794999995,19.855892951000044],[-99.388323029,19.857405451000034],[-99.39175174999997,19.859917541000073],[-99.41499176899998,19.850526630000047],[-99.42098756899998,19.85512237100005],[-99.42173094899994,19.861233851000065],[-99.42390248999999,19.86783752100007],[-99.42613685899994,19.87071325000005],[-99.42639544899998,19.87288654100007],[-99.42678139999998,19.874997026000074],[-99.43041451999994,19.870879181000078],[-99.43060727899996,19.871859941000025],[-99.43060484899996,19.873151420000056],[-99.43279770899994,19.875383971000076],[-99.44520828899994,19.884321061000037],[-99.43775111999997,19.89393343100005],[-99.43603431099996,19.896146230000056],[-99.43718817899997,19.899687801000027],[-99.43593319999997,19.90312915100003],[-99.44118257899999,19.89920206100004],[-99.44559149099996,19.89683148100005],[-99.44877011999995,19.89667497100004],[-99.45080022099995,19.894612821000067],[-99.46388056799998,19.892596221000076],[-99.46412524899995,19.89506029100005],[-99.47085505899997,19.898605282000062],[-99.47324719999995,19.897725122000054],[-99.47743693999996,19.898274981000043],[-99.48036085999996,19.904695481000033],[-99.48398147999995,19.905176521000044],[-99.47505085999995,19.94410552100004],[-99.47362256899999,19.954443941000022],[-99.47723739899999,19.95479092000005],[-99.47776493999999,19.96056640100005],[-99.47399448899995,19.96145092100005],[-99.47301224899996,19.963243741000042],[-99.46434027999999,19.963637231000064],[-99.45871531899996,19.966517691000035],[-99.45196910999994,19.963332370000046],[-99.45024359899998,19.964246891000073],[-99.45219321899998,19.97069943100007],[-99.45365596999994,19.972138151000024],[-99.45172953899998,19.974502061000067],[-99.45359068899995,19.975854081000023],[-99.45467981999997,19.975313521000032],[-99.45458421999996,19.981219801000066],[-99.44795936799994,19.981666621000045],[-99.44809817999999,19.98310512100005],[-99.44466465899995,19.984753741000077],[-99.44360584999998,19.988839321000057],[-99.44549557,19.99122789100005],[-99.43685517999995,19.999603801000035],[-99.43968614899995,20.009182081000063],[-99.43946773999994,20.01253711100003],[-99.44063941799999,20.013567942000066],[-99.43512385999998,20.015714141000046],[-99.43375022899994,20.015005632000054],[-99.43093645,20.016296520000026],[-99.42860614099999,20.01597722100007]]]]}},{"type":"Feature","properties":{"id":"13050","name":"Progreso de Obregón","slug":"progreso-de-obregon","regionId":"7","regionName":"Actopan"},"geometry":{"type":"MultiPolygon","coordinates":[[[[-99.14694317899995,20.375002461000065],[-99.14495331899997,20.371413430000075],[-99.14320268799997,20.353258081000035],[-99.14048511899995,20.352601141000036],[-99.13790178099998,20.348086520000038],[-99.13629054999996,20.347625830000027],[-99.13503245899994,20.34441534000007],[-99.13026819899994,20.342751771000053],[-99.12488682999998,20.338835172000074],[-99.11877862899996,20.318569920000073],[-99.12232427999999,20.316143951000072],[-99.13323314899998,20.31503800100006],[-99.13507694999998,20.312235831000066],[-99.14273827899996,20.30717615100008],[-99.14333150999994,20.305049910000037],[-99.14964756899997,20.301611911000066],[-99.15180474899995,20.29893038000006],[-99.15478805099997,20.298452479000048],[-99.15921028899999,20.295433381000066],[-99.16782254799995,20.29316175100007],[-99.17060421899998,20.288980080000044],[-99.17053582899996,20.286075349000043],[-99.16690767999995,20.27643874100005],[-99.16580441999997,20.261803910000026],[-99.16055467899997,20.26122477200005],[-99.16056461899996,20.252955689000032],[-99.16257018099998,20.253091980000022],[-99.16216979899997,20.246612880000043],[-99.17883151099994,20.245251819000032],[-99.18052812199994,20.235160820000033],[-99.18248800199996,20.232756880000068],[-99.18557226199994,20.23152322100003],[-99.19240603199995,20.232044690000066],[-99.19759716999994,20.230702890000032],[-99.19858374099994,20.236225981000075],[-99.19500611099994,20.240638680000075],[-99.19846000099994,20.242924050000056],[-99.19951034099995,20.246501550000062],[-99.20233656999994,20.249122430000057],[-99.20040554099995,20.251528319000045],[-99.20121915199996,20.25239988000004],[-99.19627386299999,20.251294521000034],[-99.19514411199998,20.253838140000028],[-99.19657815199997,20.255617490000077],[-99.20113575199997,20.256393350000053],[-99.20199122299994,20.25746606000007],[-99.19705737199996,20.260075820000054],[-99.20046388199995,20.262034],[-99.20040145199994,20.262836621000076],[-99.20003245199996,20.26322317000006],[-99.19692445199996,20.26388546000004],[-99.19319592299996,20.262322452000035],[-99.19190402899994,20.262772150000046],[-99.19078508899997,20.270981001000052],[-99.19683776899996,20.27040371000004],[-99.19904919899994,20.271301510000058],[-99.19893602999997,20.273832850000076],[-99.19492448999995,20.277149950000023],[-99.19652045899994,20.280794031000028],[-99.19850057999997,20.281801320000056],[-99.20007068999996,20.280768081000076],[-99.20248397999995,20.28106622100006],[-99.20530871899996,20.28600288000007],[-99.21044351899997,20.286836141000038],[-99.21185270799998,20.290556740000056],[-99.21543988099995,20.291797520000046],[-99.21618553999997,20.293559710000068],[-99.21398864999998,20.297021311000037],[-99.21483944899995,20.301083971000025],[-99.21681331999997,20.30263118000005],[-99.21912088,20.30720689000003],[-99.22515913899997,20.310618830000067],[-99.21914939899995,20.317734551000058],[-99.21874977899995,20.319888940000055],[-99.22321130799997,20.32503477100005],[-99.22288707899997,20.328703],[-99.22422082899999,20.33156863000005],[-99.22202701899994,20.334195031000036],[-99.22236890799996,20.33551465100004],[-99.22628448799998,20.340029981000043],[-99.231948489,20.340428091000035],[-99.22960371,20.34790460000005],[-99.23070136799998,20.353016171000036],[-99.21836484899995,20.356396430000075],[-99.21521665999995,20.354521980000072],[-99.21131851899997,20.354093292000073],[-99.20848461999998,20.35508206000003],[-99.20630067899998,20.35848069000002],[-99.20382094899998,20.358062180000047],[-99.20288730999994,20.360228371000062],[-99.20098130999997,20.358986001000062],[-99.20186927999998,20.356987779000065],[-99.20083062999998,20.354437891000032],[-99.19335045999998,20.355940220000036],[-99.18755697999995,20.353280520000055],[-99.17612131999994,20.360339090000025],[-99.17121239999994,20.366817600000047],[-99.16347744999996,20.372041230000036],[-99.16230381999998,20.369975691000036],[-99.15118061899994,20.371752722000053],[-99.14849033999997,20.378247260000023],[-99.14873156899995,20.37666745100006],[-99.14694317899995,20.375002461000065]]]]}},{"type":"Feature","properties":{"id":"13064","name":"Tepetitlán","slug":"tepetitlan","regionId":"1","regionName":"Tula"},"geometry":{"type":"MultiPolygon","coordinates":[[[[-99.40007104999995,20.270331320000025],[-99.39870248999995,20.269508060000078],[-99.39925591999997,20.266202820000046],[-99.39443597899998,20.26157451000006],[-99.39490980099998,20.259024660000023],[-99.39183836999996,20.25762272000003],[-99.389371,20.254683],[-99.38447850999995,20.25475717000006],[-99.37229864999995,20.258834660000048],[-99.36316442999998,20.256355170000063],[-99.34007473999998,20.253993110000067],[-99.34467870899994,20.25007278000004],[-99.34623096999997,20.24531318100003],[-99.35796347899998,20.236525542000038],[-99.35662661999999,20.230944781000062],[-99.35967371899994,20.21788697100004],[-99.35576925899994,20.20849351100003],[-99.36062514899999,20.202215350000074],[-99.36152345099998,20.196917351000025],[-99.35750702999997,20.195468050000045],[-99.35554658099994,20.19467503100003],[-99.34209707999997,20.186299292000058],[-99.34239317999999,20.181509281000046],[-99.344494549,20.18205635100003],[-99.34462281899994,20.17907445000003],[-99.34718245899995,20.181013920000055],[-99.35085419999996,20.180783140000074],[-99.35080634899998,20.178968621000024],[-99.34643181999996,20.175977230000058],[-99.34901284999995,20.174118570000076],[-99.34890159999998,20.171935180000048],[-99.35059064999996,20.17039875000006],[-99.34709534099994,20.168217620000064],[-99.34605240099995,20.160133771000062],[-99.34387402899995,20.157107431000043],[-99.34490208999995,20.148006680000037],[-99.34261202999994,20.14750022000004],[-99.34185185999996,20.146111850000068],[-99.34014362999994,20.13706140000005],[-99.34831198099994,20.135311829000045],[-99.34779817899994,20.13302932000005],[-99.35267482899997,20.131611231000022],[-99.35704611899996,20.13054980000004],[-99.36195102999994,20.13064483100004],[-99.36244253999996,20.13156648000006],[-99.36634579999998,20.129550550000033],[-99.36891282999994,20.125289250000037],[-99.36720461999994,20.122334171000034],[-99.36391532,20.109668459000034],[-99.37108981999995,20.108356021000077],[-99.36870928999997,20.106203380000068],[-99.36957357999995,20.102366420000067],[-99.37438241899997,20.103090001000055],[-99.37451677899998,20.107214140000053],[-99.37609977999995,20.10863911000007],[-99.37295844899995,20.11175508100007],[-99.37700524899998,20.11502942100003],[-99.37786873999994,20.117797910000036],[-99.38914662899998,20.127461651000033],[-99.39950694899994,20.130832600000076],[-99.40105771999998,20.132080660000042],[-99.40082945899997,20.13310254000004],[-99.40580765999994,20.13536638100004],[-99.40692471999995,20.13460906100005],[-99.40921376999995,20.135383771000022],[-99.41284567899999,20.138831320000065],[-99.42764121999994,20.139987741000027],[-99.43447848999995,20.14981195100006],[-99.43651542999999,20.155258721000052],[-99.43545077899995,20.156153351000057],[-99.44120351999999,20.158947110000042],[-99.44090239899998,20.15975609000003],[-99.44097062799995,20.159767541000065],[-99.44289168999995,20.16068297000004],[-99.44155585899995,20.162145231000068],[-99.44325022099997,20.162922941000033],[-99.44368533999994,20.163088080000023],[-99.44395128999997,20.162210710000068],[-99.44984708899995,20.162542061000067],[-99.451826,20.16355783000006],[-99.45337585999994,20.162242400000025],[-99.45672996899998,20.16191020100007],[-99.45979415099998,20.16354068100003],[-99.46190517999997,20.16220583200004],[-99.46946476999995,20.16428177000006],[-99.46800634999994,20.171819680000056],[-99.46673259999994,20.17724603000005],[-99.45784222999998,20.182626080000034],[-99.45828427899994,20.188211850000073],[-99.44816313999996,20.19127682000004],[-99.44797307999994,20.191504450000025],[-99.45070350999998,20.198866680000037],[-99.44749381999998,20.20565397000007],[-99.45005385999997,20.214889220000032],[-99.45413294999997,20.22095132000004],[-99.44714167899997,20.22643074900003],[-99.44540561999997,20.230306720000044],[-99.44373897999998,20.230818890000023],[-99.44217067999995,20.234889],[-99.45139454999997,20.24887091000005],[-99.43700504999998,20.254658851000045],[-99.42410170999995,20.262710921000064],[-99.417314719,20.268658480000056],[-99.41385502999998,20.26827017000005],[-99.41520179999998,20.263461290000066],[-99.41122562099997,20.262817890000065],[-99.41002981999998,20.267019230000074],[-99.40857422999994,20.26759997100004],[-99.40811397999994,20.271477180000034],[-99.40934261999996,20.274627460000033],[-99.40815507999997,20.275521860000026],[-99.40313034999997,20.273698060000072],[-99.40007104999995,20.270331320000025]]]]}},{"type":"Feature","properties":{"id":"13051","name":"Mineral de la Reforma","slug":"mineral-de-la-reforma","regionId":"5","regionName":"M. de la Reforma"},"geometry":{"type":"MultiPolygon","coordinates":[[[[-98.69206993999995,20.140768981000065],[-98.68853447999999,20.134728221000046],[-98.68985781899994,20.13275965100007],[-98.68868196899996,20.13097466100004],[-98.68952465999996,20.12976012100006],[-98.68487245899996,20.12651063100003],[-98.68586770999997,20.123479431000078],[-98.68419239899998,20.123076080000033],[-98.68155725999998,20.125046981000025],[-98.67931570999997,20.123922341000025],[-98.67575187899996,20.124475621000045],[-98.67418088099998,20.124044921000063],[-98.67426682999997,20.122421621000058],[-98.67078168999996,20.121433681000042],[-98.67100182899998,20.12007303100006],[-98.66958247999997,20.118690681000032],[-98.67043588999996,20.11677189100004],[-98.66859553899997,20.113708261000056],[-98.66436787899994,20.11193649100005],[-98.66249956999997,20.105201201000057],[-98.66441531999999,20.101808060000053],[-98.66634257899995,20.102569551000045],[-98.66678777999994,20.099986380000075],[-98.66408304699996,20.07325071100007],[-98.66517631899995,20.06635303300004],[-98.67360573699995,20.06674545000004],[-98.67492779899999,20.06220451100006],[-98.68228673899995,20.06217932100003],[-98.68683065999994,20.058706821000044],[-98.68873097899996,20.05841563100006],[-98.68833057999996,20.05708485100007],[-98.68957074799994,20.05560666300005],[-98.69001362999995,20.055078770000023],[-98.69349742999998,20.053623771000048],[-98.69460558099996,20.05298711100005],[-98.69615916999999,20.05371129100007],[-98.69689876999996,20.05332752100003],[-98.69685061899997,20.050947251000025],[-98.69916197999999,20.048552421000068],[-98.69745997899997,20.030050001000063],[-98.68675999899995,20.034130021000067],[-98.68167528899994,20.02674014100006],[-98.67548988199997,20.026158775000056],[-98.67548887999999,20.026158681000027],[-98.67969997899996,20.01262003000005],[-98.683841939,20.015578461000075],[-98.68555001999994,20.018910032000065],[-98.68627436999998,20.018222801000036],[-98.68678627899999,20.016568091000067],[-98.68804445899997,20.016545031000078],[-98.68929116899994,20.01878122100004],[-98.70072433799999,20.019671741000025],[-98.70379636999996,20.021878721000064],[-98.70604002899995,20.021170031000054],[-98.70604886099994,20.022039310000025],[-98.70725861799997,20.02202342100003],[-98.70711321599998,20.02391826400003],[-98.71533842399998,20.023878977000038],[-98.71556277999997,20.020485981000036],[-98.72205628899997,20.020162451000033],[-98.72308157899994,20.022045771000023],[-98.72721451999996,20.008477121000055],[-98.71640393999996,20.006753031000073],[-98.71316461199996,19.99891290900007],[-98.71316276999994,19.998908452000023],[-98.72625993999998,20.004748681000024],[-98.72841381699999,20.00450386500006],[-98.72841736999999,20.00450346200006],[-98.71504854899996,19.99218832100007],[-98.71534494999997,19.99223351200004],[-98.71840285999997,19.992699711000057],[-98.71854997899999,19.990603451000027],[-98.72037121999995,19.991631661000042],[-98.72037089299994,19.991634911000062],[-98.72022137,19.993119491000073],[-98.72755764999994,19.99435180100005],[-98.73082644899995,19.980079771000078],[-98.74112773899998,19.982602350000036],[-98.77162031899996,19.98541225100007],[-98.76804779899999,19.98867142100005],[-98.76721761999994,19.991345481000053],[-98.76573208999997,19.999015861000032],[-98.76673328899994,19.99886900200005],[-98.76704288899998,20.001199771000074],[-98.76734456999998,20.003521651000028],[-98.762507,20.010148951000076],[-98.76245404899998,20.010175581000055],[-98.76217307899998,20.007919911000045],[-98.75807667999999,20.014708891000055],[-98.77385592499996,20.02401914400002],[-98.77231020899995,20.03204938300007],[-98.77624050399999,20.034213702000045],[-98.76809612699998,20.051954918000035],[-98.77765448799994,20.058222839000052],[-98.76883739799996,20.069972060000055],[-98.760094843,20.067186856000035],[-98.75544464999996,20.075038178000057],[-98.75146942699996,20.078363178000075],[-98.74961633799995,20.089823057000046],[-98.74110266599996,20.085976135000067],[-98.73876954299999,20.08757690500005],[-98.73432456099994,20.09544717700004],[-98.73187792799996,20.094439409000074],[-98.72884510799997,20.101920964000044],[-98.72238025199994,20.110610370000074],[-98.71948249299999,20.10415405400005],[-98.71799831399994,20.105013776000078],[-98.71542157499994,20.11308420200004],[-98.71219672599995,20.11729355800003],[-98.71373953099999,20.120908993000057],[-98.71115931099996,20.12509755900004],[-98.71580539099995,20.124761832000047],[-98.71575756899995,20.13068288100004],[-98.71140394899999,20.13077355100006],[-98.70790068999997,20.134579461000044],[-98.70673545999995,20.132711481000058],[-98.70348173899998,20.132550741000045],[-98.70249741999999,20.134149921000073],[-98.699914289,20.13289283100005],[-98.69866617999998,20.135908881000034],[-98.69529179899996,20.137600341000052],[-98.69426974899994,20.140971050000076],[-98.69206993999995,20.140768981000065]]]]}},{"type":"Feature","properties":{"id":"13052","name":"San Agustín Tlaxiaca","slug":"san-agustin-tlaxiaca","regionId":"3","regionName":"Pachuca"},"geometry":{"type":"MultiPolygon","coordinates":[[[[-98.96143268999998,20.18398472100006],[-98.95429941899994,20.181851600000073],[-98.94665354999995,20.18226382000006],[-98.94022402899998,20.181167540000047],[-98.93506881899998,20.18214492000004],[-98.92668925899994,20.17801785000006],[-98.92680885999994,20.177616691000026],[-98.92792065999998,20.176258801000074],[-98.92668281999994,20.175787180000043],[-98.92660336899996,20.175023830000043],[-98.92631679899995,20.17408874100005],[-98.92758925899994,20.172072721000063],[-98.92034184899995,20.17226943000003],[-98.92138757999999,20.17101806000005],[-98.92159822099995,20.170933941000044],[-98.92025128899996,20.17040448100005],[-98.91789041899995,20.172224621000055],[-98.91778454999996,20.17225288900005],[-98.91632,20.171252890000062],[-98.916119171,20.168775141000026],[-98.91603367899995,20.168738690000055],[-98.90771702899997,20.169363710000027],[-98.90574361999995,20.168009621000067],[-98.90648391899998,20.170507971000063],[-98.906473109,20.170698220000077],[-98.905148479,20.170855021000023],[-98.90451042099994,20.169739320000076],[-98.90311461899995,20.166791571000033],[-98.89356887899999,20.164418151000064],[-98.89435079899994,20.160803630000032],[-98.89087550899995,20.159012001000065],[-98.88586236899994,20.161395781000067],[-98.88232017099995,20.160491321000052],[-98.87723196999997,20.163088951000077],[-98.87308547899994,20.160501940000074],[-98.87316774999994,20.159110620000035],[-98.87141090899996,20.157470430000046],[-98.87179770999995,20.155420021000054],[-98.86254741999994,20.160436121000032],[-98.83698919799997,20.15273158100007],[-98.83672647999998,20.14871940000006],[-98.83673873999999,20.148634420000064],[-98.82872667899994,20.14721252000004],[-98.82876448899998,20.14964345100003],[-98.82310550899996,20.155701280000073],[-98.81634384899996,20.172194080000054],[-98.80965310999994,20.174879490000023],[-98.80665188899997,20.173919692000027],[-98.80601208999997,20.174746181000046],[-98.80308814999995,20.173046571000043],[-98.79904145999996,20.176357820000078],[-98.79443733799997,20.174344830000052],[-98.79379865999994,20.17396266000003],[-98.78063933899995,20.17340808000006],[-98.77880251899995,20.170485950000057],[-98.78077865999995,20.164536620000035],[-98.78141217999996,20.157145480000054],[-98.78049356999998,20.155861942000058],[-98.78685908899996,20.151210580000054],[-98.79154548099996,20.151604200000065],[-98.79463411999996,20.14704744900007],[-98.79639234099994,20.146336140000074],[-98.78731008999995,20.143264630000033],[-98.78840627899996,20.134924020000028],[-98.801683401,20.123790780000036],[-98.81129802999999,20.131015970000078],[-98.80877647899996,20.134800420000033],[-98.80922414999998,20.141040020000048],[-98.81477042999995,20.140837281000074],[-98.815043431,20.13939017200005],[-98.81735168899996,20.140415850000068],[-98.82200296899998,20.13963822000005],[-98.82251727899995,20.137011200000074],[-98.82373417999997,20.139284631000066],[-98.83314248,20.13834857100005],[-98.83308666,20.136522829000057],[-98.83446337999999,20.13579892000007],[-98.83435247999995,20.13288366100005],[-98.83365596999994,20.132757540000057],[-98.83248148999996,20.132606800000076],[-98.82814377999995,20.127517820000037],[-98.82802531999994,20.12171494100005],[-98.82920365899997,20.12023012000003],[-98.82601276999998,20.116895631000034],[-98.83033277899995,20.11707969100007],[-98.83452381899997,20.118770261000066],[-98.84243013899999,20.124468970000066],[-98.84451422999996,20.124369581000053],[-98.84382508099998,20.123525620000066],[-98.84539471099998,20.120872769000073],[-98.84836081899994,20.121044030000064],[-98.85408917799998,20.114755780000053],[-98.85934034999997,20.111558341000034],[-98.85682936899997,20.108318951000058],[-98.85232977899994,20.106203710000045],[-98.84924637899996,20.10231562100006],[-98.85066065999996,20.099945981000076],[-98.85163565899995,20.100189150000062],[-98.85212368899994,20.098813180000036],[-98.85112982899994,20.09754214000003],[-98.85344976999994,20.090529461000074],[-98.85586619999998,20.086947880000025],[-98.86429824899994,20.07944180000004],[-98.860901889,20.074018970000054],[-98.85379474899997,20.07014440000006],[-98.85265599899998,20.068143631000055],[-98.85188631899996,20.05978489100005],[-98.85096225999996,20.060162880000064],[-98.84811456999995,20.05645665000003],[-98.84111070999995,20.051452940000047],[-98.84680634999995,20.04934606100005],[-98.85622971899994,20.05209726000004],[-98.85705594099994,20.050767630000053],[-98.85729961899995,20.04959069000006],[-98.85733582899996,20.049543850000077],[-98.85516422999996,20.047876021000036],[-98.85519365899995,20.047784351000075],[-98.85706936899999,20.04663737900006],[-98.85388697899998,20.044390581000073],[-98.85532364899996,20.044367480000062],[-98.85009539999999,20.034643481000046],[-98.85206313899994,20.023512572000072],[-98.85117871899996,20.019762120000053],[-98.85483757999998,20.016535340000075],[-98.85569851999998,20.019482830000072],[-98.85417497899994,20.02401965000007],[-98.85631157999995,20.02477182000007],[-98.85732796899998,20.03000815100006],[-98.85545173899999,20.03366462100007],[-98.85728073899998,20.035098920000053],[-98.85723719999999,20.038136691000034],[-98.859031599,20.038352420000024],[-98.86204291999996,20.041625430000067],[-98.86550611899997,20.04113545000007],[-98.87203725999996,20.04263822000007],[-98.87519277999996,20.044919691000075],[-98.88197914899996,20.044584120000025],[-98.88436085899997,20.045706971000072],[-98.88994759899998,20.044211260000054],[-98.89503871999995,20.049347230000024],[-98.89829285999997,20.04850969100005],[-98.90424004899995,20.05053625000005],[-98.90799841899997,20.049288622000063],[-98.90985002899998,20.047452941000074],[-98.91364459999994,20.047074261000034],[-98.915013478,20.046977110000057],[-98.91607628899999,20.047751921000042],[-98.917303,20.048616770000024],[-98.91826781899994,20.047431150000023],[-98.91881116999997,20.04656005000004],[-98.93233205899998,20.04064942100007],[-98.935239,20.052940781000075],[-98.93612165999997,20.052989171000036],[-98.93670561899995,20.05304362100003],[-98.94073427999996,20.052171421000025],[-98.94251662899995,20.048625600000037],[-98.95305084999995,20.051745120000078],[-98.96276124899998,20.046040021000067],[-98.96110327999997,20.04094549000007],[-98.96364341999998,20.043262601000038],[-98.96586579899997,20.042438030000028],[-98.97001939899997,20.045406121000042],[-98.97576667899995,20.052442660000054],[-98.97921044999998,20.054117860000076],[-98.98247922899998,20.058702831000062],[-98.98863696999996,20.06292712100003],[-98.98951925899996,20.065362401000073],[-98.98897788999994,20.068261921000044],[-98.98997673899999,20.066452939000044],[-98.99124251999996,20.06697020000007],[-98.99256270999996,20.06574726100007],[-98.99314733999995,20.063140831000055],[-98.99919804799998,20.054166201000044],[-99.00010997899994,20.053342550000025],[-99.00115977899998,20.05239437000006],[-99.00564428999996,20.053204511000047],[-99.01049753899997,20.035479371000065],[-99.00782904999994,20.033865621000075],[-99.00785961899999,20.031130079000036],[-99.00593561899996,20.030933121000032],[-99.00561653999995,20.032779250000033],[-99.00476910999998,20.03267322000005],[-99.00526680099995,20.028944051000053],[-99.01328074999998,20.010925232000034],[-99.01415830999997,19.99928611100006],[-99.01333846099999,19.997653140000068],[-99.01476265999997,19.996154751000063],[-99.01533576899999,19.996315251000055],[-99.01623621899995,19.99677771100005],[-99.01796782999998,19.99553534100005],[-99.01897638099996,19.99375549000007],[-99.01807469099998,19.993402720000063],[-99.01891476999998,19.991964550000034],[-99.01790022999995,19.991478851000068],[-99.01826674999995,19.99062674000004],[-99.01862353999996,19.989794421000056],[-99.01936211999998,19.990118821000067],[-99.02034648999995,19.99056162100004],[-99.02155470999998,19.987005230000022],[-99.01514001899994,19.983979231000035],[-99.01309493899998,19.985013180000067],[-99.01326839899997,19.984932310000033],[-99.01396994999999,19.983415570000034],[-99.01125636899997,19.982122381000067],[-99.01385884999996,19.981305250000048],[-99.01423779999999,19.97772365000003],[-99.00871493999995,19.97722648100006],[-99.00776353999998,19.979227200000025],[-99.00754749099997,19.97916334100006],[-99.00412010899998,19.96495211100006],[-99.02765581999995,19.964558621000037],[-99.03451296799994,19.97177178100003],[-99.03277759999997,19.990634001000046],[-99.03068742899995,19.99054515000006],[-99.02985914999994,19.993006750000063],[-99.03193745899995,19.996634149000045],[-99.03024691899998,19.999635881000074],[-99.02931012999994,19.999360266000053],[-99.02891633099995,19.999244402000045],[-99.02742290999998,20.001648181000064],[-99.03083345099998,20.002912982000055],[-99.03036028899999,20.00891258100006],[-99.03134288999996,20.01485363100005],[-99.03544225999997,20.01431922100005],[-99.03600827899999,20.012704721000034],[-99.03987899799995,20.012798200000077],[-99.04142994999995,20.011134751000043],[-99.04338071999996,20.011308521000046],[-99.04943031099998,20.007697111000027],[-99.05090034999995,20.001626831000067],[-99.05221157899996,20.00134083100005],[-99.05136821999997,20.000295711000035],[-99.05097441799995,19.999645351000026],[-99.04946350999995,19.99987757100007],[-99.04947288899996,19.998356169000033],[-99.04915481899997,19.999823881000054],[-99.04845382999997,19.999339521000024],[-99.04723850899995,19.996893172000057],[-99.04764814899994,19.99516027900006],[-99.05129321899994,19.992353321000053],[-99.05702582899994,19.990372231000038],[-99.05850077799994,19.988404771000035],[-99.05610070899996,19.984668370000065],[-99.05786742999999,19.98210301900008],[-99.05957573999996,19.973995820000027],[-99.06071050899999,19.974151181000025],[-99.06756047999994,19.984989400000075],[-99.06384085899998,20.01419435100007],[-99.06620945999998,20.016159321000032],[-99.06694876999995,20.01744588100007],[-99.07094386099999,20.018017521000047],[-99.07253290899996,20.020993881000038],[-99.07341993999995,20.032069291000028],[-99.07552556899998,20.03736395100003],[-99.06954273899998,20.049435720000076],[-99.07039736899998,20.05151015000007],[-99.06920017799996,20.054715921000025],[-99.07094650999994,20.063978080000027],[-99.06963485899996,20.068110311000055],[-99.07118639899994,20.072464541000045],[-99.06972341899996,20.073946031000048],[-99.07153054899999,20.077033461000042],[-99.06614607899996,20.071962201000076],[-99.06372319899998,20.072440632000053],[-99.06043254899998,20.07031911100006],[-99.05038187899999,20.067986121000047],[-99.04215231899997,20.06834323100003],[-99.038066029,20.071610511000074],[-99.03421687899998,20.071813122000037],[-99.03394604899995,20.072352401000046],[-99.03394701899998,20.076994601000024],[-99.006715779,20.068037882000056],[-99.00428708899994,20.072474401000022],[-99.00272881899997,20.08288635100007],[-99.00442365999999,20.08402089200007],[-99.00796830899998,20.08207082100006],[-99.01006014899997,20.082106831000033],[-99.01373754899998,20.084724942000037],[-99.01605405899994,20.09685415100006],[-99.01435205899998,20.10435842100003],[-99.01418241999994,20.104667171000074],[-99.01170174999999,20.103853741000023],[-99.01138868899994,20.110606],[-99.00261528899995,20.10741223100007],[-98.99776417899994,20.109741151000037],[-99.00175877899994,20.110805921000065],[-99.001640679,20.111490451000066],[-99.00141957899996,20.112632090000034],[-99.00234239999997,20.112823201000026],[-99.00338644899995,20.113028651000036],[-99.00275010899998,20.11837345200007],[-99.00034019899994,20.118337822000058],[-98.99883328899995,20.12627866100007],[-98.99741022899997,20.125205261000076],[-98.99390245899997,20.126093971000046],[-98.98621047899996,20.12480891100006],[-98.98612481899994,20.12604754000006],[-98.98809053999997,20.128346661000023],[-99.01205705999996,20.137153401000035],[-99.00989004899998,20.13891620100003],[-99.00731281999998,20.147610341000075],[-98.99670313899998,20.160080281000035],[-98.98553274899996,20.15494138100007],[-98.98244154899999,20.155237751000072],[-98.97985485899994,20.15387560100004],[-98.97304605899996,20.15944354100003],[-98.97018333899996,20.165247141000066],[-98.97002153899996,20.170647892000034],[-98.97109631899997,20.171178431000044],[-98.96783131899997,20.17372454100007],[-98.96971645999997,20.17465518100005],[-98.97081961899994,20.177024911000046],[-98.97176230899998,20.18461471100005],[-98.96849314799994,20.187774911000076],[-98.96143268999998,20.18398472100006]]]]}},{"type":"Feature","properties":{"id":"13053","name":"San Bartolo Tutotepec","slug":"san-bartolo-tutotepec","regionId":"2","regionName":"Tulancingo"},"geometry":{"type":"MultiPolygon","coordinates":[[[[-98.10903627999994,20.615892031000044],[-98.10582736999999,20.61604649000003],[-98.10052487999997,20.614026890000048],[-98.09511204999995,20.609164091000025],[-98.09637865099995,20.604759200000046],[-98.09529057999998,20.60375017100006],[-98.09522965999997,20.599869230000024],[-98.08964226099994,20.590813981000053],[-98.08877953999996,20.590912721000052],[-98.09061781999998,20.58613555100004],[-98.09435240099998,20.584530311000037],[-98.09564790999997,20.580910221000067],[-98.09395111999999,20.574711551000064],[-98.07966528999998,20.572047311000063],[-98.07788650999998,20.565902341000026],[-98.07029714999999,20.56906857100006],[-98.07114431999997,20.56610934100007],[-98.06930982999995,20.56126368100007],[-98.06980121999999,20.560758371000077],[-98.07021490999995,20.560349401000053],[-98.06996374,20.557117541000025],[-98.07182267999997,20.55378526100003],[-98.06922581899994,20.548134971000025],[-98.07169102999995,20.544394521000072],[-98.07148925999996,20.541539201000035],[-98.06472130999998,20.534179782000024],[-98.06207425999997,20.533730890000072],[-98.06219339899997,20.531697621000035],[-98.06115545999995,20.53237672000006],[-98.05995443099994,20.529640941000025],[-98.05961364999996,20.53303948200005],[-98.05833534999994,20.532070231000034],[-98.05649065999995,20.532612481000058],[-98.05781663,20.53144306200005],[-98.05641607999996,20.528096051000034],[-98.05721508099998,20.523504151000054],[-98.05506825899994,20.51963223100006],[-98.04875711999995,20.514384521000068],[-98.04430567999998,20.508927741000036],[-98.04336641999998,20.50515578100004],[-98.04796600099996,20.502934201000073],[-98.04978085999994,20.503283401000033],[-98.05000797999998,20.50441683100007],[-98.05288731999997,20.50466092100004],[-98.05844750999995,20.499853581000025],[-98.06353040099998,20.50022928100003],[-98.07116145999998,20.497897351000063],[-98.07090202999996,20.502073521000057],[-98.07257465999999,20.503513351000038],[-98.07185793999997,20.50532657100007],[-98.07331145999996,20.507701741000062],[-98.07325290999995,20.511196631000075],[-98.07180451899995,20.51399932000004],[-98.07326304999998,20.514045631000045],[-98.07579227999997,20.510619851000058],[-98.07880350999994,20.51211980000005],[-98.08686876999997,20.511364121000042],[-98.09011568099999,20.507757281000067],[-98.08396711999995,20.503945351000027],[-98.08506916999994,20.492318881000074],[-98.09491842999995,20.486460631000057],[-98.09891181999996,20.490085401000044],[-98.10144464999996,20.489296081000077],[-98.10520948999994,20.483526851000022],[-98.09635805,20.47715712100006],[-98.09947557999999,20.475149542000054],[-98.10446764999995,20.47404929100003],[-98.10920125999996,20.47026020000004],[-98.11345719999997,20.468684051000025],[-98.12069448999995,20.459797551000065],[-98.12040916899997,20.45619735200006],[-98.11596365999998,20.45630605200006],[-98.11562094999994,20.449938941000028],[-98.10930896999997,20.442820571000027],[-98.11252394099995,20.442181601000073],[-98.11347514999994,20.439736481000068],[-98.13196022999995,20.429032521000067],[-98.13669111999997,20.430492021000077],[-98.14000422999999,20.426695891000065],[-98.14452823,20.42633957000004],[-98.14751091999995,20.422551541000075],[-98.15070705099998,20.421091691000072],[-98.14985357999996,20.41719560000007],[-98.15306162999997,20.416574680000053],[-98.15446162999996,20.41186902100003],[-98.15887204999996,20.408436711000036],[-98.16544450999999,20.408831021000026],[-98.16783037999994,20.413353141000073],[-98.17190871999998,20.411803881000026],[-98.17287437999994,20.413499711000043],[-98.17435290999998,20.413510632000055],[-98.17490661999994,20.41075592100003],[-98.17931162999997,20.40757951100005],[-98.18251677999996,20.408198681000044],[-98.18330984999994,20.40303649200007],[-98.18838565099998,20.40090846000004],[-98.19162049,20.39305378000006],[-98.19468124999997,20.391772221000053],[-98.19868842999995,20.387290911000036],[-98.20523693999996,20.38640808100007],[-98.20786176999997,20.38221105200006],[-98.21072211899997,20.38179617000003],[-98.21452172099998,20.384071911000035],[-98.21556191099995,20.381810061000067],[-98.21851581999994,20.38065289000008],[-98.21930271899998,20.37918329100006],[-98.22057814899995,20.382077951000042],[-98.22314882999996,20.382738821000032],[-98.22366873999994,20.383947681000052],[-98.22730834899994,20.385051661000034],[-98.22902110999996,20.384270740000034],[-98.23202467999994,20.385641951000025],[-98.23661748999996,20.383694951000052],[-98.23746873999994,20.38147654000005],[-98.24266006,20.378162861000078],[-98.24512230999994,20.37891692100004],[-98.24547562099997,20.380637571000022],[-98.25668467999998,20.38166140100003],[-98.26342681999995,20.372622250000063],[-98.27053853899997,20.36790460000003],[-98.27239162099994,20.368228771000076],[-98.27638,20.37519468100004],[-98.27680137999994,20.37340635100003],[-98.27956750999994,20.372436781000033],[-98.28057253999998,20.36948343100005],[-98.27942111999994,20.368380021000064],[-98.28043964999995,20.366963851000037],[-98.27853602999994,20.35885994100005],[-98.28025191999996,20.353400581000074],[-98.28648701999998,20.34455125100004],[-98.28918110999996,20.350189862000036],[-98.29040561999994,20.350566230000027],[-98.29037174999996,20.35318643100004],[-98.29149896999996,20.352196652000032],[-98.29285027999998,20.348430061000045],[-98.29145248999998,20.344767171000058],[-98.29198294999998,20.33996028100006],[-98.29033661999995,20.334430231000056],[-98.29204667999994,20.330761621000022],[-98.29560253899996,20.328891541000075],[-98.29738571999997,20.32906532100003],[-98.29817507999996,20.327217741000027],[-98.30256473999998,20.326437601000066],[-98.30465857899998,20.32459052100006],[-98.31099134999994,20.322446600000035],[-98.31995911999996,20.32531520200007],[-98.31996023699998,20.325316560000033],[-98.32323350999997,20.32929492100004],[-98.33409973999994,20.328885910000054],[-98.33336184999996,20.33263577100007],[-98.33447245099995,20.335173911000027],[-98.32880283099996,20.343014201000074],[-98.32699256999996,20.34813169100005],[-98.31837188999998,20.355298520000076],[-98.31474579899998,20.35558388100003],[-98.31383207999994,20.363684601000045],[-98.31383407799996,20.36368372000004],[-98.31493937999994,20.36319626100004],[-98.30683919899997,20.374210511000058],[-98.30618630899994,20.37660634100007],[-98.30738177999996,20.38083774100005],[-98.30453707899994,20.381857401000048],[-98.30357,20.386192421000032],[-98.29951030999996,20.392670060000057],[-98.29841414999999,20.40319708100003],[-98.29729288999994,20.40465037000007],[-98.29820776999998,20.408315741000024],[-98.30365810999996,20.415446601000042],[-98.30589685999996,20.416046151000046],[-98.30558402099996,20.418143050000026],[-98.30869067999998,20.418995921000032],[-98.30845437999994,20.42003137100005],[-98.31160036999995,20.424337281000078],[-98.31572456899994,20.425835431000053],[-98.31807196999995,20.430093170000077],[-98.31711728,20.432724721000056],[-98.31810931999996,20.435257680000063],[-98.31391381999998,20.439468631000068],[-98.31571257099995,20.445685111000046],[-98.31234881999995,20.447971952000046],[-98.31201612099994,20.44984689100005],[-98.30885710999996,20.44965348100004],[-98.30855496999999,20.45181720100004],[-98.30489142,20.45449694100006],[-98.30262793999998,20.45411082100003],[-98.30263047999995,20.455689421000045],[-98.29912944999995,20.45559011100005],[-98.29969239999997,20.458671311000046],[-98.29727326099999,20.46053857000004],[-98.29456807999998,20.460285030000023],[-98.29215011999997,20.46491245200008],[-98.28789835099997,20.464712950000035],[-98.28726587999995,20.466710971000055],[-98.28046356999994,20.469377051000038],[-98.28010274999997,20.472167581000065],[-98.27727180099998,20.472889891000023],[-98.27771091999995,20.474247860000048],[-98.27641811999996,20.475484080000058],[-98.27765172099998,20.477794801000073],[-98.27545891999995,20.47919894100005],[-98.27543862999994,20.481244821000075],[-98.27104424999999,20.481920821000074],[-98.26042025999999,20.495397371000024],[-98.25758369,20.49560548100004],[-98.25577373999994,20.499940122000055],[-98.24728928899998,20.50120258000004],[-98.24736434899995,20.503353481000033],[-98.24575839999994,20.504403711000066],[-98.24357128999998,20.503496921000078],[-98.24293274999997,20.501095091000025],[-98.24101905099997,20.50057378100007],[-98.23957265999996,20.50194429100003],[-98.23901921999999,20.504962540000065],[-98.23410279899997,20.506195051000077],[-98.23329948999998,20.50979454000003],[-98.23032234999994,20.51054134000003],[-98.23247973999997,20.514241370000036],[-98.22844837099996,20.521011220000048],[-98.22230508999996,20.52373151100005],[-98.21943857999997,20.52300652200006],[-98.21160088999994,20.528699851000056],[-98.21037234,20.526060851000068],[-98.20744081999999,20.527652121000074],[-98.20395806,20.52786412100005],[-98.20002610999995,20.52584606100004],[-98.19718007899996,20.526673121000044],[-98.19509030999996,20.525129551000077],[-98.19190932099997,20.525229181000043],[-98.18877208899994,20.523095691000037],[-98.18796759999998,20.52583706100006],[-98.18562182999995,20.527565631000073],[-98.18218814899996,20.52621049100003],[-98.18075287999994,20.528859461000025],[-98.17758668999994,20.527666861000057],[-98.17289370999998,20.529715630000055],[-98.16650836999997,20.53658302200006],[-98.16444636999995,20.541190571000072],[-98.15804301999998,20.542561281000076],[-98.15887759899994,20.54564503100005],[-98.15714456999996,20.54587065100003],[-98.15657137999995,20.547311251000053],[-98.15814905999997,20.550261801000033],[-98.15342397999996,20.55238408100007],[-98.15218324999995,20.554515511000034],[-98.15371824999994,20.565220831000033],[-98.14773642999995,20.562661801000047],[-98.14750034999997,20.565534281000055],[-98.14261814999998,20.56849495000006],[-98.14249561999998,20.570845201000054],[-98.13813476899998,20.574767681000026],[-98.13827528999997,20.57718132100007],[-98.13564288999999,20.579444651000074],[-98.13538981999994,20.581922941000073],[-98.13207490999997,20.581991541000036],[-98.13043142999999,20.58445400100004],[-98.13020081999997,20.584936380000045],[-98.13014428999998,20.585479921000058],[-98.13186905899994,20.58732763100005],[-98.13018797899997,20.59093125100003],[-98.12302847999996,20.585821751000026],[-98.12140048899994,20.586395571000025],[-98.12131881999994,20.588149181000063],[-98.12372688999994,20.592119971000045],[-98.11944647999997,20.592948911000065],[-98.11872357999994,20.594129311000074],[-98.12567119899995,20.595887262000076],[-98.12690596999994,20.597267201000022],[-98.12501114999998,20.59798457100004],[-98.12102597099994,20.59700072100003],[-98.11867045999998,20.59815597100004],[-98.11789727999997,20.60074940100003],[-98.11497674999998,20.600103861000036],[-98.11436627999996,20.603067771000042],[-98.11263304999994,20.60402502000005],[-98.11225391999994,20.607151351000027],[-98.10932139999994,20.60767134200006],[-98.10802824999996,20.612079771000026],[-98.11205549099998,20.61512926100005],[-98.11095563099997,20.616258060000064],[-98.10903627999994,20.615892031000044]]]]}},{"type":"Feature","properties":{"id":"13054","name":"San Salvador","slug":"san-salvador","regionId":"7","regionName":"Actopan"},"geometry":{"type":"MultiPolygon","coordinates":[[[[-99.14661873699998,20.40757112400007],[-99.13266079899995,20.405885171000023],[-99.12960331899995,20.407140311000035],[-99.11344567999998,20.39452471100003],[-99.11412625999998,20.38966017100006],[-99.11830096999995,20.38655588000006],[-99.12061768899997,20.382780371000024],[-99.11296011999997,20.380385770000032],[-99.11549407899997,20.37940714100006],[-99.11495865899997,20.375003050000032],[-99.11239241899995,20.372704510000062],[-99.11072916899997,20.37270471000005],[-99.10982142999995,20.370763380000028],[-99.10595965999994,20.370890821000046],[-99.10602136899996,20.369253781000054],[-99.10443022899995,20.369747310000037],[-99.10264083099997,20.368268381000064],[-99.101274489,20.359655170000053],[-99.09831248899997,20.35865674100006],[-99.09620571,20.351450800000066],[-99.09098150799997,20.34765826000006],[-99.08487119899996,20.35094237100003],[-99.06749388999998,20.351146450000044],[-99.05929146099999,20.356710150000026],[-99.04091103099995,20.35615],[-99.03614873999999,20.351952140000037],[-99.03191002899996,20.351777171000037],[-99.03076867899995,20.349137600000063],[-99.02886816999995,20.349141220000035],[-99.02878471999998,20.352504461000024],[-99.02731597899998,20.354045290000045],[-99.01627568899994,20.345879180000054],[-99.01164877099995,20.339824091000025],[-99.010754019,20.34202280100004],[-99.00860967899996,20.343087600000047],[-99.00122334899999,20.344406890000073],[-98.99434054999995,20.348064170000043],[-98.98185987999994,20.351723821000064],[-98.97309905799995,20.337844679000057],[-98.95869044899996,20.35243575000004],[-98.95062239999999,20.314099740000074],[-98.98879468299998,20.300159561000044],[-98.97618371999994,20.290793550000046],[-98.97641616899995,20.288505850000035],[-98.97791456999994,20.289015951000067],[-98.97829530899998,20.28250795100007],[-98.98176768899998,20.281971111000075],[-98.98048902099998,20.279070251000064],[-98.99170253899996,20.283588321000025],[-98.99344456999995,20.278629181000042],[-98.99191491,20.272901820000072],[-98.98823357999999,20.26893983100007],[-98.99299859799999,20.268140451000022],[-98.98764974899996,20.25844143000006],[-98.989406079,20.25432180100006],[-98.98746718099994,20.25428540100006],[-98.98682433899995,20.24983552200007],[-98.98479705099999,20.249602520000053],[-98.98395641899998,20.245787981000035],[-98.98498414299996,20.24493909200004],[-98.98498853899997,20.244935462000058],[-98.98363174999997,20.240968860000066],[-98.98534717899997,20.226328970000054],[-98.98118536899995,20.225962741000046],[-98.98058774999998,20.22423518100004],[-98.98001757799994,20.21757131100003],[-98.98120611999997,20.21752980100007],[-98.97845710899998,20.195949050000024],[-98.98066064899996,20.19362822000005],[-98.98990685999996,20.189931711000042],[-98.99707557899995,20.183977711000068],[-99.00132330899999,20.182535982000047],[-99.00183488899995,20.180901721000055],[-99.00888914799998,20.180842002000077],[-99.01151267899996,20.183115911000073],[-99.01448634899998,20.183533949000037],[-99.01272794,20.186199891000058],[-99.01549394899996,20.190229380000062],[-99.02601611899996,20.188503740000044],[-99.03060980799995,20.188823307000064],[-99.03061648899995,20.188823771000045],[-99.03649205899995,20.186842951000074],[-99.04024330899995,20.188708681000037],[-99.03544402999995,20.192033120000076],[-99.03560790999995,20.19361923100007],[-99.03378503099998,20.196135311000035],[-99.033883028,20.199451861000057],[-99.03751601999994,20.203369740000028],[-99.03149348899996,20.211690460000057],[-99.03095684899995,20.221203381000066],[-99.02837873899995,20.223435981000023],[-99.02703660299994,20.226783956000077],[-99.02680901999997,20.22735165100005],[-99.02680882999994,20.23133763100003],[-99.01753151899999,20.23443037000004],[-99.02152276899994,20.235927321000077],[-99.01879388899994,20.237243152000076],[-99.01812896899997,20.23969283100007],[-99.01289259799995,20.24228149100003],[-99.01338677999996,20.26440488000003],[-99.02520299899999,20.262200222000047],[-99.04959099899997,20.254605480000066],[-99.04959142599995,20.254606177000028],[-99.05118611099994,20.257217051000055],[-99.05617581899998,20.25266202100005],[-99.06140779999998,20.250537682000072],[-99.06525902999994,20.260504681000043],[-99.06256273899999,20.26616168000004],[-99.06326463,20.26770194000005],[-99.06483171899998,20.26710589100003],[-99.06602148999997,20.26883354100005],[-99.06586364999998,20.27481792100008],[-99.06731041999996,20.275920461000055],[-99.08061356999997,20.278076741000064],[-99.08107307999995,20.285511461000056],[-99.08418414899995,20.288894950000042],[-99.08462477999996,20.29310046100005],[-99.08761601999998,20.295165861000044],[-99.08886674999997,20.29845748100007],[-99.09270961899995,20.295675691000042],[-99.09278890899998,20.291419821000034],[-99.09622064899997,20.286363651000045],[-99.09755291,20.28894543100006],[-99.10245399899998,20.289359751000063],[-99.10707957899996,20.291410601000052],[-99.11158823099998,20.29082954100005],[-99.11424254899998,20.293088771000043],[-99.11780750799994,20.301079510000022],[-99.11876537999996,20.30955343000005],[-99.12522764999994,20.315701251000064],[-99.12112506099999,20.316461751000077],[-99.11877862899996,20.318569920000073],[-99.12312454999994,20.33487254100004],[-99.12488682999998,20.338835172000074],[-99.12707888999995,20.340854860000036],[-99.13503245899994,20.34441534000007],[-99.13629054999996,20.347625830000027],[-99.13790178099998,20.348086520000038],[-99.14048511899995,20.352601141000036],[-99.14320268799997,20.353258081000035],[-99.14495331899997,20.371413430000075],[-99.14873156899995,20.37666745100006],[-99.14849033999997,20.378247260000023],[-99.15118061899994,20.371752722000053],[-99.16184405899998,20.36997075100004],[-99.1632866,20.37053954000004],[-99.16398253999995,20.37609610900006],[-99.165401579,20.377527151000038],[-99.16451325099996,20.38355854100007],[-99.16046364999994,20.387190059000034],[-99.15564697799994,20.38905420100002],[-99.15844816799995,20.39283222100005],[-99.16704394899995,20.397139911000068],[-99.16343185899996,20.410721970000054],[-99.14661873699998,20.40757112400007]]]]}},{"type":"Feature","properties":{"id":"13055","name":"Santiago de Anaya","slug":"santiago-de-anaya","regionId":"7","regionName":"Actopan"},"geometry":{"type":"MultiPolygon","coordinates":[[[[-98.93906922799994,20.524266011000066],[-98.93815379999995,20.517102661000024],[-98.94115750899994,20.516735631000074],[-98.94266344899995,20.518628171000046],[-98.94824087999996,20.51907809100004],[-98.94816239899995,20.507781771000055],[-98.94719433899996,20.506092201000058],[-98.94876815099997,20.502687111000057],[-98.95034545999994,20.502509341000064],[-98.949696739,20.501080020000074],[-98.94752962999996,20.50092948100007],[-98.94897210899995,20.499140621000038],[-98.92525610899997,20.499205651000068],[-98.92259401899997,20.497327021000046],[-98.91534565899997,20.496794511000076],[-98.90836834899994,20.485805541000047],[-98.91181842999998,20.477116221000074],[-98.91059334899995,20.47416080100004],[-98.91046441999998,20.469233890000055],[-98.90445831999995,20.46900019900005],[-98.90241073999994,20.46738146100006],[-98.89720156899995,20.46671555100005],[-98.89376114999999,20.46206108000007],[-98.89663277999995,20.450503371000025],[-98.89277277999997,20.44433932000004],[-98.89942979999995,20.44481],[-98.903688489,20.443208490000075],[-98.90430784999995,20.441601890000072],[-98.90302581899994,20.438634910000076],[-98.90420951999994,20.436181030000057],[-98.90883813999994,20.432404062000046],[-98.91298765,20.426559800000064],[-98.91240437,20.419646570000054],[-98.909164649,20.413914171000044],[-98.90327945999996,20.411841351000078],[-98.90687876899995,20.40863845100006],[-98.90309528999995,20.40298566000007],[-98.90511474899995,20.395013800000072],[-98.90375825999996,20.39182377000003],[-98.90655423099997,20.388319460000048],[-98.90644740099998,20.385946690000026],[-98.90342319999996,20.38076054100003],[-98.90426494999997,20.38009966000004],[-98.90570882999998,20.38141802100006],[-98.91083742899997,20.38203769100005],[-98.91192727999999,20.381860079000035],[-98.91294641999997,20.381440631000032],[-98.91812610999995,20.373413911000057],[-98.91339108999995,20.366556481000032],[-98.91561751899997,20.365831231000072],[-98.91727773899999,20.366861690000064],[-98.91971893799996,20.362848429000053],[-98.91328717899995,20.363110249000044],[-98.91076377899998,20.360030382000048],[-98.90565032099994,20.348698910000053],[-98.90665574899998,20.34427672000004],[-98.90652419799994,20.343373849000045],[-98.90582951899995,20.341911340000024],[-98.90718608899994,20.337394850000067],[-98.91096865799994,20.337042120000035],[-98.91270070799999,20.33737603000003],[-98.91421311799996,20.33604512100004],[-98.91625482999996,20.33556757100007],[-98.92136711899997,20.338123091000057],[-98.92932977899994,20.337691921000044],[-98.93061977899998,20.335020459000077],[-98.93500879899995,20.331410340000048],[-98.93641598,20.32726315000008],[-98.94206284999996,20.326857571000062],[-98.94351090999999,20.34980949000004],[-98.94907102899998,20.35190926100006],[-98.95509722899999,20.356202980000035],[-98.95970814999998,20.357079541000076],[-98.95869044899996,20.35243575000004],[-98.97309905799995,20.337844679000057],[-98.98185987999994,20.351723821000064],[-98.99434054999995,20.348064170000043],[-99.00122334899999,20.344406890000073],[-99.00860967899996,20.343087600000047],[-99.010754019,20.34202280100004],[-99.01164877099995,20.339824091000025],[-99.01627568899994,20.345879180000054],[-99.02731597899998,20.354045290000045],[-99.02878471999998,20.352504461000024],[-99.02886816999995,20.349141220000035],[-99.03076867899995,20.349137600000063],[-99.03191002899996,20.351777171000037],[-99.03614873999999,20.351952140000037],[-99.04091103099995,20.35615],[-99.05896122999997,20.356758141000057],[-99.06124937099997,20.35620680100004],[-99.06749388999998,20.351146450000044],[-99.08487119899996,20.35094237100003],[-99.09098150799997,20.34765826000006],[-99.09302568899994,20.349301280000077],[-99.09394753999999,20.349419650000073],[-99.09620571,20.351450800000066],[-99.09831248899997,20.35865674100006],[-99.101274489,20.359655170000053],[-99.10253985999998,20.368062511000062],[-99.10395653999996,20.36880577000005],[-99.10297541999995,20.368669820000036],[-99.09701654999998,20.377187940000056],[-99.09612517999994,20.377049851000038],[-99.09616082899998,20.37892971100007],[-99.08646151899995,20.382477490000042],[-99.08552667899994,20.39143653900004],[-99.09036796999999,20.39481826100007],[-99.09145176899995,20.396759401000054],[-99.091057,20.399650420000057],[-99.08718011999997,20.400124081000058],[-99.07921169099995,20.407300460000044],[-99.08544665999995,20.414278581000076],[-99.09016030899994,20.41470688000004],[-99.09268494899999,20.417441260000032],[-99.09346597899997,20.416990381000062],[-99.09300634999994,20.41793148100004],[-99.09510468899998,20.420956140000044],[-99.09146287899995,20.42500835100003],[-99.09347061999995,20.425597921000076],[-99.09155924999999,20.429889141000046],[-99.09186237999995,20.434621399000036],[-99.09009390899996,20.43573648000006],[-99.08885848899996,20.43407583000004],[-99.08515950899994,20.435049649000064],[-99.08110211899998,20.430295220000062],[-99.08159456999994,20.427916940000046],[-99.077955079,20.422569862000046],[-99.07577448899997,20.421023180000077],[-99.07348808899997,20.42279431000003],[-99.07120601899999,20.418771880000065],[-99.07010693799998,20.419476750000058],[-99.06951981899994,20.41878158000003],[-99.06889177899996,20.418116980000036],[-99.06636268899996,20.418199350000066],[-99.06471822899994,20.41638406000004],[-99.05902173899995,20.41627223000006],[-99.04778328899994,20.41907346100004],[-99.04225913899995,20.42435086100005],[-99.04020919899995,20.42912929000005],[-99.04009294899998,20.434194450000064],[-99.03387570899997,20.441563580000036],[-99.03514034999995,20.442301660000055],[-99.03317067799998,20.443442851000043],[-99.03351668899995,20.450822860000073],[-99.02886779899995,20.458464221000042],[-99.02912561899996,20.460853800000052],[-99.02660170899998,20.467046740000058],[-99.02773551899998,20.448930450000034],[-99.01497722899995,20.44774375000003],[-99.00965562999994,20.449236491000022],[-98.99786367899998,20.456269660000032],[-98.99629021799996,20.458732310000073],[-98.99361308899995,20.468946420000066],[-98.99281621899996,20.46871303000006],[-98.99235982899995,20.467458289000035],[-98.98680868899999,20.480960121000066],[-98.98417051899997,20.48497653900006],[-98.98191361899995,20.487428231000024],[-98.97856725799994,20.490393201000074],[-98.97494742799995,20.49145272000004],[-98.96888767899998,20.489178631000073],[-98.96815899899997,20.49018386000006],[-98.968192849,20.490359401000035],[-98.97043354899995,20.494993571000066],[-98.96987965999995,20.497444321000046],[-98.97255411899994,20.508067862000075],[-98.97207737999997,20.51171331000006],[-98.96842771899998,20.512539890000028],[-98.96653330899994,20.514245541000037],[-98.96645281899998,20.518062170000064],[-98.96501163,20.521181111000033],[-98.96556916799994,20.526334580000025],[-98.960789649,20.525847601000066],[-98.95922656899995,20.522442631000047],[-98.95779108899995,20.52181225000004],[-98.94018708999994,20.529919171000074],[-98.93906922799994,20.524266011000066]]]]}},{"type":"Feature","properties":{"id":"13001","name":"Acatlán","slug":"acatlan","regionId":"2","regionName":"Tulancingo"},"geometry":{"type":"MultiPolygon","coordinates":[[[[-98.46895748999998,20.334765881000067],[-98.46629627999994,20.334296981000023],[-98.46208057999996,20.33121574000006],[-98.46038914999997,20.331449620000058],[-98.45854813899996,20.33365052000005],[-98.45751664899996,20.332011781000062],[-98.45188542999995,20.328992971000048],[-98.43965214899998,20.327301601000045],[-98.43254645899998,20.323189460000037],[-98.42707887999995,20.32656108900005],[-98.42623028999998,20.325306230000024],[-98.42582011999997,20.325501280000026],[-98.42666488999998,20.320193250000045],[-98.42564230999994,20.315325020000046],[-98.42087930999998,20.317023711000047],[-98.41734630999997,20.314299480000045],[-98.41515314999998,20.314041850000024],[-98.41140681999997,20.318229620000068],[-98.41195284999998,20.320686890000047],[-98.41055590999997,20.320716851000043],[-98.41025076999995,20.318709720000072],[-98.40934188999995,20.318517279000048],[-98.40805290999998,20.319256050000035],[-98.40904648999998,20.31972460000003],[-98.40908754999998,20.320123951000028],[-98.40758588999995,20.321838401000036],[-98.40416010999996,20.319451521000076],[-98.40341476999998,20.320295181000063],[-98.40440128999995,20.32073408100007],[-98.40092847999995,20.321444881000048],[-98.39984395,20.312068770000053],[-98.39812071999995,20.315628151000055],[-98.39744930999996,20.31460971100006],[-98.39484030999995,20.315736780000066],[-98.39790513999998,20.311215180000033],[-98.39759642999996,20.31100058000004],[-98.396655679,20.311212260000048],[-98.39658911999999,20.308864280000023],[-98.39358664899999,20.306075891000035],[-98.39349140399997,20.305606440000076],[-98.39339191999994,20.30511609100006],[-98.39461090999998,20.304764630000022],[-98.39291861999999,20.30071060100005],[-98.39961839999995,20.29593821800006],[-98.40246093999997,20.28980617900004],[-98.40671867999998,20.28841611000007],[-98.40881677999994,20.286542739000026],[-98.40982265999997,20.285321630000055],[-98.41142314999996,20.283195920000026],[-98.41161519999997,20.281335030000037],[-98.40975824999998,20.280992320000053],[-98.40859177099998,20.281235680000066],[-98.40611511999998,20.278819430000055],[-98.40391296999996,20.278758710000034],[-98.40784402999998,20.275994250000053],[-98.40479471999998,20.273736151000037],[-98.40707738099997,20.270971780000025],[-98.40760236799997,20.268240250000076],[-98.39814174099996,20.224963400000036],[-98.39364788999995,20.220076180000035],[-98.36445147799998,20.209009321000053],[-98.37514405999997,20.20894788100003],[-98.37519111899996,20.20523215000003],[-98.37238141799997,20.20506548000003],[-98.36739128899995,20.204763121000042],[-98.36765616899999,20.197458080000047],[-98.36929122999999,20.196611741000027],[-98.36850587999999,20.196062280000035],[-98.37246391999997,20.190821751000044],[-98.36994521999998,20.187744980000048],[-98.37015908999996,20.184840721000057],[-98.36864699899996,20.182120431000044],[-98.37092067899994,20.179534681000064],[-98.37483504999994,20.178922399000044],[-98.37452494899998,20.17694502100005],[-98.37795687999994,20.172249371000078],[-98.37927885,20.16258234000003],[-98.36939974999996,20.14061122000004],[-98.37220045899994,20.14035607900007],[-98.37593119899998,20.14183335100006],[-98.37742541899996,20.139474680000035],[-98.38040114999995,20.138426551000066],[-98.38565882899996,20.133866371000067],[-98.38519528899997,20.12627438000004],[-98.38965188999998,20.131551740000077],[-98.39748290899996,20.130281941000078],[-98.40438905899998,20.136298280000062],[-98.42242924899995,20.122022150000078],[-98.42132397999995,20.120038201000057],[-98.42557216899996,20.119499689000065],[-98.43245234899996,20.115852691000043],[-98.444046201,20.107533001000036],[-98.44861682899995,20.100362690000054],[-98.45358301999994,20.096408540000027],[-98.45397501899998,20.093698820000043],[-98.45913701899997,20.089976541000055],[-98.46029941899997,20.086451820000036],[-98.46416237999995,20.08511025000007],[-98.46718894099996,20.08128080000006],[-98.47507507899996,20.074782373000062],[-98.48123968999994,20.077560421000044],[-98.481117,20.079447861000062],[-98.49173996999997,20.086736080000037],[-98.49884147999995,20.08985455100003],[-98.49884959999997,20.094073002000073],[-98.50141188999999,20.09576571100007],[-98.50687177099996,20.097340622000047],[-98.51262742999995,20.097449621000067],[-98.51491124999995,20.09936705100006],[-98.51728295099997,20.099305980000054],[-98.51352490999994,20.105186509000077],[-98.51427617999997,20.10557743100003],[-98.50916551999995,20.109357970000076],[-98.50594925999997,20.10964917000007],[-98.50250741999997,20.112117],[-98.49948335,20.118966740000076],[-98.49857565899998,20.12679581900005],[-98.49805568999994,20.125963220000074],[-98.493739,20.126695120000022],[-98.49329745899996,20.133141230000035],[-98.49121837999996,20.133537120000028],[-98.49202141999996,20.141612200000054],[-98.49069054999995,20.142549720000034],[-98.48943713999995,20.14358732000005],[-98.48798127999999,20.146683220000057],[-98.48895633999996,20.147492380000074],[-98.48876476999999,20.150234350000062],[-98.488025,20.148375690000023],[-98.48656317999996,20.14931991000003],[-98.48479057999998,20.14854926000004],[-98.48252805999994,20.153640620000033],[-98.48141804899996,20.15239814000006],[-98.48034396899999,20.15273312000005],[-98.48007348899995,20.15902469100007],[-98.48583796999998,20.183990550000033],[-98.46145159999998,20.194343310000022],[-98.46410193999998,20.197269710000057],[-98.46952179999994,20.210374650000063],[-98.47597179999997,20.215354380000065],[-98.47846788899994,20.215937550000035],[-98.48029201999998,20.218827549000025],[-98.47839696999995,20.22266434000005],[-98.47934505999996,20.228947850000054],[-98.47290557999997,20.228346860000045],[-98.47154185999995,20.229263710000055],[-98.47058517899995,20.230971510000074],[-98.47112905999995,20.23298206000004],[-98.46826634999996,20.23269449000003],[-98.46994614999994,20.235331341000062],[-98.46934874999994,20.235807660000035],[-98.46919082999995,20.235747050000043],[-98.46488247999997,20.23405955000004],[-98.46860129099997,20.244090780000022],[-98.46657373999994,20.246189600000037],[-98.47115448999995,20.248177850000047],[-98.471776219,20.252183830000035],[-98.47481645,20.252052891000062],[-98.47509324999999,20.25338748000007],[-98.47715604999996,20.253731550000055],[-98.47949407899995,20.25651952000004],[-98.48163833999996,20.256348849000062],[-98.48229130999994,20.258618050000052],[-98.48451473999995,20.25988448000004],[-98.48482246099996,20.26243560000006],[-98.48686937999997,20.26308251000006],[-98.48869779999995,20.266666429000054],[-98.48396262899996,20.269834170000024],[-98.48604497999997,20.274232969000025],[-98.47953745999996,20.280132321000053],[-98.48210624999996,20.280447690000074],[-98.48220753899994,20.282090550000078],[-98.48793224999997,20.285111550000067],[-98.49094211,20.289767890000064],[-98.49040922999995,20.29180106000007],[-98.49341207999998,20.292926231000024],[-98.49845167999996,20.29708278000004],[-98.49732537999995,20.300752380000063],[-98.49756714899996,20.308993050000026],[-98.49444373999995,20.307899],[-98.49370913999996,20.313217180000038],[-98.49200762999999,20.315618680000057],[-98.48446262999994,20.32079465000004],[-98.47587584999997,20.321844980000037],[-98.476660601,20.324680340000043],[-98.47898813799998,20.324848461000045],[-98.47306159899995,20.331143850000046],[-98.46979896999994,20.33249815000005],[-98.46959788999999,20.33506871000003],[-98.46895748999998,20.334765881000067]]]]}},{"type":"Feature","properties":{"id":"13002","name":"Acaxochitlán","slug":"acaxochitlan","regionId":"2","regionName":"Tulancingo"},"geometry":{"type":"MultiPolygon","coordinates":[[[[-98.18345511999996,20.258372079000026],[-98.180299,20.25694628100007],[-98.18047887799997,20.25502601900007],[-98.17386037899996,20.252891060000024],[-98.17382996999999,20.250949751000064],[-98.17161072,20.25058294100006],[-98.16881173999997,20.24642526100007],[-98.16280491099997,20.240980771000068],[-98.16109765799996,20.236668751000025],[-98.15706192,20.238196550000055],[-98.14772630899995,20.226385401000073],[-98.14700522099997,20.220614030000036],[-98.15015008999995,20.221309951000023],[-98.15228284999995,20.218614220000063],[-98.15506244899996,20.21743297100005],[-98.15524473999994,20.21584032100003],[-98.15290437999994,20.21210855100003],[-98.15401151999998,20.20875249000005],[-98.15139822799995,20.207873050000046],[-98.14430690999995,20.201170491000028],[-98.14383513999996,20.199505310000063],[-98.13889654999997,20.19982888100003],[-98.13701122899994,20.19385740100006],[-98.13489136899994,20.190863680000064],[-98.129656,20.188803430000064],[-98.12795854999996,20.185941370000023],[-98.12752762899999,20.18246122100004],[-98.13026570999995,20.18036083000004],[-98.13030044999994,20.17896114100006],[-98.13178660099999,20.17858669000003],[-98.12980062999998,20.176642540000046],[-98.13165854999994,20.173219720000077],[-98.13150047999994,20.17092271000007],[-98.13270933999996,20.170178400000054],[-98.13217299899998,20.167122981000034],[-98.13051316999997,20.16642225000004],[-98.13315520099997,20.166201800000067],[-98.12972681999997,20.161483111000052],[-98.13355425999998,20.159475659000066],[-98.13260828999995,20.155032421000044],[-98.134786739,20.154639621000058],[-98.13674887999997,20.156635220000055],[-98.13811393999998,20.154588321000062],[-98.13980868899995,20.154790951000052],[-98.13958264899998,20.150141620000056],[-98.13620091799999,20.14698672000003],[-98.13352739899995,20.148107451000044],[-98.13296782999998,20.14950469000007],[-98.13149164999999,20.148270421000063],[-98.13110484899994,20.14883000100008],[-98.13088454899997,20.149095750000072],[-98.12945379799999,20.14825606100004],[-98.12555387899994,20.14867588100003],[-98.10507942899994,20.142279510000037],[-98.10231925999994,20.143846051000025],[-98.10233704899997,20.145809971000062],[-98.09883107899998,20.146579230000043],[-98.09808827999996,20.143735751000065],[-98.10314336899995,20.137151032000077],[-98.10363105999994,20.133864251000034],[-98.10329967999996,20.13327397200004],[-98.10181439899998,20.130895512000052],[-98.10155656999996,20.129729541000074],[-98.10209196999995,20.128609222000023],[-98.10319897999995,20.127741351000054],[-98.10439485899997,20.12674917100003],[-98.10478737899996,20.125200981000035],[-98.10591879899994,20.123135971000067],[-98.10846245999994,20.120803401000046],[-98.10947628999998,20.120567571000038],[-98.11292817899994,20.12173774100006],[-98.11658722999994,20.120086081000068],[-98.11973385899995,20.122807951000027],[-98.12088424899997,20.122486491000075],[-98.12191331999998,20.12463457100006],[-98.12460705899997,20.124069891000033],[-98.12389965899996,20.12122123100005],[-98.12810401699994,20.115498091000063],[-98.12700717999996,20.10989254200007],[-98.12827265999994,20.107202650000033],[-98.13157311899994,20.107542911000053],[-98.13388916799994,20.104615182000032],[-98.13853765899995,20.105061660000047],[-98.14031494899996,20.10377629000004],[-98.13990730999996,20.101807491000045],[-98.14229797899998,20.099926051000068],[-98.14244704899994,20.098441311000045],[-98.14361722899997,20.099169541000037],[-98.14576185999994,20.097342050000066],[-98.14914199799995,20.097979682000073],[-98.14946468799997,20.096788692000075],[-98.156709418,20.094942600000024],[-98.15923702999999,20.093052632000024],[-98.15887213999997,20.091746381000064],[-98.16027288999999,20.090176951000046],[-98.15707913899996,20.08612615100003],[-98.15774481999995,20.084197861000064],[-98.16106277899996,20.08542611100006],[-98.16398570999996,20.084479771000076],[-98.16477471999997,20.085688121000032],[-98.17241141799997,20.08431082000004],[-98.17431457999999,20.081478541000024],[-98.17824014999997,20.079482510000048],[-98.18096716999997,20.076462951000053],[-98.19079804999996,20.079153121000047],[-98.19471674899995,20.078772941000068],[-98.19699528999996,20.08187605100005],[-98.19708991899995,20.083107719000054],[-98.196754979,20.084136381000064],[-98.19987593899998,20.08403646200003],[-98.2065,20.080618482000034],[-98.21840159999994,20.07979423100005],[-98.22034808899997,20.070436511000025],[-98.23284808899996,20.071902151000074],[-98.23160797899999,20.081695310000043],[-98.24265310899995,20.08638858100005],[-98.24603096999994,20.08443415000005],[-98.25108542899994,20.08442112000006],[-98.26351087899997,20.07319582100007],[-98.26361250899998,20.076135091000026],[-98.26865971999996,20.081979311000055],[-98.27036310899996,20.08017595000007],[-98.26940956899995,20.075078920000067],[-98.27275433999995,20.076374291000036],[-98.27550039999994,20.07914878200006],[-98.27488210999996,20.083004080000023],[-98.27630477999998,20.086951491000036],[-98.27053587999995,20.09087346000007],[-98.26854577899996,20.089724750000073],[-98.26760690899994,20.091915911000058],[-98.26400366099995,20.094598400000052],[-98.26490244999997,20.094575450000036],[-98.264699,20.095031950000077],[-98.26059404899996,20.101509140000076],[-98.25599101899996,20.10068717200005],[-98.25456568899995,20.10247437000004],[-98.25514519899997,20.107613720000074],[-98.25315457899995,20.110712921000072],[-98.24748277999998,20.110592050000037],[-98.24665681899995,20.130995951000045],[-98.24839165999998,20.13252654000007],[-98.25062461899995,20.13775258000004],[-98.25245853999996,20.138679110000055],[-98.25227164999995,20.143433850000065],[-98.25603564899995,20.14712362000006],[-98.25680325999997,20.14958469100003],[-98.26174869,20.152251401000058],[-98.26403288899996,20.15510431000007],[-98.26830972,20.15581552200007],[-98.27218383099995,20.167785940000044],[-98.27562261799994,20.166587479000043],[-98.27688433799995,20.162757680000027],[-98.27776988999995,20.163009921000025],[-98.28238085099997,20.17643563100006],[-98.28782710899998,20.17408406000004],[-98.28885947999999,20.174622030000023],[-98.29031148899998,20.17813909000006],[-98.28388765899996,20.18209820100003],[-98.28711871899998,20.184686342000077],[-98.29070877999999,20.185003110000025],[-98.29118865899994,20.19091209100003],[-98.29266026,20.193367660000035],[-98.28888839899997,20.195595511000022],[-98.28765201999994,20.19413018000006],[-98.28495484899997,20.194582370000035],[-98.28043501999997,20.192093111000077],[-98.27398408,20.195173321000027],[-98.27222017999998,20.197248581000053],[-98.27707339799997,20.20319186100005],[-98.27654191899995,20.20486629000004],[-98.27359637999996,20.207164370000044],[-98.26986050999994,20.208474911000053],[-98.26677435,20.20749397000003],[-98.26586931999998,20.21033029000006],[-98.26124185899994,20.214475350000043],[-98.25325653999994,20.21815932000004],[-98.24328705999994,20.21821988100004],[-98.24126733999998,20.22193488000005],[-98.23560141999997,20.223817351000037],[-98.23476782999995,20.231759951000072],[-98.229138719,20.23661321900005],[-98.22138704999998,20.236503382000024],[-98.21676819899994,20.23812549200005],[-98.21296385999995,20.234291062000068],[-98.20829264899999,20.239364660000035],[-98.20937009099998,20.243944111000076],[-98.20632850899995,20.245448621000037],[-98.20480213899998,20.24502251000007],[-98.20459094999995,20.246641510000075],[-98.20344448999998,20.24634352000004],[-98.20253533999994,20.248385081000038],[-98.19962145899996,20.250062661000072],[-98.20052216999994,20.25056206100004],[-98.19783913999999,20.253975310000044],[-98.19536994999999,20.254286540000066],[-98.19239567899996,20.25821775000003],[-98.18540768899999,20.259295510000072],[-98.18345511999996,20.258372079000026]]]]}},{"type":"Feature","properties":{"id":"13003","name":"Actopan","slug":"actopan","regionId":"7","regionName":"Actopan"},"geometry":{"type":"MultiPolygon","coordinates":[[[[-98.90407927899997,20.43555665100007],[-98.90000764999996,20.43213035100007],[-98.89958648899994,20.42883652100005],[-98.88789150899999,20.42564094000005],[-98.88424619999995,20.420387951000066],[-98.88214613899999,20.421113481000077],[-98.88162107999995,20.419708650000075],[-98.87916559899998,20.420292570000072],[-98.87731904999998,20.41896666100007],[-98.87506731999997,20.420078459000024],[-98.86834457999998,20.419937850000053],[-98.867646,20.418341859000066],[-98.86539394,20.41748017900005],[-98.86153021899997,20.41871849000006],[-98.86077401999995,20.414450771000077],[-98.85409744799995,20.413566150000065],[-98.85179044899996,20.41088858100005],[-98.84991656899996,20.411615460000064],[-98.84973004799997,20.409292850000043],[-98.84725485899997,20.41000932000003],[-98.84631105899996,20.407824550000043],[-98.84338568899994,20.40657634100006],[-98.83772014899995,20.40846526100006],[-98.83407648899998,20.407655490000025],[-98.83183841999994,20.41091175100007],[-98.82778951999995,20.410905230000026],[-98.82884581999997,20.41267262100007],[-98.82772321899995,20.413927381000065],[-98.82435533999995,20.412761450000062],[-98.82221453999995,20.40901603100008],[-98.81938661899994,20.40712257000007],[-98.81972877899995,20.404215830000055],[-98.81741405999998,20.403478541000027],[-98.81790477799996,20.40080780100004],[-98.81566043099997,20.402435940000032],[-98.81526859799999,20.40004568100005],[-98.81451225999996,20.399259951000033],[-98.81373274999999,20.398891691000074],[-98.81368361999995,20.397886520000043],[-98.81356748999997,20.397225450000064],[-98.81586733899996,20.396823950000055],[-98.81520550899995,20.396235751000063],[-98.81438776899995,20.395684080000024],[-98.81427168,20.394986290000077],[-98.81462317099994,20.39436242000005],[-98.81688421899997,20.393777311000065],[-98.81543447999996,20.390330181000024],[-98.81594137899998,20.388228260000062],[-98.81341036999999,20.38626995100003],[-98.81448781999995,20.384657220000065],[-98.81127702899994,20.381867751000073],[-98.81350320099995,20.37954682000003],[-98.80978537999994,20.378618621000044],[-98.80943884899995,20.377914691000058],[-98.80952642999995,20.377309421000064],[-98.811091649,20.375724061000028],[-98.80375617799996,20.37107878000006],[-98.80398727899995,20.368626120000044],[-98.80275563099997,20.36806578100004],[-98.80169534899994,20.36753666100003],[-98.80145374899996,20.365674201000047],[-98.80202924899999,20.364901719000045],[-98.80298619799999,20.36467194000005],[-98.79919519999999,20.362225221000074],[-98.79977821899996,20.360447661000023],[-98.80349484999994,20.358541451000065],[-98.80424524899996,20.354575140000065],[-98.80792371999996,20.350028400000042],[-98.80613148999998,20.345973980000053],[-98.80402365799995,20.344684380000047],[-98.80356357899996,20.343487891000052],[-98.80445956899996,20.34218418100005],[-98.80592699899995,20.340374230000066],[-98.80557931899995,20.33589814100003],[-98.807707629,20.33189886100007],[-98.80852874899995,20.33119694900006],[-98.81056016999997,20.329370511000036],[-98.82036930899994,20.330034200000057],[-98.82044991899994,20.325650250000024],[-98.82410068899998,20.324719079000033],[-98.82213705999999,20.322186291000037],[-98.82165497899996,20.322114371000055],[-98.81989504799998,20.32172168900007],[-98.82023385999997,20.31837831000007],[-98.81715333899996,20.317240940000033],[-98.81661137999998,20.31553628100005],[-98.81401187799997,20.31383352100005],[-98.81455625899997,20.31112109000003],[-98.81436421899997,20.31058102000003],[-98.81362817099995,20.31027522100004],[-98.80808381899999,20.313473461000058],[-98.80717390999996,20.31084215100003],[-98.80665894899994,20.310875060000058],[-98.80541471899994,20.311944881000045],[-98.80330225899996,20.311524061000057],[-98.80300984899998,20.311525620000054],[-98.80292597,20.313751181000043],[-98.79980973999994,20.31327242900005],[-98.79819339999995,20.317277061000027],[-98.79461065899994,20.315932880000048],[-98.79514545999996,20.31742796900005],[-98.79352011999998,20.318794120000064],[-98.79273137899997,20.31569851100005],[-98.79000368899995,20.316101480000043],[-98.78938514999999,20.313897650000058],[-98.78658354999999,20.313837370000044],[-98.78629208899997,20.311613091000027],[-98.78571142399994,20.311616099000048],[-98.78403541899996,20.311624770000037],[-98.79789074999997,20.292178181000054],[-98.80358011899995,20.288929981000024],[-98.80505593899994,20.285811340000066],[-98.80674980099997,20.286509541000044],[-98.80897776899997,20.28536365100007],[-98.81046762899996,20.279671981000035],[-98.81420071999997,20.277464631000043],[-98.81492377799998,20.273122771000033],[-98.82040196999998,20.268603020000057],[-98.81742879999996,20.264673020000032],[-98.81821614899997,20.26208814000006],[-98.81476993899997,20.263445321000063],[-98.81284084899994,20.262630181000077],[-98.81320437899996,20.26082972000006],[-98.81125839999999,20.258733751000022],[-98.81160856899999,20.25802531100004],[-98.81140725999995,20.256920399000023],[-98.81037470999996,20.257412831000067],[-98.81020062899995,20.256814830000053],[-98.81227611899999,20.253196280000054],[-98.81130779999995,20.252344091000055],[-98.81294659999998,20.251504820000036],[-98.81271414999998,20.250222291000057],[-98.81246511999996,20.249525060000053],[-98.81331196899998,20.249251051000044],[-98.81433090999997,20.24939397000003],[-98.81466022899997,20.247740520000036],[-98.81916349099998,20.250875031000078],[-98.82301816799998,20.250190020000048],[-98.82658519999995,20.246954550000055],[-98.82965256899996,20.245781690000058],[-98.83567551899995,20.245845451000037],[-98.83770748899997,20.244522661000076],[-98.84609977899999,20.249065459000064],[-98.85135139899995,20.246058770000047],[-98.85477501999998,20.25210837000003],[-98.85712110999998,20.251996741000028],[-98.85771454899998,20.25502780100004],[-98.86037985899998,20.255025200000034],[-98.86162522899997,20.25790100100005],[-98.87246219699995,20.26267341600004],[-98.88081707999999,20.26394694000004],[-98.88047122899997,20.264966401000038],[-98.88216051999996,20.265852890000076],[-98.87899067899997,20.268014220000055],[-98.87022944999995,20.270465509000076],[-98.86990127999997,20.269405061000043],[-98.86928993999999,20.27039435000006],[-98.86941250999996,20.270662291000065],[-98.86617448899995,20.271571451000057],[-98.86561704899998,20.277965821000066],[-98.86597331999997,20.27821152100006],[-98.86707514899996,20.27888100100006],[-98.86699108999994,20.279758540000046],[-98.86771887899994,20.28328435000003],[-98.86910781899996,20.28433762000003],[-98.86763554999999,20.288935150000043],[-98.86487904999996,20.290619140000047],[-98.86333768999998,20.293272091000063],[-98.86462427899994,20.297753261000025],[-98.86496119999998,20.296398570000065],[-98.86735868899996,20.29719157100004],[-98.87757085899995,20.294109651000042],[-98.88722202999998,20.285319651000066],[-98.90401924999998,20.27634443100004],[-98.90433119899996,20.279574370000034],[-98.91228617999997,20.277460232000067],[-98.91558404899996,20.27764398000005],[-98.91410830999996,20.275950511000076],[-98.91492485899994,20.27347468000005],[-98.91414610799995,20.27018288900007],[-98.92065841999994,20.265483279000023],[-98.92719114999994,20.263927221000074],[-98.92716991999998,20.26248331000005],[-98.92960314899995,20.262130481000042],[-98.92888931899995,20.259525720000056],[-98.92553676999995,20.257166079000058],[-98.92750371899996,20.25318922100007],[-98.93026957999996,20.25368922000007],[-98.93402704999994,20.25187391000003],[-98.93510022999999,20.253202491000025],[-98.93813164899996,20.253089782000075],[-98.93950245799994,20.24615877100007],[-98.93861239999995,20.24379231100005],[-98.94022342899996,20.24277255000004],[-98.93972574999998,20.216908940000053],[-98.946534,20.20732411000006],[-98.94512721899997,20.202567599000076],[-98.94763467999996,20.202164200000027],[-98.94809419899997,20.20104334100006],[-98.94682870999998,20.19594003000003],[-98.94111413799999,20.191546],[-98.94387744899996,20.185018140000068],[-98.94666993899995,20.184150120000027],[-98.94925251899997,20.18481631000003],[-98.94669339899997,20.18214345100006],[-98.95395656399995,20.181864764000068],[-98.95429941899994,20.181851600000073],[-98.96143268999998,20.18398472100006],[-98.96931367899998,20.188454831000058],[-98.97901921899995,20.184764381000036],[-98.97909451899994,20.185968020000075],[-98.98057244899996,20.185120381000047],[-98.983555089,20.187494421000054],[-98.98803267899996,20.187224911000044],[-98.99090322899997,20.188880691000065],[-98.99028971899997,20.189696180000055],[-98.98066064899996,20.19362822000005],[-98.97848974999994,20.196931481000036],[-98.98120611999997,20.21752980100007],[-98.98001757799994,20.21757131100003],[-98.98058774999998,20.22423518100004],[-98.98118536899995,20.225962741000046],[-98.98534717899997,20.226328970000054],[-98.98363174999997,20.240968860000066],[-98.98498853899997,20.244935462000058],[-98.98498414199997,20.24493909200004],[-98.98395641899998,20.245787981000035],[-98.98479705099999,20.249602520000053],[-98.98682433899995,20.24983552300006],[-98.98746718099994,20.25428540100006],[-98.989406079,20.25432180100006],[-98.98764974899996,20.25844143000006],[-98.99299859799999,20.268140451000022],[-98.98823357899994,20.26893983100007],[-98.99191491,20.272901820000072],[-98.99344456999995,20.278629181000042],[-98.99170253899996,20.283588321000025],[-98.97999259899996,20.27940102200006],[-98.981767688,20.281971111000075],[-98.97829530899998,20.28250795100007],[-98.97791456999994,20.289015951000067],[-98.97641616899995,20.288505850000035],[-98.97618371899995,20.290793490000055],[-98.98879468299998,20.300159561000044],[-98.95062239999999,20.314099740000074],[-98.95970814999998,20.357079541000076],[-98.95509722899999,20.356202980000035],[-98.94907102899998,20.35190926100006],[-98.94351090999999,20.34980949000004],[-98.94206284999996,20.326857571000062],[-98.93641598,20.32726315000008],[-98.93500879899995,20.331410340000048],[-98.93061977899998,20.335020459000077],[-98.92932977899994,20.337691921000044],[-98.92136711899997,20.338123091000057],[-98.91625482999996,20.33556757100007],[-98.91421311799996,20.33604512100004],[-98.91270070799999,20.33737603000003],[-98.91096865799994,20.337042120000035],[-98.90718608899994,20.337394850000067],[-98.90582951899995,20.341911340000024],[-98.90652419799994,20.343373849000045],[-98.90665574899998,20.34427672000004],[-98.90565032099994,20.348698910000053],[-98.91076377899998,20.360030382000048],[-98.91328717899995,20.363110249000044],[-98.91971893799996,20.362848429000053],[-98.91727773899999,20.366861690000064],[-98.91561751899997,20.365831231000072],[-98.91339108999995,20.366556481000032],[-98.91812610999995,20.373413911000057],[-98.91294641999997,20.381440631000032],[-98.91192727999999,20.381860079000035],[-98.91083742899997,20.38203769100005],[-98.90570882999998,20.38141802100006],[-98.90426494999997,20.38009966000004],[-98.90342319999996,20.38076054100003],[-98.90644740099998,20.385946690000026],[-98.90655423099997,20.388319460000048],[-98.90375825999996,20.39182377000003],[-98.90511474899995,20.395013800000072],[-98.90309528999995,20.40298566000007],[-98.90687876899995,20.40863845100006],[-98.903589679,20.410649032000038],[-98.903321539,20.412040140000045],[-98.909164649,20.413914171000044],[-98.91233445899996,20.419420341000034],[-98.91311981899997,20.42489328000005],[-98.91250062999995,20.427451881000025],[-98.90883813999994,20.432404062000046],[-98.90407927899997,20.43555665100007]]]]}},{"type":"Feature","properties":{"id":"13065","name":"Tetepango","slug":"tetepango","regionId":"1","regionName":"Tula"},"geometry":{"type":"MultiPolygon","coordinates":[[[[-99.18166723099995,20.152239621000035],[-99.18016941699995,20.151073325000027],[-99.17981936999996,20.150800751000077],[-99.17663070899994,20.15126211100005],[-99.10398219899997,20.14136375100003],[-99.10415944999994,20.13914057100004],[-99.12569742899996,20.12357349000007],[-99.12512854899995,20.11856725100006],[-99.13400670999994,20.09426028000007],[-99.13624721899998,20.080563661000042],[-99.14023519899996,20.070490481000036],[-99.13622451899994,20.065217421000057],[-99.14814104899995,20.063418651000063],[-99.15287597899999,20.065020851000043],[-99.15476470899995,20.069806571000072],[-99.16338084899996,20.07543208100003],[-99.17308245999999,20.087964321000072],[-99.16963762099994,20.095501220000074],[-99.17516267999997,20.095242620000022],[-99.18173988999996,20.098100619000036],[-99.19005956999996,20.106951550000076],[-99.19025957999997,20.107522980000056],[-99.19050282999996,20.108426120000047],[-99.17512777999997,20.115607890000035],[-99.17486016999999,20.117110681000042],[-99.17062633999996,20.11984662900005],[-99.16665997999996,20.12642371100003],[-99.16605634999996,20.13129340000006],[-99.17029444999997,20.133696631000078],[-99.17296357999999,20.133235340000056],[-99.18405256899996,20.141007800000068],[-99.18402847999994,20.142821381000033],[-99.18534422899995,20.143851261000066],[-99.19313654899997,20.147633781000025],[-99.18896109099995,20.15146451100003],[-99.19122387999994,20.151929710000047],[-99.18960687999999,20.15522174000006],[-99.18539641899997,20.155196801000045],[-99.18166723099995,20.152239621000035]]]]}},{"type":"Feature","properties":{"id":"13070","name":"Tlahuelilpan","slug":"tlahuelilpan","regionId":"1","regionName":"Tula"},"geometry":{"type":"MultiPolygon","coordinates":[[[[-99.19568802999999,20.15554258000003],[-99.19004267999998,20.15424580100006],[-99.19122387999994,20.151929710000047],[-99.18896109099995,20.15146451100003],[-99.19313654899997,20.147633781000025],[-99.18534422899995,20.143851261000066],[-99.18402847999994,20.142821381000033],[-99.18405256899996,20.141007800000068],[-99.17296357999999,20.133235340000056],[-99.17029444999997,20.133696631000078],[-99.16614871999997,20.130584380000073],[-99.18836752599998,20.12270807400006],[-99.20554457099996,20.121036401000026],[-99.20513546499996,20.12018666700004],[-99.20440565399997,20.116808861000038],[-99.22255739499997,20.116561928000067],[-99.22232926299995,20.113026176000062],[-99.22686674599998,20.11253094400007],[-99.22704080699998,20.10861529600004],[-99.22874592999995,20.10894323200006],[-99.231647996,20.109090259000027],[-99.23372320399994,20.107727483000076],[-99.23547977299995,20.10678456100004],[-99.23553151599998,20.10773937400006],[-99.23584377299994,20.10829178700004],[-99.24669248399994,20.108603043000073],[-99.24563974799997,20.10597451600006],[-99.26093111899996,20.106290913000066],[-99.26316867399999,20.102401586000042],[-99.26431393299998,20.100410797000052],[-99.26965985899994,20.10073478000004],[-99.27522472199996,20.101042875000076],[-99.27523488399999,20.103848597000024],[-99.25037514999997,20.124106620000077],[-99.24214353899998,20.12773875000005],[-99.24094670899996,20.131025350000073],[-99.24266998099995,20.136046660000034],[-99.24204937999997,20.141826250000065],[-99.24132936999996,20.14322954100004],[-99.23511002899994,20.14496351100007],[-99.23284350799997,20.155377671000053],[-99.22401937899997,20.15714063000007],[-99.21353481799997,20.155762539000023],[-99.21157679999999,20.15933306000005],[-99.21134934999998,20.160222460000057],[-99.20900124999997,20.160500971000033],[-99.19568802999999,20.15554258000003]]]]}},{"type":"Feature","properties":{"id":"13074","name":"Tlaxcoapan","slug":"tlaxcoapan","regionId":"1","regionName":"Tula"},"geometry":{"type":"MultiPolygon","coordinates":[[[[-99.16969894999994,20.121529401000032],[-99.17486016999999,20.117110681000042],[-99.17512777999997,20.115607890000035],[-99.19050282999996,20.108426120000047],[-99.18663348999996,20.103087349000077],[-99.18256730999997,20.098733750000065],[-99.17839857999996,20.09640229000007],[-99.17892077999994,20.095882550000056],[-99.20320196999995,20.092934710000065],[-99.20025185999998,20.085919260000026],[-99.20564125999994,20.081174400000066],[-99.20741054999996,20.082656550000024],[-99.21918424799998,20.07958151300005],[-99.21941330899995,20.083017830000074],[-99.22402241799995,20.08130054000003],[-99.24048096799999,20.07890874000003],[-99.24133905899998,20.075774170000045],[-99.24386477099995,20.075667510000073],[-99.24289036999994,20.071960060000038],[-99.24384582999994,20.071856380000042],[-99.24467370999997,20.07177532000003],[-99.24348614999997,20.069101260000025],[-99.25497944999995,20.06526555100004],[-99.26070817899995,20.064394950000064],[-99.29134385099997,20.093624230000046],[-99.27523488299994,20.103848597000024],[-99.27522472199996,20.101042875000076],[-99.26965985899994,20.10073478000004],[-99.26431393299998,20.10041079800004],[-99.26316867399999,20.10240158700003],[-99.26093111899996,20.106290913000066],[-99.24563974799997,20.10597451600006],[-99.24669248399994,20.108603043000073],[-99.23584377199995,20.10829178700004],[-99.23553151599998,20.10773937400006],[-99.23547977199996,20.10678456100004],[-99.23372320299995,20.107727483000076],[-99.231647996,20.109090260000073],[-99.22874592899996,20.10894323200006],[-99.227040806,20.10861529600004],[-99.22686674599998,20.11253094400007],[-99.22232926199996,20.113026176000062],[-99.22255739499997,20.116561928000067],[-99.20440565399997,20.116808861000038],[-99.20554457099996,20.121036401000026],[-99.18836752599998,20.12270807400006],[-99.16614871999997,20.130584380000073],[-99.16665997999996,20.12642371100003],[-99.16969894999994,20.121529401000032]]]]}}]}